Date,YearKey,SP500,Dividend,Earnings,CPI,Rate10Y,CAPE,RealPrice,RealDiv,RealEarn,Payout,DivYield,PE,TRIndex,RealTRIndex
1871-01-01,1871,4.440000,0.260000,0.400000,12.460000,5.320000,,109.050000,6.390000,9.820000,0.650000,0.058559,11.100000,1.000000,1.000000
1871-02-01,1871,4.500000,0.260000,0.400000,12.840000,5.320000,,107.250000,6.200000,9.530000,0.650000,0.057778,11.250000,1.018393,0.988254
1871-03-01,1871,4.610000,0.260000,0.400000,13.030000,5.330000,,108.270000,6.110000,9.390000,0.650000,0.056399,11.525000,1.048191,1.002338
1871-04-01,1871,4.740000,0.260000,0.400000,12.560000,5.330000,,115.540000,6.340000,9.750000,0.650000,0.054852,11.850000,1.082676,1.074056
1871-05-01,1871,4.860000,0.260000,0.400000,12.270000,5.330000,,121.220000,6.480000,9.980000,0.650000,0.053498,12.150000,1.115034,1.132300
1871-06-01,1871,4.820000,0.260000,0.400000,12.080000,5.340000,,122.110000,6.590000,10.130000,0.650000,0.053942,12.050000,1.110828,1.145771
1871-07-01,1871,4.730000,0.260000,0.400000,12.080000,5.340000,,119.830000,6.590000,10.130000,0.650000,0.054968,11.825000,1.095080,1.129528
1871-08-01,1871,4.790000,0.260000,0.400000,11.890000,5.340000,,123.290000,6.690000,10.300000,0.650000,0.054280,11.975000,1.113987,1.167391
1871-09-01,1871,4.840000,0.260000,0.400000,12.180000,5.350000,,121.660000,6.540000,10.050000,0.650000,0.053719,12.100000,1.130654,1.156646
1871-10-01,1871,4.590000,0.260000,0.400000,12.370000,5.350000,,113.600000,6.430000,9.900000,0.650000,0.056645,11.475000,1.077314,1.085152
1871-11-01,1871,4.640000,0.260000,0.400000,12.370000,5.350000,,114.840000,6.430000,9.900000,0.650000,0.056034,11.600000,1.094135,1.102095
1871-12-01,1871,4.740000,0.260000,0.400000,12.650000,5.360000,,114.670000,6.290000,9.680000,0.650000,0.054852,11.850000,1.122825,1.105960
1872-01-01,1872,4.860000,0.263300,0.402500,12.650000,5.360000,,117.570000,6.370000,9.740000,0.654161,0.054177,12.074534,1.156383,1.139014
1872-02-01,1872,4.880000,0.266700,0.405000,12.650000,5.380000,,118.050000,6.450000,9.800000,0.658519,0.054652,12.049383,1.166362,1.148844
1872-03-01,1872,5.040000,0.270000,0.407500,12.840000,5.400000,,120.120000,6.430000,9.710000,0.662577,0.053571,12.368098,1.209916,1.174108
1872-04-01,1872,5.180000,0.273300,0.410000,13.130000,5.420000,,120.770000,6.370000,9.560000,0.666585,0.052761,12.634146,1.248926,1.185196
1872-05-01,1872,5.180000,0.276700,0.412500,13.130000,5.430000,,120.770000,6.450000,9.620000,0.670788,0.053417,12.557576,1.254417,1.190407
1872-06-01,1872,5.130000,0.280000,0.415000,13.030000,5.450000,,120.480000,6.580000,9.750000,0.674699,0.054581,12.361446,1.247893,1.193304
1872-07-01,1872,5.100000,0.283300,0.417500,12.840000,5.470000,,121.550000,6.750000,9.950000,0.678563,0.055549,12.215569,1.246271,1.209388
1872-08-01,1872,5.040000,0.286700,0.420000,12.940000,5.490000,,119.240000,6.780000,9.940000,0.682619,0.056885,12.000000,1.237378,1.191479
1872-09-01,1872,4.950000,0.290000,0.422500,13.030000,5.510000,,116.250000,6.810000,9.920000,0.686391,0.058586,11.715976,1.221148,1.167729
1872-10-01,1872,4.970000,0.293300,0.425000,12.750000,5.520000,,119.330000,7.040000,10.200000,0.690118,0.059014,11.694118,1.232044,1.204021
1872-11-01,1872,4.950000,0.296700,0.427500,13.130000,5.540000,,115.410000,6.920000,9.970000,0.694035,0.059939,11.578947,1.233145,1.170220
1872-12-01,1872,5.070000,0.300000,0.430000,12.940000,5.560000,,119.950000,7.100000,10.170000,0.697674,0.059172,11.790698,1.269199,1.222119
1873-01-01,1873,5.110000,0.302500,0.432500,12.940000,5.580000,,120.890000,7.160000,10.230000,0.699422,0.059198,11.815029,1.285470,1.237787
1873-02-01,1873,5.150000,0.305000,0.435000,13.230000,5.570000,,119.210000,7.060000,10.070000,0.701149,0.059223,11.839080,1.301874,1.226104
1873-03-01,1873,5.110000,0.307500,0.437500,13.230000,5.560000,,118.280000,7.120000,10.130000,0.702857,0.060176,11.680000,1.298188,1.222632
1873-04-01,1873,5.040000,0.310000,0.440000,13.230000,5.550000,,116.660000,7.180000,10.180000,0.704545,0.061508,11.454545,1.286914,1.212014
1873-05-01,1873,5.050000,0.312500,0.442500,12.940000,5.540000,,119.470000,7.390000,10.470000,0.706215,0.061881,11.412429,1.296064,1.247987
1873-06-01,1873,4.980000,0.315000,0.445000,12.560000,5.530000,,121.390000,7.680000,10.850000,0.707865,0.063253,11.191011,1.284782,1.274553
1873-07-01,1873,4.970000,0.317500,0.447500,12.560000,5.530000,,121.140000,7.740000,10.910000,0.709497,0.063883,11.106145,1.288975,1.278712
1873-08-01,1873,4.970000,0.320000,0.450000,12.560000,5.520000,,121.140000,7.800000,10.970000,0.711111,0.064386,11.044444,1.295837,1.285519
1873-09-01,1873,4.590000,0.322500,0.452500,12.560000,5.510000,,111.880000,7.860000,11.030000,0.712707,0.070261,10.143646,1.203711,1.194128
1873-10-01,1873,4.190000,0.325000,0.455000,12.270000,5.500000,,104.500000,8.110000,11.350000,0.714286,0.077566,9.208791,1.105861,1.122985
1873-11-01,1873,4.040000,0.327500,0.457500,11.890000,5.490000,,103.990000,8.430000,11.780000,0.715847,0.081064,8.830601,1.073419,1.124879
1873-12-01,1873,4.420000,0.330000,0.460000,12.180000,5.480000,,111.100000,8.300000,11.560000,0.717391,0.074661,9.608696,1.181636,1.208800
1874-01-01,1874,4.660000,0.330000,0.460000,12.370000,5.470000,,115.330000,8.170000,11.380000,0.717391,0.070815,10.130435,1.253149,1.262266
1874-02-01,1874,4.800000,0.330000,0.460000,12.370000,5.440000,,118.800000,8.170000,11.380000,0.717391,0.068750,10.434783,1.298192,1.307638
1874-03-01,1874,4.730000,0.330000,0.460000,12.370000,5.400000,,117.070000,8.170000,11.380000,0.717391,0.069767,10.282609,1.286698,1.296060
1874-04-01,1874,4.600000,0.330000,0.460000,12.180000,5.370000,,115.630000,8.300000,11.560000,0.717391,0.071739,10.000000,1.258815,1.287753
1874-05-01,1874,4.480000,0.330000,0.460000,12.080000,5.340000,,113.500000,8.360000,11.650000,0.717391,0.073661,9.739130,1.233502,1.272304
1874-06-01,1874,4.460000,0.330000,0.460000,11.800000,5.300000,,115.720000,8.560000,11.940000,0.717391,0.073991,9.695652,1.235567,1.304675
1874-07-01,1874,4.460000,0.330000,0.460000,11.890000,5.270000,,114.800000,8.490000,11.840000,0.717391,0.073991,9.695652,1.243185,1.302783
1874-08-01,1874,4.470000,0.330000,0.460000,11.800000,5.240000,,115.980000,8.560000,11.940000,0.717391,0.073826,9.717391,1.253638,1.323757
1874-09-01,1874,4.540000,0.330000,0.460000,11.800000,5.200000,,117.800000,8.560000,11.940000,0.717391,0.072687,9.869565,1.280983,1.352631
1874-10-01,1874,4.530000,0.330000,0.460000,11.610000,5.170000,,119.470000,8.700000,12.130000,0.717391,0.072848,9.847826,1.285920,1.380066
1874-11-01,1874,4.570000,0.330000,0.460000,11.510000,5.140000,,121.520000,8.770000,12.230000,0.717391,0.072210,9.934783,1.305081,1.412799
1874-12-01,1874,4.540000,0.330000,0.460000,11.510000,5.100000,,120.720000,8.770000,12.230000,0.717391,0.072687,9.869565,1.304367,1.412026
1875-01-01,1875,4.540000,0.327500,0.451700,11.510000,5.070000,,120.720000,8.710000,12.010000,0.725039,0.072137,10.050919,1.312268,1.420579
1875-02-01,1875,4.530000,0.325000,0.443300,11.510000,5.030000,,120.460000,8.640000,11.790000,0.733138,0.071744,10.218813,1.317266,1.425989
1875-03-01,1875,4.590000,0.322500,0.435000,11.510000,4.990000,,122.050000,8.580000,11.570000,0.741379,0.070261,10.551724,1.342589,1.453402
1875-04-01,1875,4.650000,0.320000,0.426700,11.610000,4.950000,,122.630000,8.440000,11.250000,0.749941,0.068817,10.897586,1.368000,1.468155
1875-05-01,1875,4.470000,0.317500,0.418300,11.320000,4.910000,,120.860000,8.580000,11.310000,0.759025,0.071029,10.686110,1.322891,1.456115
1875-06-01,1875,4.380000,0.315000,0.410000,11.130000,4.870000,,120.450000,8.660000,11.270000,0.768293,0.071918,10.682927,1.304086,1.459920
1875-07-01,1875,4.390000,0.312500,0.401700,11.130000,4.830000,,120.720000,8.590000,11.050000,0.777944,0.071185,10.928554,1.314878,1.472002
1875-08-01,1875,4.410000,0.310000,0.393300,11.230000,4.790000,,120.250000,8.450000,10.720000,0.788202,0.070295,11.212815,1.328669,1.474195
1875-09-01,1875,4.370000,0.307500,0.385000,11.130000,4.750000,,120.170000,8.460000,10.590000,0.798701,0.070366,11.350649,1.324401,1.482662
1875-10-01,1875,4.300000,0.305000,0.376700,11.130000,4.710000,,118.250000,8.390000,10.360000,0.809663,0.070930,11.414919,1.310952,1.467607
1875-11-01,1875,4.370000,0.302500,0.368300,11.040000,4.670000,,121.210000,8.390000,10.220000,0.821341,0.069222,11.865327,1.340042,1.512402
1875-12-01,1875,4.370000,0.300000,0.360000,10.940000,4.630000,,122.260000,8.390000,10.070000,0.833333,0.068650,12.138889,1.347772,1.535031
1876-01-01,1876,4.460000,0.300000,0.353300,10.850000,4.590000,,125.880000,8.470000,9.970000,0.849137,0.067265,12.623832,1.383240,1.588494
1876-02-01,1876,4.520000,0.300000,0.346700,10.850000,4.580000,,127.570000,8.470000,9.790000,0.865301,0.066372,13.037208,1.409602,1.618768
1876-03-01,1876,4.510000,0.300000,0.340000,10.850000,4.570000,,127.290000,8.470000,9.600000,0.882353,0.066519,13.264706,1.414280,1.624140
1876-04-01,1876,4.340000,0.300000,0.333300,10.750000,4.560000,,123.570000,8.540000,9.490000,0.900090,0.069124,13.021302,1.368809,1.586546
1876-05-01,1876,4.180000,0.300000,0.326700,10.370000,4.540000,,123.380000,8.860000,9.640000,0.918274,0.071770,12.794613,1.326231,1.593524
1876-06-01,1876,4.150000,0.300000,0.320000,10.090000,4.530000,,125.970000,9.110000,9.710000,0.937500,0.072289,12.968750,1.324645,1.635785
1876-07-01,1876,4.100000,0.300000,0.313300,10.090000,4.520000,,124.450000,9.110000,9.510000,0.957549,0.073171,13.086499,1.316665,1.625931
1876-08-01,1876,3.930000,0.300000,0.306700,10.180000,4.510000,,118.170000,9.020000,9.220000,0.978155,0.076336,12.813825,1.270100,1.554563
1876-09-01,1876,3.690000,0.300000,0.300000,10.280000,4.500000,,109.930000,8.940000,8.940000,1.000000,0.081301,12.300000,1.200616,1.455222
1876-10-01,1876,3.670000,0.300000,0.293300,10.470000,4.490000,,107.350000,8.770000,8.580000,1.022844,0.081744,12.512786,1.202243,1.430750
1876-11-01,1876,3.600000,0.300000,0.286700,10.560000,4.470000,,104.350000,8.700000,8.310000,1.046390,0.083333,12.556679,1.187502,1.401162
1876-12-01,1876,3.580000,0.300000,0.280000,10.750000,4.460000,,101.930000,8.540000,7.970000,1.071429,0.083799,12.785714,1.189151,1.378309
1877-01-01,1877,3.550000,0.290800,0.281700,10.940000,4.450000,,99.320000,8.140000,7.880000,1.032304,0.081915,12.602059,1.187490,1.352480
1877-02-01,1877,3.340000,0.281700,0.283300,10.660000,4.440000,,95.950000,8.090000,8.140000,0.994352,0.084341,11.789622,1.125350,1.315372
1877-03-01,1877,3.170000,0.272500,0.285000,10.180000,4.430000,,95.320000,8.190000,8.570000,0.956140,0.085962,11.122807,1.075982,1.316968
1877-04-01,1877,2.940000,0.263300,0.286700,10.470000,4.420000,,85.990000,7.700000,8.390000,0.918382,0.089558,10.254622,1.005621,1.196757
1877-05-01,1877,2.940000,0.254200,0.288300,10.660000,4.410000,,84.460000,7.300000,8.280000,0.881720,0.086463,10.197711,1.013126,1.184198
1877-06-01,1877,2.730000,0.245000,0.290000,10.090000,4.400000,,82.870000,7.440000,8.800000,0.844828,0.089744,9.413793,0.948060,1.170746
1877-07-01,1877,2.850000,0.235800,0.291700,10.180000,4.390000,,85.700000,7.090000,8.770000,0.808365,0.082737,9.770312,0.996823,1.220080
1877-08-01,1877,3.050000,0.226700,0.293300,9.800000,4.390000,,95.270000,7.080000,9.160000,0.772929,0.074328,10.398909,1.073649,1.365067
1877-09-01,1877,3.240000,0.217500,0.295000,9.700000,4.380000,,102.200000,6.860000,9.310000,0.737288,0.067130,10.983051,1.147182,1.473596
1877-10-01,1877,3.310000,0.208300,0.296700,9.700000,4.370000,,104.410000,6.570000,9.360000,0.702056,0.062931,11.156050,1.178384,1.513677
1877-11-01,1877,3.260000,0.199200,0.298300,9.510000,4.360000,,104.890000,6.410000,9.600000,0.667784,0.061104,10.928595,1.166763,1.528693
1877-12-01,1877,3.250000,0.190000,0.300000,9.510000,4.350000,,104.570000,6.110000,9.650000,0.633333,0.058462,10.833333,1.169126,1.531788
1878-01-01,1878,3.250000,0.189200,0.300800,9.230000,4.340000,,107.800000,6.280000,9.980000,0.628989,0.058215,10.804521,1.174821,1.585945
1878-02-01,1878,3.180000,0.188300,0.301700,9.130000,4.330000,,106.580000,6.310000,10.110000,0.624130,0.059214,10.540272,1.155217,1.576561
1878-03-01,1878,3.240000,0.187500,0.302500,8.940000,4.320000,,110.900000,6.420000,10.350000,0.619835,0.057870,10.710744,1.182714,1.648391
1878-04-01,1878,3.330000,0.186700,0.303300,8.850000,4.310000,,115.210000,6.460000,10.490000,0.615562,0.056066,10.979228,1.221271,1.719439
1878-05-01,1878,3.340000,0.185800,0.304200,8.560000,4.300000,,119.400000,6.640000,10.880000,0.610782,0.055629,10.979619,1.230644,1.791335
1878-06-01,1878,3.410000,0.185000,0.305000,8.370000,4.290000,,124.680000,6.760000,11.150000,0.606557,0.054252,11.180328,1.262141,1.878886
1878-07-01,1878,3.480000,0.184200,0.305800,8.470000,4.280000,,125.810000,6.660000,11.060000,0.602354,0.052931,11.379987,1.293756,1.903211
1878-08-01,1878,3.450000,0.183300,0.306700,8.560000,4.270000,,123.340000,6.550000,10.960000,0.597652,0.053130,11.248777,1.288310,1.875273
1878-09-01,1878,3.520000,0.182500,0.307500,8.560000,4.260000,,125.840000,6.520000,10.990000,0.593496,0.051847,11.447154,1.320153,1.921625
1878-10-01,1878,3.480000,0.181700,0.308300,8.470000,4.250000,,125.810000,6.570000,11.150000,0.589361,0.052213,11.287707,1.310855,1.928366
1878-11-01,1878,3.470000,0.180800,0.309200,8.370000,4.240000,,126.870000,6.610000,11.300000,0.584735,0.052104,11.222510,1.312792,1.954288
1878-12-01,1878,3.450000,0.180000,0.310000,8.180000,4.230000,,129.070000,6.730000,11.600000,0.580645,0.052174,11.129032,1.310926,1.996838
1879-01-01,1879,3.580000,0.181700,0.315800,8.280000,4.220000,,132.400000,6.720000,11.680000,0.575364,0.050754,11.336289,1.366023,2.055633
1879-02-01,1879,3.710000,0.183300,0.321700,8.370000,4.200000,,135.640000,6.700000,11.760000,0.569786,0.049407,11.532484,1.421404,2.115974
1879-03-01,1879,3.650000,0.185000,0.327500,8.280000,4.190000,,134.990000,6.840000,12.110000,0.564885,0.050685,11.145038,1.404269,2.113187
1879-04-01,1879,3.770000,0.186700,0.333300,8.180000,4.170000,,141.040000,6.980000,12.470000,0.560156,0.049523,11.311131,1.456368,2.218380
1879-05-01,1879,3.940000,0.188300,0.339200,8.180000,4.150000,,147.400000,7.040000,12.690000,0.555130,0.047792,11.615566,1.528050,2.327568
1879-06-01,1879,3.960000,0.190000,0.345000,8.090000,4.140000,,149.900000,7.190000,13.060000,0.550725,0.047980,11.478261,1.541892,2.374781
1879-07-01,1879,4.040000,0.191700,0.350800,8.180000,4.120000,,151.150000,7.170000,13.120000,0.546465,0.047450,11.516534,1.579207,2.405491
1879-08-01,1879,4.070000,0.193300,0.356700,8.180000,4.100000,,152.270000,7.230000,13.350000,0.541912,0.047494,11.410149,1.597178,2.432865
1879-09-01,1879,4.220000,0.195000,0.362500,8.470000,4.090000,,152.560000,7.050000,13.100000,0.537931,0.046209,11.641379,1.662363,2.445460
1879-10-01,1879,4.680000,0.196700,0.368300,8.940000,4.070000,,160.190000,6.730000,12.610000,0.534075,0.042030,12.707032,1.849970,2.578370
1879-11-01,1879,4.930000,0.198300,0.374200,9.420000,4.050000,,160.220000,6.440000,12.160000,0.529931,0.040223,13.174773,1.955273,2.586274
1879-12-01,1879,4.920000,0.200000,0.380000,9.700000,4.040000,,155.200000,6.310000,11.990000,0.526316,0.040650,12.947368,1.957861,2.514943
1880-01-01,1880,5.110000,0.205000,0.389200,9.990000,4.020000,,156.580000,6.280000,11.930000,0.526721,0.040117,13.129496,2.040102,2.544511
1880-02-01,1880,5.200000,0.210000,0.398300,9.990000,3.990000,,159.340000,6.430000,12.200000,0.527241,0.040385,13.055486,2.082853,2.597833
1880-03-01,1880,5.300000,0.215000,0.407500,10.090000,3.970000,,160.870000,6.530000,12.370000,0.527607,0.040566,13.006135,2.129918,2.630205
1880-04-01,1880,5.180000,0.220000,0.416700,9.700000,3.940000,,163.400000,6.940000,13.140000,0.527958,0.042471,12.431006,2.088893,2.683259
1880-05-01,1880,4.770000,0.225000,0.425800,9.420000,3.910000,,155.020000,7.310000,13.840000,0.528417,0.047170,11.202442,1.930949,2.554101
1880-06-01,1880,4.790000,0.230000,0.435000,9.230000,3.890000,,158.880000,7.630000,14.430000,0.528736,0.048017,11.011494,1.946636,2.627853
1880-07-01,1880,5.010000,0.235000,0.444200,9.230000,3.860000,,166.180000,7.790000,14.730000,0.529041,0.046906,11.278703,2.043832,2.759063
1880-08-01,1880,5.190000,0.240000,0.453300,9.230000,3.830000,,172.150000,7.960000,15.040000,0.529451,0.046243,11.449371,2.125252,2.868975
1880-09-01,1880,5.180000,0.245000,0.462500,9.320000,3.810000,,170.070000,8.040000,15.180000,0.529730,0.047297,11.200000,2.129347,2.846745
1880-10-01,1880,5.330000,0.250000,0.471700,9.320000,3.780000,,174.990000,8.210000,15.490000,0.529998,0.046904,11.299555,2.199400,2.940400
1880-11-01,1880,5.610000,0.255000,0.480800,9.420000,3.750000,,182.320000,8.290000,15.630000,0.530366,0.045455,11.668053,2.323538,3.073384
1880-12-01,1880,5.840000,0.260000,0.490000,9.510000,3.730000,,187.900000,8.370000,15.770000,0.530612,0.044521,11.918367,2.427600,3.180641
1881-01-01,1881,6.190000,0.265000,0.485800,9.420000,3.700000,18.470000,201.170000,8.610000,15.790000,0.545492,0.042811,12.741869,2.582096,3.415384
1881-02-01,1881,6.170000,0.270000,0.481700,9.510000,3.690000,18.150000,198.520000,8.690000,15.500000,0.560515,0.043760,12.808802,2.582965,3.384201
1881-03-01,1881,6.240000,0.275000,0.477500,9.510000,3.690000,18.270000,200.770000,8.850000,15.360000,0.575916,0.044071,13.068063,2.621689,3.434936
1881-04-01,1881,6.220000,0.280000,0.473300,9.610000,3.680000,17.950000,198.150000,8.920000,15.080000,0.591591,0.045016,13.141771,2.622914,3.400782
1881-05-01,1881,6.500000,0.285000,0.469200,9.510000,3.670000,18.870000,209.130000,9.170000,15.100000,0.607417,0.043846,13.853367,2.750827,3.604133
1881-06-01,1881,6.580000,0.290000,0.465000,9.510000,3.670000,19.030000,211.710000,9.330000,14.960000,0.623656,0.044073,14.150538,2.794734,3.661661
1881-07-01,1881,6.350000,0.295000,0.460800,9.610000,3.660000,18.120000,202.290000,9.400000,14.680000,0.640191,0.046457,13.780382,2.707311,3.510207
1881-08-01,1881,6.200000,0.300000,0.456700,9.800000,3.650000,17.290000,193.670000,9.370000,14.270000,0.656886,0.048387,13.575651,2.653839,3.374167
1881-09-01,1881,6.250000,0.305000,0.452500,10.180000,3.650000,16.720000,187.940000,9.170000,13.610000,0.674033,0.048800,13.812155,2.685942,3.287509
1881-10-01,1881,6.150000,0.310000,0.448300,10.280000,3.640000,16.260000,183.220000,9.240000,13.360000,0.691501,0.050407,13.718492,2.653890,3.216680
1881-11-01,1881,6.190000,0.315000,0.444200,10.180000,3.630000,16.480000,186.130000,9.470000,13.360000,0.709140,0.050889,13.935164,2.682299,3.283050
1881-12-01,1881,6.010000,0.320000,0.440000,10.180000,3.630000,15.960000,180.720000,9.620000,13.230000,0.727273,0.053245,13.659091,2.615675,3.201504
1882-01-01,1882,5.920000,0.320000,0.439200,10.180000,3.620000,15.680000,178.010000,9.620000,13.210000,0.728597,0.054054,13.479053,2.588111,3.167766
1882-02-01,1882,5.790000,0.320000,0.438300,10.280000,3.620000,15.150000,172.490000,9.530000,13.060000,0.730094,0.055268,13.210130,2.542935,3.082196
1882-03-01,1882,5.780000,0.320000,0.437500,10.280000,3.620000,15.090000,172.190000,9.530000,13.030000,0.731429,0.055363,13.211429,2.550255,3.091068
1882-04-01,1882,5.780000,0.320000,0.436700,10.370000,3.620000,14.920000,170.610000,9.450000,12.890000,0.732768,0.055363,13.235631,2.562021,3.078378
1882-05-01,1882,5.710000,0.320000,0.435800,10.470000,3.620000,14.570000,167.020000,9.360000,12.750000,0.734282,0.056042,13.102341,2.542813,3.026118
1882-06-01,1882,5.680000,0.320000,0.435000,10.560000,3.620000,14.330000,164.640000,9.280000,12.610000,0.735632,0.056338,13.057471,2.541329,2.998576
1882-07-01,1882,6.000000,0.320000,0.434200,10.470000,3.620000,15.240000,175.500000,9.360000,12.700000,0.736988,0.053333,13.818517,2.696434,3.208936
1882-08-01,1882,6.180000,0.320000,0.433300,10.560000,3.630000,15.530000,179.130000,9.280000,12.560000,0.738518,0.051780,14.262636,2.789311,3.291175
1882-09-01,1882,6.240000,0.320000,0.432500,10.280000,3.630000,16.080000,185.900000,9.530000,12.880000,0.739884,0.051282,14.427746,2.828427,3.428230
1882-10-01,1882,6.070000,0.320000,0.431700,10.180000,3.630000,15.760000,182.520000,9.620000,12.980000,0.741256,0.052718,14.060690,2.763458,3.382386
1882-11-01,1882,5.810000,0.320000,0.430800,10.090000,3.630000,15.190000,176.350000,9.710000,13.080000,0.742804,0.055077,13.486537,2.657230,3.281376
1882-12-01,1882,5.840000,0.320000,0.430000,9.990000,3.630000,15.380000,178.950000,9.810000,13.180000,0.744186,0.054795,13.581395,2.683146,3.346547
1883-01-01,1883,5.810000,0.320800,0.427500,9.990000,3.630000,15.270000,178.030000,9.830000,13.100000,0.750409,0.055215,13.590643,2.681615,3.344637
1883-02-01,1883,5.680000,0.321700,0.425000,10.090000,3.630000,14.760000,172.410000,9.760000,12.900000,0.756941,0.056637,13.364706,2.633952,3.252631
1883-03-01,1883,5.750000,0.322500,0.422500,9.990000,3.630000,15.050000,176.190000,9.880000,12.950000,0.763314,0.056087,13.609467,2.678844,3.341181
1883-04-01,1883,5.870000,0.323300,0.420000,9.900000,3.630000,15.480000,181.600000,10.000000,12.990000,0.769762,0.055077,13.976190,2.747271,3.457677
1883-05-01,1883,5.770000,0.324200,0.417500,9.800000,3.630000,15.340000,180.240000,10.130000,13.040000,0.776527,0.056187,13.820359,2.713079,3.449486
1883-06-01,1883,5.820000,0.325000,0.415000,9.510000,3.630000,15.900000,187.260000,10.460000,13.350000,0.783133,0.055842,14.024096,2.749292,3.602122
1883-07-01,1883,5.730000,0.325800,0.412500,9.320000,3.620000,15.950000,188.120000,10.700000,13.540000,0.789818,0.056859,13.890909,2.719571,3.635822
1883-08-01,1883,5.470000,0.326700,0.410000,9.320000,3.620000,15.200000,179.590000,10.730000,13.460000,0.796829,0.059726,13.341463,2.609056,3.488073
1883-09-01,1883,5.530000,0.327500,0.407500,9.230000,3.620000,15.490000,183.430000,10.860000,13.520000,0.803681,0.059222,13.570552,2.650660,3.578248
1883-10-01,1883,5.380000,0.328300,0.405000,9.230000,3.620000,15.050000,178.450000,10.890000,13.430000,0.810617,0.061022,13.283951,2.591843,3.498848
1883-11-01,1883,5.460000,0.329200,0.402500,9.130000,3.620000,15.410000,182.990000,11.030000,13.490000,0.817888,0.060293,13.565217,2.643564,3.607755
1883-12-01,1883,5.340000,0.330000,0.400000,9.230000,3.620000,14.900000,177.130000,10.950000,13.270000,0.825000,0.061798,13.350000,2.598746,3.508166
1884-01-01,1884,5.180000,0.328300,0.392500,9.230000,3.620000,14.430000,171.820000,10.890000,13.020000,0.836433,0.063378,13.197452,2.534264,3.421119
1884-02-01,1884,5.320000,0.326700,0.385000,9.230000,3.610000,14.810000,176.460000,10.840000,12.770000,0.848571,0.061410,13.818182,2.616142,3.531650
1884-03-01,1884,5.300000,0.325000,0.377500,9.230000,3.600000,14.740000,175.800000,10.780000,12.520000,0.860927,0.061321,14.039735,2.619695,3.536446
1884-04-01,1884,5.060000,0.323300,0.370000,9.040000,3.590000,14.350000,171.370000,10.950000,12.530000,0.873784,0.063893,13.675676,2.514454,3.465719
1884-05-01,1884,4.650000,0.321700,0.362500,8.850000,3.590000,13.470000,160.870000,11.130000,12.540000,0.887448,0.069183,12.827586,2.324102,3.272125
1884-06-01,1884,4.460000,0.320000,0.355000,8.850000,3.580000,12.910000,154.300000,11.070000,12.280000,0.901408,0.071749,12.563380,2.242538,3.157290
1884-07-01,1884,4.460000,0.318300,0.347500,8.750000,3.570000,13.040000,155.980000,11.130000,12.150000,0.915971,0.071368,12.834532,2.255946,3.212467
1884-08-01,1884,4.740000,0.316700,0.340000,8.750000,3.560000,13.860000,165.770000,11.080000,11.890000,0.931471,0.066814,13.941176,2.410992,3.433252
1884-09-01,1884,4.590000,0.315000,0.332500,8.660000,3.550000,13.570000,162.290000,11.140000,11.760000,0.947368,0.068627,13.804511,2.348118,3.378471
1884-10-01,1884,4.440000,0.313300,0.325000,8.560000,3.540000,13.270000,158.730000,11.200000,11.620000,0.964000,0.070563,13.661538,2.284811,3.325788
1884-11-01,1884,4.350000,0.311700,0.317500,8.370000,3.540000,13.300000,159.040000,11.400000,11.610000,0.981732,0.071655,13.700787,2.251933,3.352340
1884-12-01,1884,4.340000,0.310000,0.310000,8.280000,3.530000,13.430000,160.500000,11.460000,11.460000,1.000000,0.071429,14.000000,2.260203,3.401223
1885-01-01,1885,4.240000,0.304200,0.306700,8.280000,3.520000,13.130000,156.800000,11.250000,11.340000,0.991849,0.071745,13.824584,2.221578,3.343099
1885-02-01,1885,4.370000,0.298300,0.303300,8.370000,3.510000,13.380000,159.780000,10.910000,11.090000,0.983515,0.068261,14.408177,2.302975,3.428323
1885-03-01,1885,4.380000,0.292500,0.300000,8.180000,3.500000,13.730000,163.870000,10.940000,11.220000,0.975000,0.066781,14.600000,2.321345,3.535936
1885-04-01,1885,4.370000,0.286700,0.296700,8.280000,3.480000,13.550000,161.610000,10.600000,10.970000,0.966296,0.065606,14.728682,2.328964,3.504696
1885-05-01,1885,4.320000,0.280800,0.293300,8.090000,3.470000,13.710000,163.520000,10.630000,11.100000,0.957382,0.065000,14.728946,2.315049,3.565577
1885-06-01,1885,4.300000,0.275000,0.290000,7.900000,3.460000,13.980000,166.690000,10.660000,11.240000,0.948276,0.063953,14.827586,2.316871,3.654205
1885-07-01,1885,4.460000,0.269200,0.286700,7.990000,3.440000,14.330000,170.830000,10.310000,10.980000,0.938961,0.060359,15.556331,2.415428,3.766738
1885-08-01,1885,4.710000,0.263300,0.283300,7.990000,3.430000,15.130000,180.410000,10.090000,10.850000,0.929403,0.055902,16.625485,2.562971,3.996824
1885-09-01,1885,4.650000,0.257500,0.280000,7.900000,3.420000,15.120000,180.260000,9.980000,10.850000,0.919643,0.055376,16.607143,2.542262,4.009694
1885-10-01,1885,4.920000,0.251700,0.276700,7.900000,3.410000,15.990000,190.720000,9.760000,10.730000,0.909649,0.051159,17.780990,2.701609,4.261018
1885-11-01,1885,5.240000,0.245800,0.273300,7.990000,3.400000,16.820000,200.710000,9.410000,10.470000,0.899378,0.046908,19.173070,2.888841,4.505001
1885-12-01,1885,5.200000,0.240000,0.270000,8.180000,3.380000,16.300000,194.540000,8.980000,10.100000,0.888889,0.046154,19.259259,2.878081,4.383972
1886-01-01,1886,5.200000,0.238300,0.275000,7.990000,3.370000,16.690000,199.180000,9.130000,10.530000,0.866545,0.045827,18.909091,2.889151,4.505484
1886-02-01,1886,5.300000,0.236700,0.280000,7.990000,3.380000,17.010000,203.010000,9.070000,10.720000,0.845357,0.044660,18.928571,2.955745,4.609334
1886-03-01,1886,5.190000,0.235000,0.285000,7.900000,3.400000,16.840000,201.190000,9.110000,11.050000,0.824561,0.045279,18.210526,2.905399,4.582440
1886-04-01,1886,5.120000,0.233300,0.290000,7.800000,3.410000,16.800000,200.900000,9.150000,11.380000,0.804483,0.045566,17.655172,2.877176,4.596104
1886-05-01,1886,5.020000,0.231700,0.295000,7.610000,3.420000,16.860000,201.900000,9.320000,11.860000,0.785424,0.046155,17.016949,2.831906,4.636735
1886-06-01,1886,5.250000,0.230000,0.300000,7.520000,3.430000,17.830000,213.820000,9.370000,12.220000,0.766667,0.043810,17.500000,2.972547,4.925258
1886-07-01,1886,5.330000,0.228300,0.305000,7.610000,3.440000,17.850000,214.360000,9.180000,12.270000,0.748525,0.042833,17.475410,3.028695,4.958941
1886-08-01,1886,5.370000,0.226700,0.310000,7.710000,3.460000,17.720000,213.310000,9.000000,12.310000,0.731290,0.042216,17.322581,3.062235,4.948826
1886-09-01,1886,5.510000,0.225000,0.315000,7.710000,3.470000,18.150000,218.870000,8.940000,12.510000,0.714286,0.040835,17.492063,3.152843,5.095256
1886-10-01,1886,5.650000,0.223300,0.320000,7.710000,3.480000,18.560000,224.430000,8.870000,12.710000,0.697812,0.039522,17.656250,3.243680,5.242057
1886-11-01,1886,5.790000,0.221700,0.325000,7.710000,3.500000,18.970000,229.990000,8.810000,12.910000,0.682154,0.038290,17.815385,3.334738,5.389213
1886-12-01,1886,5.640000,0.220000,0.330000,7.800000,3.510000,18.190000,221.300000,8.630000,12.950000,0.666667,0.039007,17.090909,3.258986,5.206022
1887-01-01,1887,5.580000,0.222500,0.332500,7.990000,3.520000,17.510000,213.730000,8.520000,12.740000,0.669173,0.039875,16.781955,3.234910,5.044678
1887-02-01,1887,5.540000,0.225000,0.335000,8.090000,3.530000,17.130000,209.700000,8.520000,12.680000,0.671642,0.040614,16.537313,3.222470,4.963161
1887-03-01,1887,5.670000,0.227500,0.337500,8.090000,3.550000,17.470000,214.620000,8.610000,12.780000,0.674074,0.040123,16.800000,3.308994,5.096423
1887-04-01,1887,5.800000,0.230000,0.340000,8.090000,3.560000,17.820000,219.540000,8.710000,12.870000,0.676471,0.039655,17.058824,3.395925,5.230313
1887-05-01,1887,5.900000,0.232500,0.342500,8.090000,3.570000,18.080000,223.330000,8.800000,12.960000,0.678832,0.039407,17.226277,3.465698,5.337775
1887-06-01,1887,5.730000,0.235000,0.345000,7.990000,3.580000,17.710000,219.480000,9.000000,13.210000,0.681159,0.041012,16.608696,3.377220,5.266603
1887-07-01,1887,5.590000,0.237500,0.347500,7.900000,3.590000,17.430000,216.690000,9.210000,13.470000,0.683453,0.042487,16.086331,3.306247,5.214663
1887-08-01,1887,5.450000,0.240000,0.350000,7.990000,3.610000,16.740000,208.750000,9.190000,13.410000,0.685714,0.044037,15.571429,3.235149,5.045051
1887-09-01,1887,5.380000,0.242500,0.352500,7.900000,3.620000,16.680000,208.550000,9.400000,13.660000,0.687943,0.045074,15.262411,3.205469,5.055714
1887-10-01,1887,5.200000,0.245000,0.355000,7.990000,3.630000,15.880000,199.180000,9.380000,13.600000,0.690141,0.047115,14.647887,3.110263,4.850297
1887-11-01,1887,5.300000,0.247500,0.357500,8.090000,3.650000,15.950000,200.620000,9.370000,13.530000,0.692308,0.046698,14.825175,3.182287,4.901273
1887-12-01,1887,5.270000,0.250000,0.360000,8.280000,3.660000,15.460000,194.900000,9.250000,13.310000,0.694444,0.047438,14.638889,3.176658,4.780334
1888-01-01,1888,5.310000,0.248300,0.351700,8.370000,3.670000,15.360000,194.140000,9.080000,12.860000,0.705999,0.046761,15.098095,3.213328,4.783520
1888-02-01,1888,5.280000,0.246700,0.343300,8.280000,3.650000,15.420000,195.270000,9.120000,12.700000,0.718613,0.046723,15.380134,3.207695,4.827038
1888-03-01,1888,5.080000,0.245000,0.335000,8.280000,3.630000,14.810000,187.870000,9.060000,12.390000,0.731343,0.048228,15.164179,3.098681,4.662991
1888-04-01,1888,5.100000,0.243300,0.326700,8.180000,3.620000,15.020000,190.800000,9.100000,12.220000,0.744720,0.047706,15.610652,3.123334,4.757548
1888-05-01,1888,5.170000,0.241700,0.318300,8.090000,3.600000,15.390000,195.700000,9.150000,12.050000,0.759347,0.046750,16.242538,3.178620,4.895625
1888-06-01,1888,5.010000,0.240000,0.310000,7.990000,3.580000,15.080000,191.900000,9.190000,11.870000,0.774194,0.047904,16.161290,3.092632,4.822803
1888-07-01,1888,5.140000,0.238300,0.301700,8.090000,3.560000,15.280000,194.560000,9.020000,11.420000,0.789857,0.046362,17.036792,3.185226,4.905799
1888-08-01,1888,5.250000,0.236700,0.293300,8.090000,3.540000,15.600000,198.730000,8.960000,11.100000,0.807024,0.045086,17.899761,3.265698,5.029741
1888-09-01,1888,5.380000,0.235000,0.285000,8.090000,3.520000,15.990000,203.650000,8.900000,10.790000,0.824561,0.043680,18.877193,3.358833,5.173184
1888-10-01,1888,5.350000,0.233300,0.276700,8.180000,3.500000,15.720000,200.160000,8.730000,10.350000,0.843151,0.043607,19.335020,3.352330,5.106360
1888-11-01,1888,5.240000,0.231700,0.268300,8.280000,3.490000,15.220000,193.790000,8.570000,9.920000,0.863586,0.044218,19.530376,3.295586,4.959299
1888-12-01,1888,5.140000,0.230000,0.260000,8.280000,3.470000,14.950000,190.090000,8.510000,9.620000,0.884615,0.044747,19.769231,3.244836,4.882930
1889-01-01,1889,5.240000,0.229200,0.263300,7.990000,3.450000,15.800000,200.710000,8.780000,10.090000,0.870490,0.043740,19.901253,3.320065,5.177473
1889-02-01,1889,5.300000,0.228300,0.266700,7.900000,3.450000,16.190000,205.450000,8.850000,10.340000,0.856018,0.043075,19.872516,3.370183,5.315504
1889-03-01,1889,5.190000,0.227500,0.270000,7.800000,3.440000,16.070000,203.640000,8.930000,10.590000,0.842593,0.043834,19.222222,3.312333,5.291240
1889-04-01,1889,5.180000,0.226700,0.273300,7.800000,3.440000,16.050000,203.250000,8.900000,10.720000,0.829491,0.043764,18.953531,3.318051,5.300373
1889-05-01,1889,5.320000,0.225800,0.276700,7.610000,3.440000,16.920000,213.960000,9.080000,11.130000,0.816046,0.042444,19.226599,3.419829,5.599352
1889-06-01,1889,5.410000,0.225000,0.280000,7.610000,3.440000,17.220000,217.580000,9.050000,11.260000,0.803571,0.041590,19.321429,3.489779,5.713882
1889-07-01,1889,5.300000,0.224200,0.283300,7.610000,3.440000,16.890000,213.160000,9.020000,11.390000,0.791387,0.042302,18.708083,3.430917,5.617507
1889-08-01,1889,5.370000,0.223300,0.286700,7.610000,3.430000,17.130000,215.970000,8.980000,11.530000,0.778863,0.041583,18.730380,3.488326,5.711503
1889-09-01,1889,5.500000,0.222500,0.290000,7.710000,3.430000,17.350000,218.470000,8.840000,11.520000,0.767241,0.040455,18.965517,3.584861,5.793433
1889-10-01,1889,5.400000,0.221700,0.293300,7.710000,3.430000,17.050000,214.500000,8.810000,11.650000,0.755881,0.041056,18.411183,3.531767,5.707629
1889-11-01,1889,5.350000,0.220800,0.296700,7.710000,3.430000,16.910000,212.510000,8.770000,11.790000,0.744186,0.041271,18.031682,3.511149,5.674308
1889-12-01,1889,5.320000,0.220000,0.300000,7.800000,3.420000,16.610000,208.740000,8.630000,11.770000,0.733333,0.041353,17.733333,3.503536,5.596674
1890-01-01,1890,5.380000,0.220000,0.299200,7.610000,3.420000,17.220000,216.370000,8.850000,12.030000,0.735294,0.040892,17.981283,3.555123,5.820871
1890-02-01,1890,5.320000,0.220000,0.298300,7.610000,3.440000,17.030000,213.960000,8.850000,12.000000,0.737513,0.041353,17.834395,3.527589,5.775790
1890-03-01,1890,5.280000,0.220000,0.297500,7.610000,3.450000,16.900000,212.350000,8.850000,11.960000,0.739496,0.041667,17.747899,3.513223,5.752267
1890-04-01,1890,5.390000,0.220000,0.296700,7.610000,3.470000,17.260000,216.780000,8.850000,11.930000,0.741490,0.040816,18.166498,3.598613,5.892079
1890-05-01,1890,5.620000,0.220000,0.295800,7.710000,3.490000,17.790000,223.240000,8.740000,11.750000,0.743746,0.039146,18.999324,3.764412,6.083603
1890-06-01,1890,5.580000,0.220000,0.295000,7.710000,3.500000,17.680000,221.650000,8.740000,11.720000,0.745763,0.039427,18.915254,3.749899,6.060149
1890-07-01,1890,5.540000,0.220000,0.294200,7.710000,3.520000,17.590000,220.060000,8.740000,11.690000,0.747791,0.039711,18.830727,3.735339,6.036618
1890-08-01,1890,5.410000,0.220000,0.293300,7.990000,3.540000,16.600000,207.220000,8.430000,11.230000,0.750085,0.040665,18.445278,3.660048,5.707659
1890-09-01,1890,5.320000,0.220000,0.292500,8.090000,3.550000,16.170000,201.380000,8.330000,11.070000,0.752137,0.041353,18.188034,3.611563,5.562432
1890-10-01,1890,5.080000,0.220000,0.291700,8.090000,3.570000,15.480000,192.290000,8.330000,11.040000,0.754200,0.043307,17.415153,3.461081,5.330664
1890-11-01,1890,4.710000,0.220000,0.290800,7.900000,3.590000,14.750000,182.580000,8.530000,11.270000,0.756534,0.046709,16.196699,3.221485,5.080975
1890-12-01,1890,4.600000,0.220000,0.290000,7.900000,3.600000,14.440000,178.320000,8.530000,11.240000,0.758621,0.047826,15.862069,3.158788,4.982089
1891-01-01,1891,4.840000,0.220000,0.294200,7.800000,3.620000,15.430000,189.910000,8.630000,11.540000,0.747791,0.045455,16.451394,3.336184,5.329340
1891-02-01,1891,4.900000,0.220000,0.298300,7.900000,3.620000,15.480000,189.950000,8.530000,11.560000,0.737513,0.044898,16.426416,3.390179,5.347041
1891-03-01,1891,4.810000,0.220000,0.302500,7.990000,3.620000,15.050000,184.240000,8.430000,11.590000,0.727273,0.045738,15.900826,3.340594,5.209488
1891-04-01,1891,4.970000,0.220000,0.306700,8.090000,3.610000,15.410000,188.130000,8.330000,11.610000,0.717313,0.044266,16.204760,3.464449,5.335851
1891-05-01,1891,4.950000,0.220000,0.310800,7.990000,3.610000,15.570000,189.600000,8.430000,11.900000,0.707851,0.044444,15.926641,3.463287,5.400820
1891-06-01,1891,4.850000,0.220000,0.315000,7.800000,3.610000,15.660000,190.300000,8.630000,12.360000,0.698413,0.045361,15.396825,3.406148,5.441104
1891-07-01,1891,4.770000,0.220000,0.319200,7.710000,3.610000,15.620000,189.470000,8.740000,12.680000,0.689223,0.046122,14.943609,3.362840,5.434629
1891-08-01,1891,4.930000,0.220000,0.323300,7.710000,3.610000,16.160000,195.830000,8.740000,12.840000,0.680483,0.044625,15.248995,3.488565,5.637810
1891-09-01,1891,5.330000,0.220000,0.327500,7.610000,3.610000,17.710000,214.360000,8.850000,13.170000,0.671756,0.041276,16.274809,3.784586,6.196575
1891-10-01,1891,5.330000,0.220000,0.331700,7.610000,3.600000,17.720000,214.360000,8.850000,13.340000,0.663250,0.041276,16.068737,3.797603,6.217889
1891-11-01,1891,5.250000,0.220000,0.335800,7.520000,3.600000,17.670000,213.820000,8.960000,13.680000,0.655152,0.041905,15.634306,3.753666,6.219505
1891-12-01,1891,5.410000,0.220000,0.340000,7.520000,3.600000,18.210000,220.340000,8.960000,13.850000,0.647059,0.040665,15.911765,3.881171,6.430771
1892-01-01,1892,5.510000,0.221700,0.342500,7.330000,3.600000,19.020000,230.240000,9.260000,14.310000,0.647299,0.040236,16.087591,3.966065,6.741769
1892-02-01,1892,5.520000,0.223300,0.345000,7.330000,3.610000,19.040000,230.650000,9.330000,14.420000,0.647246,0.040453,16.000000,3.986561,6.776609
1892-03-01,1892,5.580000,0.225000,0.347500,7.140000,3.620000,19.740000,239.380000,9.650000,14.910000,0.647482,0.040323,16.057554,4.043332,7.056011
1892-04-01,1892,5.570000,0.226700,0.350000,7.040000,3.640000,19.940000,242.180000,9.860000,15.220000,0.647714,0.040700,15.914286,4.049672,7.167460
1892-05-01,1892,5.570000,0.228300,0.352500,7.040000,3.650000,19.910000,242.180000,9.930000,15.330000,0.647660,0.040987,15.801418,4.063407,7.191769
1892-06-01,1892,5.540000,0.230000,0.355000,7.040000,3.660000,19.770000,240.880000,10.000000,15.440000,0.647887,0.041516,15.605634,4.055401,7.177599
1892-07-01,1892,5.540000,0.231700,0.357500,7.230000,3.670000,19.210000,234.540000,9.810000,15.130000,0.648112,0.041823,15.496503,4.069431,7.013156
1892-08-01,1892,5.620000,0.233300,0.360000,7.330000,3.690000,19.200000,234.830000,9.750000,15.040000,0.648056,0.041512,15.611111,4.142379,7.041479
1892-09-01,1892,5.480000,0.235000,0.362500,7.330000,3.700000,18.690000,228.980000,9.820000,15.150000,0.648276,0.042883,15.117241,4.053518,6.890427
1892-10-01,1892,5.590000,0.236700,0.365000,7.330000,3.710000,19.040000,233.580000,9.890000,15.250000,0.648493,0.042343,15.315068,4.149370,7.053363
1892-11-01,1892,5.570000,0.238300,0.367500,7.520000,3.730000,18.460000,226.850000,9.710000,14.970000,0.648435,0.042783,15.156463,4.149166,6.874814
1892-12-01,1892,5.510000,0.240000,0.370000,7.610000,3.740000,18.010000,221.600000,9.650000,14.880000,0.648649,0.043557,14.891892,4.119264,6.744550
1893-01-01,1893,5.610000,0.240800,0.360800,7.900000,3.750000,17.660000,217.470000,9.330000,13.990000,0.667406,0.042923,15.548780,4.208975,6.638460
1893-02-01,1893,5.510000,0.241700,0.351700,7.990000,3.750000,17.130000,211.050000,9.260000,13.470000,0.687233,0.043866,15.666761,4.149004,6.470162
1893-03-01,1893,5.310000,0.242500,0.342500,7.800000,3.740000,16.900000,208.350000,9.520000,13.440000,0.708029,0.045669,15.503650,4.013572,6.411424
1893-04-01,1893,5.310000,0.243300,0.333300,7.710000,3.740000,17.100000,210.920000,9.660000,13.240000,0.729973,0.045819,15.931593,4.028846,6.510950
1893-05-01,1893,4.840000,0.244200,0.324200,7.610000,3.730000,15.780000,194.660000,9.820000,13.040000,0.753239,0.050455,14.929056,3.687627,6.037823
1893-06-01,1893,4.610000,0.245000,0.315000,7.420000,3.730000,15.420000,190.160000,10.110000,12.990000,0.777778,0.053145,14.634921,3.527894,5.924199
1893-07-01,1893,4.180000,0.245800,0.305800,7.230000,3.730000,14.350000,176.960000,10.410000,12.950000,0.803793,0.058804,13.669065,3.214452,5.539705
1893-08-01,1893,4.080000,0.246700,0.296700,6.950000,3.720000,14.590000,179.830000,10.870000,13.080000,0.831480,0.060466,13.751264,3.153303,5.653260
1893-09-01,1893,4.370000,0.247500,0.287500,7.230000,3.720000,15.010000,185.000000,10.480000,12.170000,0.860870,0.056636,15.200000,3.393324,5.847969
1893-10-01,1893,4.500000,0.248300,0.278300,7.330000,3.710000,15.270000,188.030000,10.380000,11.630000,0.892203,0.055178,16.169601,3.510285,5.967005
1893-11-01,1893,4.570000,0.249200,0.269200,7.140000,3.710000,15.940000,196.050000,10.690000,11.550000,0.925706,0.054530,16.976226,3.581030,6.249248
1893-12-01,1893,4.410000,0.250000,0.260000,7.040000,3.700000,15.610000,191.740000,10.870000,11.300000,0.961538,0.056689,16.961538,3.471927,6.144917
1894-01-01,1894,4.320000,0.246700,0.251700,6.850000,3.700000,15.740000,193.050000,11.020000,11.250000,0.980135,0.057106,17.163290,3.417473,6.216309
1894-02-01,1894,4.380000,0.243300,0.243300,6.760000,3.680000,16.200000,198.490000,11.030000,11.030000,1.000000,0.055548,18.002466,3.481202,6.416534
1894-03-01,1894,4.510000,0.240000,0.235000,6.570000,3.660000,17.190000,210.300000,11.190000,10.960000,1.021277,0.053215,19.191489,3.600639,6.828610
1894-04-01,1894,4.570000,0.236700,0.226700,6.570000,3.640000,17.430000,213.100000,11.040000,10.570000,1.044111,0.051794,20.158800,3.664509,6.949738
1894-05-01,1894,4.400000,0.233300,0.218300,6.570000,3.620000,16.810000,205.170000,10.880000,10.180000,1.068713,0.053023,20.155749,3.544009,6.721211
1894-06-01,1894,4.340000,0.230000,0.210000,6.570000,3.600000,16.610000,202.370000,10.720000,9.790000,1.095238,0.052995,20.666667,3.511341,6.659256
1894-07-01,1894,4.250000,0.226700,0.201700,6.570000,3.580000,16.290000,198.180000,10.570000,9.410000,1.123946,0.053341,21.070897,3.454032,6.550570
1894-08-01,1894,4.410000,0.223300,0.193300,6.760000,3.560000,16.460000,199.850000,10.120000,8.760000,1.155199,0.050635,22.814278,3.599420,6.634434
1894-09-01,1894,4.480000,0.220000,0.185000,6.850000,3.540000,16.520000,200.200000,9.830000,8.270000,1.189189,0.049107,24.216216,3.671742,6.678818
1894-10-01,1894,4.340000,0.216700,0.176700,6.660000,3.520000,16.500000,199.480000,9.960000,8.120000,1.226372,0.049931,24.561404,3.572026,6.682799
1894-11-01,1894,4.340000,0.213300,0.168300,6.660000,3.500000,16.540000,199.480000,9.800000,7.740000,1.267380,0.049147,25.787285,3.586888,6.710605
1894-12-01,1894,4.300000,0.210000,0.160000,6.570000,3.480000,16.670000,200.510000,9.790000,7.460000,1.312500,0.048837,26.875000,3.568520,6.767696
1895-01-01,1895,4.250000,0.208300,0.167500,6.570000,3.460000,16.520000,198.180000,9.710000,7.810000,1.243582,0.049012,25.373134,3.541549,6.716544
1895-02-01,1895,4.190000,0.206700,0.175000,6.570000,3.470000,16.330000,195.380000,9.640000,8.160000,1.181143,0.049332,23.942857,3.506015,6.649155
1895-03-01,1895,4.190000,0.205000,0.182500,6.570000,3.480000,16.360000,195.380000,9.560000,8.510000,1.123288,0.048926,22.958904,3.520428,6.676490
1895-04-01,1895,4.370000,0.203300,0.190000,6.850000,3.500000,16.390000,195.280000,9.080000,8.490000,1.070000,0.046522,23.000000,3.686017,6.704785
1895-05-01,1895,4.610000,0.201700,0.197500,6.950000,3.510000,17.080000,203.180000,8.890000,8.700000,1.021266,0.043753,23.341772,3.902743,6.996860
1895-06-01,1895,4.700000,0.200000,0.205000,7.040000,3.520000,17.210000,204.350000,8.700000,8.910000,0.975610,0.042553,22.926829,3.993165,7.067448
1895-07-01,1895,4.720000,0.198300,0.212500,6.950000,3.530000,17.550000,208.030000,8.740000,9.370000,0.933176,0.042013,22.211765,4.024317,7.214819
1895-08-01,1895,4.790000,0.196700,0.220000,6.850000,3.540000,18.070000,214.050000,8.790000,9.830000,0.894091,0.041065,21.772727,4.098089,7.454335
1895-09-01,1895,4.820000,0.195000,0.227500,6.850000,3.550000,18.200000,215.390000,8.710000,10.170000,0.857143,0.040456,21.186813,4.137780,7.526531
1895-10-01,1895,4.750000,0.193300,0.235000,6.850000,3.560000,17.940000,212.260000,8.640000,10.500000,0.822553,0.040695,20.212766,4.091638,7.442599
1895-11-01,1895,4.590000,0.191700,0.242500,6.850000,3.580000,17.340000,205.110000,8.570000,10.840000,0.790515,0.041765,18.927835,3.967690,7.217141
1895-12-01,1895,4.320000,0.190000,0.250000,6.760000,3.590000,16.550000,195.770000,8.610000,11.330000,0.760000,0.043981,17.280000,3.748105,6.908490
1896-01-01,1896,4.270000,0.189200,0.246700,6.660000,3.600000,16.580000,196.270000,8.700000,11.340000,0.766923,0.044309,17.308472,3.718462,6.956762
1896-02-01,1896,4.450000,0.188300,0.243300,6.570000,3.580000,17.520000,207.500000,8.780000,11.350000,0.773942,0.042315,18.290177,3.888942,7.375376
1896-03-01,1896,4.380000,0.187500,0.240000,6.570000,3.570000,17.230000,204.240000,8.740000,11.190000,0.781250,0.042808,18.250000,3.841481,7.285366
1896-04-01,1896,4.420000,0.186700,0.236700,6.470000,3.550000,17.640000,209.140000,8.830000,11.200000,0.788762,0.042240,18.673426,3.890267,7.491920
1896-05-01,1896,4.400000,0.185800,0.233300,6.370000,3.530000,17.830000,211.300000,8.920000,11.200000,0.796399,0.042227,18.859837,3.886357,7.601886
1896-06-01,1896,4.320000,0.185000,0.230000,6.280000,3.520000,17.780000,210.600000,9.020000,11.210000,0.804348,0.042824,18.782609,3.829372,7.597767
1896-07-01,1896,4.040000,0.184200,0.226700,6.280000,3.500000,16.640000,196.950000,8.980000,11.050000,0.812528,0.045594,17.820909,3.594838,7.132433
1896-08-01,1896,3.810000,0.183300,0.223300,6.280000,3.480000,15.700000,185.740000,8.940000,10.890000,0.820869,0.048110,17.062248,3.403840,6.753479
1896-09-01,1896,4.010000,0.182500,0.220000,6.280000,3.470000,16.540000,195.490000,8.900000,10.720000,0.829545,0.045511,18.227273,3.596166,7.135068
1896-10-01,1896,4.100000,0.181700,0.216700,6.470000,3.450000,16.440000,193.990000,8.600000,10.250000,0.838486,0.044317,18.920166,3.690517,7.107239
1896-11-01,1896,4.380000,0.180800,0.213300,6.660000,3.430000,17.090000,201.320000,8.310000,9.800000,0.847632,0.041279,20.534459,3.956181,7.401504
1896-12-01,1896,4.220000,0.180000,0.210000,6.660000,3.420000,16.500000,193.970000,8.270000,9.650000,0.857143,0.042654,20.095238,3.825272,7.156590
1897-01-01,1897,4.220000,0.180000,0.218300,6.470000,3.400000,17.030000,199.670000,8.520000,10.330000,0.824553,0.042654,19.331196,3.838869,7.392938
1897-02-01,1897,4.180000,0.180000,0.226700,6.470000,3.400000,16.890000,197.780000,8.520000,10.730000,0.794001,0.043062,18.438465,3.816127,7.349141
1897-03-01,1897,4.190000,0.180000,0.235000,6.470000,3.390000,16.960000,198.250000,8.520000,11.120000,0.765957,0.042959,17.829787,3.838951,7.393095
1897-04-01,1897,4.060000,0.180000,0.243300,6.370000,3.390000,16.700000,194.970000,8.640000,11.680000,0.739827,0.044335,16.687217,3.733586,7.303058
1897-05-01,1897,4.080000,0.180000,0.251700,6.280000,3.380000,17.050000,198.900000,8.770000,12.270000,0.715137,0.044118,16.209774,3.765772,7.471579
1897-06-01,1897,4.270000,0.180000,0.260000,6.280000,3.380000,17.850000,208.160000,8.770000,12.670000,0.692308,0.042155,16.423077,3.954983,7.846989
1897-07-01,1897,4.460000,0.180000,0.268300,6.280000,3.380000,18.650000,217.420000,8.770000,13.080000,0.670891,0.040359,16.623183,4.144860,8.223718
1897-08-01,1897,4.750000,0.180000,0.276700,6.570000,3.370000,19.010000,221.490000,8.390000,12.900000,0.650524,0.037895,17.166606,4.428308,8.398284
1897-09-01,1897,4.980000,0.180000,0.285000,6.760000,3.370000,19.370000,225.680000,8.160000,12.920000,0.631579,0.036145,17.473684,4.656716,8.583237
1897-10-01,1897,4.820000,0.180000,0.293300,6.660000,3.360000,19.030000,221.550000,8.270000,13.480000,0.613706,0.037344,16.433686,4.521129,8.458448
1897-11-01,1897,4.650000,0.180000,0.301700,6.660000,3.360000,18.360000,213.730000,8.270000,13.870000,0.596619,0.038710,15.412662,4.375740,8.186444
1897-12-01,1897,4.750000,0.180000,0.310000,6.660000,3.350000,18.750000,218.330000,8.270000,14.250000,0.580645,0.037895,15.322581,4.483957,8.388905
1898-01-01,1898,4.880000,0.181700,0.313300,6.660000,3.350000,19.250000,224.300000,8.350000,14.400000,0.579955,0.037234,15.576125,4.620836,8.644987
1898-02-01,1898,4.870000,0.183300,0.316700,6.760000,3.330000,18.920000,220.690000,8.310000,14.350000,0.578781,0.037639,15.377329,4.625704,8.526076
1898-03-01,1898,4.650000,0.185000,0.320000,6.760000,3.310000,18.040000,210.720000,8.380000,14.500000,0.578125,0.039785,14.531250,4.431249,8.167657
1898-04-01,1898,4.570000,0.186700,0.323300,6.760000,3.290000,17.710000,207.100000,8.460000,14.650000,0.577482,0.040853,14.135478,4.369704,8.054218
1898-05-01,1898,4.870000,0.188300,0.326700,7.230000,3.270000,17.600000,206.170000,7.970000,13.830000,0.576370,0.038665,14.906642,4.671432,8.050628
1898-06-01,1898,5.060000,0.190000,0.330000,6.760000,3.250000,19.540000,229.300000,8.610000,14.950000,0.575758,0.037549,15.333333,4.868737,8.974032
1898-07-01,1898,5.080000,0.191700,0.333300,6.660000,3.230000,19.860000,233.500000,8.810000,15.320000,0.575158,0.037736,15.241524,4.903216,9.173283
1898-08-01,1898,5.270000,0.193300,0.336700,6.660000,3.200000,20.540000,242.230000,8.880000,15.480000,0.574102,0.036679,15.651916,5.102023,9.545225
1898-09-01,1898,5.260000,0.195000,0.340000,6.660000,3.180000,20.440000,241.770000,8.960000,15.630000,0.573529,0.037072,15.470588,5.107936,9.556289
1898-10-01,1898,5.150000,0.196700,0.343300,6.660000,3.160000,19.950000,236.710000,9.040000,15.780000,0.572968,0.038194,15.001456,5.016896,9.385966
1898-11-01,1898,5.320000,0.198300,0.346700,6.660000,3.140000,20.530000,244.530000,9.110000,15.940000,0.571964,0.037274,15.344678,5.198471,9.725668
1898-12-01,1898,5.650000,0.200000,0.350000,6.760000,3.120000,21.400000,256.040000,9.060000,15.860000,0.571429,0.035398,16.142857,5.537080,10.205919
1899-01-01,1899,6.080000,0.200800,0.360800,6.760000,3.100000,22.930000,275.520000,9.100000,16.350000,0.556541,0.033026,16.851441,5.974819,11.012759
1899-02-01,1899,6.310000,0.201700,0.371700,6.950000,3.100000,23.050000,278.110000,8.890000,16.380000,0.542642,0.031965,16.976056,6.217284,11.146383
1899-03-01,1899,6.400000,0.202500,0.382500,6.950000,3.110000,23.280000,282.080000,8.930000,16.860000,0.529412,0.031641,16.732026,6.322523,11.335056
1899-04-01,1899,6.480000,0.203300,0.393300,7.040000,3.110000,23.150000,281.750000,8.840000,17.100000,0.516908,0.031373,16.475973,6.418226,11.359530
1899-05-01,1899,6.210000,0.204200,0.404200,7.040000,3.120000,22.090000,270.010000,8.880000,17.570000,0.505195,0.032882,15.363681,6.167580,10.915915
1899-06-01,1899,6.070000,0.205000,0.415000,7.140000,3.120000,21.210000,260.400000,8.790000,17.800000,0.493976,0.033773,14.626506,6.045437,10.549879
1899-07-01,1899,6.280000,0.205800,0.425800,7.230000,3.120000,21.560000,265.860000,8.710000,18.030000,0.483326,0.032771,14.748708,6.271601,10.808319
1899-08-01,1899,6.440000,0.206700,0.436700,7.330000,3.130000,21.730000,269.100000,8.640000,18.250000,0.473323,0.032096,14.746966,6.448514,10.961594
1899-09-01,1899,6.370000,0.207500,0.447500,7.610000,3.130000,20.590000,256.190000,8.350000,18.000000,0.463687,0.032575,14.234637,6.395669,10.471753
1899-10-01,1899,6.340000,0.208300,0.458300,7.710000,3.140000,20.150000,251.840000,8.270000,18.200000,0.454506,0.032855,13.833733,6.382910,10.315312
1899-11-01,1899,6.460000,0.209200,0.469200,7.800000,3.140000,20.200000,253.470000,8.210000,18.410000,0.445865,0.032384,13.768116,6.521198,10.417195
1899-12-01,1899,6.020000,0.210000,0.480000,7.900000,3.150000,18.510000,233.360000,8.140000,18.610000,0.437500,0.034884,12.541667,6.094628,9.612540
1900-01-01,1900,6.100000,0.217500,0.480000,7.900000,3.150000,18.670000,236.460000,8.430000,18.610000,0.453125,0.035656,12.708333,6.193337,9.768225
1900-02-01,1900,6.210000,0.225000,0.480000,7.990000,3.150000,18.700000,237.860000,8.620000,18.390000,0.468750,0.036232,12.937500,6.323422,9.861056
1900-03-01,1900,6.260000,0.232500,0.480000,7.990000,3.140000,18.780000,239.780000,8.910000,18.390000,0.484375,0.037141,13.041667,6.393428,9.970226
1900-04-01,1900,6.340000,0.240000,0.480000,7.990000,3.140000,18.940000,242.840000,9.190000,18.390000,0.500000,0.037855,13.208333,6.494921,10.128500
1900-05-01,1900,6.040000,0.247500,0.480000,7.800000,3.130000,18.400000,236.990000,9.710000,18.830000,0.515625,0.040977,12.583333,6.208079,9.917008
1900-06-01,1900,5.860000,0.255000,0.480000,7.710000,3.130000,17.990000,232.770000,10.130000,19.070000,0.531250,0.043515,12.208333,6.044269,9.768040
1900-07-01,1900,5.860000,0.262500,0.480000,7.800000,3.120000,17.690000,229.930000,10.300000,18.830000,0.546875,0.044795,12.208333,6.066187,9.690345
1900-08-01,1900,5.940000,0.270000,0.480000,7.710000,3.120000,18.070000,235.950000,10.720000,19.070000,0.562500,0.045455,12.375000,6.171647,9.973893
1900-09-01,1900,5.800000,0.277500,0.480000,7.800000,3.120000,17.340000,227.580000,10.890000,18.830000,0.578125,0.047845,12.083333,6.049564,9.663791
1900-10-01,1900,6.010000,0.285000,0.480000,7.710000,3.110000,18.100000,238.730000,11.320000,19.070000,0.593750,0.047421,12.520833,6.292720,10.169558
1900-11-01,1900,6.480000,0.292500,0.480000,7.710000,3.110000,19.420000,257.400000,11.620000,19.070000,0.609375,0.045139,13.500000,6.809697,11.005036
1900-12-01,1900,6.870000,0.300000,0.480000,7.610000,3.100000,20.740000,276.300000,12.070000,19.300000,0.625000,0.043668,14.312500,7.245155,11.862633
1901-01-01,1901,7.070000,0.301700,0.481700,7.710000,3.100000,20.980000,280.830000,11.980000,19.130000,0.626323,0.042673,14.677185,7.482442,12.092247
1901-02-01,1901,7.250000,0.303300,0.483300,7.610000,3.110000,21.680000,291.580000,12.200000,19.440000,0.627561,0.041834,15.001035,7.699551,12.606624
1901-03-01,1901,7.510000,0.305000,0.485000,7.610000,3.110000,22.350000,302.040000,12.270000,19.510000,0.628866,0.040613,15.484536,8.002515,13.102672
1901-04-01,1901,8.140000,0.306700,0.486700,7.520000,3.120000,24.410000,331.520000,12.490000,19.820000,0.630162,0.037678,16.724882,8.700915,14.416675
1901-05-01,1901,7.730000,0.308300,0.488300,7.520000,3.130000,23.060000,314.820000,12.560000,19.890000,0.631374,0.039884,15.830432,8.289982,13.735794
1901-06-01,1901,8.500000,0.310000,0.490000,7.520000,3.130000,25.240000,346.180000,12.630000,19.960000,0.632653,0.036471,17.346939,9.143315,15.149696
1901-07-01,1901,7.930000,0.311700,0.491700,7.610000,3.140000,23.140000,318.930000,12.540000,19.780000,0.633923,0.039306,16.127720,8.557964,14.012120
1901-08-01,1901,8.040000,0.313300,0.493300,7.710000,3.150000,23.080000,319.360000,12.440000,19.590000,0.635110,0.038968,16.298399,8.704707,14.067528
1901-09-01,1901,8.000000,0.315000,0.495000,7.800000,3.150000,22.590000,313.900000,12.360000,19.420000,0.636364,0.039375,16.161616,8.689666,13.881185
1901-10-01,1901,7.910000,0.316700,0.496700,7.800000,3.160000,22.250000,310.370000,12.430000,19.490000,0.637608,0.040038,15.925106,8.620421,13.770569
1901-11-01,1901,8.080000,0.318300,0.498300,7.900000,3.170000,22.380000,313.220000,12.340000,19.320000,0.638772,0.039394,16.215131,8.834451,13.933830
1901-12-01,1901,7.950000,0.320000,0.500000,7.990000,3.170000,21.680000,304.510000,12.260000,19.150000,0.640000,0.040252,15.900000,8.721314,13.600447
1902-01-01,1902,8.120000,0.320800,0.510800,7.900000,3.180000,22.340000,314.770000,12.440000,19.800000,0.628034,0.039507,15.896633,8.937062,14.095669
1902-02-01,1902,8.190000,0.321700,0.521700,7.900000,3.190000,22.460000,317.480000,12.470000,20.220000,0.616638,0.039280,15.698677,9.043528,14.263591
1902-03-01,1902,8.200000,0.322500,0.532500,7.900000,3.200000,22.410000,317.870000,12.500000,20.640000,0.605634,0.039329,15.399061,9.084173,14.327695
1902-04-01,1902,8.480000,0.323300,0.543300,7.990000,3.210000,22.820000,324.810000,12.380000,20.810000,0.595067,0.038125,15.608320,9.424137,14.696464
1902-05-01,1902,8.460000,0.324200,0.554200,8.090000,3.220000,22.430000,320.230000,12.270000,20.980000,0.584987,0.038322,15.265247,9.431851,14.526683
1902-06-01,1902,8.410000,0.325000,0.565000,8.180000,3.230000,21.960000,314.640000,12.160000,21.140000,0.575221,0.038644,14.884956,9.406228,14.327824
1902-07-01,1902,8.600000,0.325800,0.575800,8.180000,3.240000,22.390000,321.750000,12.190000,21.540000,0.565821,0.037884,14.935742,9.649026,14.697661
1902-08-01,1902,8.830000,0.326700,0.586700,8.090000,3.250000,23.170000,334.240000,12.370000,22.210000,0.556843,0.036999,15.050281,9.937543,15.305537
1902-09-01,1902,8.850000,0.327500,0.597500,8.180000,3.260000,22.860000,331.100000,12.250000,22.350000,0.548117,0.037006,14.811715,9.990692,15.218096
1902-10-01,1902,8.570000,0.328300,0.608300,8.750000,3.270000,20.600000,299.710000,11.480000,21.270000,0.539701,0.038308,14.088443,9.705412,13.820506
1902-11-01,1902,8.240000,0.329200,0.619200,8.470000,3.280000,20.410000,297.890000,11.900000,22.380000,0.531654,0.039951,13.307494,9.362674,13.773190
1902-12-01,1902,8.050000,0.330000,0.630000,8.560000,3.290000,19.630000,287.780000,11.800000,22.520000,0.523810,0.040994,12.777778,9.177958,13.359504
1903-01-01,1903,8.460000,0.331700,0.621700,8.660000,3.300000,20.320000,299.120000,11.730000,21.980000,0.533537,0.039208,13.607849,9.676760,13.922913
1903-02-01,1903,8.410000,0.333300,0.613300,8.660000,3.310000,20.110000,297.350000,11.780000,21.680000,0.543453,0.039631,13.712702,9.651186,13.886118
1903-03-01,1903,8.080000,0.335000,0.605000,8.370000,3.320000,19.880000,295.420000,12.250000,22.120000,0.553719,0.041460,13.355372,9.304357,13.850931
1903-04-01,1903,7.750000,0.336700,0.596700,8.370000,3.330000,18.980000,283.360000,12.310000,21.820000,0.564270,0.043445,12.988101,8.956499,13.333092
1903-05-01,1903,7.600000,0.338300,0.588300,8.180000,3.330000,18.950000,284.330000,12.660000,22.010000,0.575047,0.044513,12.918579,8.815574,13.428124
1903-06-01,1903,7.180000,0.340000,0.580000,8.180000,3.340000,17.820000,268.620000,12.720000,21.700000,0.586207,0.047354,12.379310,8.361099,12.735854
1903-07-01,1903,6.850000,0.341700,0.571700,8.180000,3.350000,16.920000,256.270000,12.780000,21.390000,0.597691,0.049883,11.981809,8.009808,12.200759
1903-08-01,1903,6.630000,0.343300,0.563300,8.180000,3.360000,16.300000,248.040000,12.840000,21.070000,0.609444,0.051780,11.769927,7.785855,11.859628
1903-09-01,1903,6.470000,0.345000,0.555000,8.280000,3.370000,15.650000,239.280000,12.760000,20.530000,0.621622,0.053323,11.657658,7.631557,11.484203
1903-10-01,1903,6.260000,0.346700,0.546700,8.180000,3.370000,15.250000,234.200000,12.970000,20.450000,0.634169,0.055383,11.450521,7.417767,11.298946
1903-11-01,1903,6.280000,0.348300,0.538300,8.090000,3.380000,15.410000,237.710000,13.180000,20.380000,0.647037,0.055462,11.666357,7.475701,11.513874
1903-12-01,1903,6.570000,0.350000,0.530000,8.090000,3.390000,16.040000,248.690000,13.250000,20.060000,0.660377,0.053272,12.396226,7.855468,12.098780
1904-01-01,1904,6.680000,0.346700,0.526700,8.280000,3.400000,15.860000,247.040000,12.820000,19.480000,0.658249,0.051901,12.682742,8.021864,12.071549
1904-02-01,1904,6.500000,0.343300,0.523300,8.470000,3.410000,15.020000,234.980000,12.410000,18.920000,0.656029,0.052815,12.421173,7.840401,11.533813
1904-03-01,1904,6.480000,0.340000,0.520000,8.370000,3.410000,15.080000,236.920000,12.430000,19.010000,0.653846,0.052469,12.461538,7.850785,11.687070
1904-04-01,1904,6.640000,0.336700,0.516700,8.280000,3.420000,15.570000,245.560000,12.450000,19.110000,0.651635,0.050708,12.850784,8.078958,12.157466
1904-05-01,1904,6.500000,0.333300,0.513300,8.090000,3.430000,15.530000,246.040000,12.620000,19.430000,0.649328,0.051277,12.663160,7.942758,12.233221
1904-06-01,1904,6.510000,0.330000,0.510000,8.090000,3.430000,15.470000,246.420000,12.490000,19.300000,0.647059,0.050691,12.764706,7.988917,12.304315
1904-07-01,1904,6.780000,0.326700,0.506700,8.090000,3.440000,16.040000,256.640000,12.370000,19.180000,0.644760,0.048186,13.380699,8.354002,12.866609
1904-08-01,1904,7.010000,0.323300,0.503300,8.180000,3.450000,16.300000,262.260000,12.100000,18.830000,0.642360,0.046120,13.928075,8.670943,13.207818
1904-09-01,1904,7.320000,0.320000,0.500000,8.280000,3.450000,16.740000,270.710000,11.830000,18.490000,0.640000,0.043716,14.640000,9.087719,13.675481
1904-10-01,1904,7.750000,0.316700,0.496700,8.280000,3.460000,17.630000,286.610000,11.710000,18.370000,0.637608,0.040865,15.602980,9.654667,14.528641
1904-11-01,1904,8.170000,0.313300,0.493300,8.470000,3.470000,18.080000,295.360000,11.330000,17.830000,0.635110,0.038348,16.561930,10.210765,15.020795
1904-12-01,1904,8.250000,0.310000,0.490000,8.470000,3.470000,18.160000,298.250000,11.210000,17.710000,0.632653,0.037576,16.836735,10.343378,15.215879
1905-01-01,1905,8.430000,0.311700,0.505000,8.470000,3.480000,18.460000,304.760000,11.270000,18.260000,0.617228,0.036975,16.693069,10.601440,15.595507
1905-02-01,1905,8.800000,0.313300,0.520000,8.470000,3.480000,19.170000,318.130000,11.330000,18.800000,0.602500,0.035602,16.923077,11.099413,16.328061
1905-03-01,1905,9.050000,0.315000,0.535000,8.370000,3.470000,19.830000,330.890000,11.520000,19.560000,0.588785,0.034807,16.915888,11.447667,17.041569
1905-04-01,1905,8.940000,0.316700,0.550000,8.370000,3.470000,19.480000,326.860000,11.580000,20.110000,0.575818,0.035425,16.254545,11.341729,16.883864
1905-05-01,1905,8.500000,0.318300,0.565000,8.280000,3.460000,18.630000,314.350000,11.770000,20.890000,0.563363,0.037447,15.044248,10.817005,16.277763
1905-06-01,1905,8.600000,0.320000,0.580000,8.280000,3.460000,18.740000,318.050000,11.830000,21.450000,0.551724,0.037209,14.827586,10.978019,16.520062
1905-07-01,1905,8.870000,0.321700,0.595000,8.280000,3.460000,19.210000,328.030000,11.900000,22.000000,0.540672,0.036268,14.907563,11.356718,17.089940
1905-08-01,1905,9.200000,0.323300,0.610000,8.370000,3.450000,19.570000,336.370000,11.820000,22.300000,0.530000,0.035141,15.081967,11.813558,17.586253
1905-09-01,1905,9.230000,0.325000,0.625000,8.280000,3.450000,19.740000,341.350000,12.020000,23.110000,0.520000,0.035211,14.768000,11.886676,17.887437
1905-10-01,1905,9.360000,0.326700,0.640000,8.280000,3.440000,19.900000,346.150000,12.080000,23.670000,0.510469,0.034904,14.625000,12.088973,18.191860
1905-11-01,1905,9.310000,0.328300,0.655000,8.370000,3.440000,19.440000,340.390000,12.000000,23.950000,0.501221,0.035263,14.213740,12.059557,17.952459
1905-12-01,1905,9.540000,0.330000,0.670000,8.470000,3.430000,19.580000,344.880000,11.930000,24.220000,0.492537,0.034591,14.238806,12.392922,18.230911
1906-01-01,1906,9.870000,0.335800,0.677500,8.470000,3.430000,20.130000,356.810000,12.140000,24.490000,0.495646,0.034022,14.568266,12.857332,18.914092
1906-02-01,1906,9.800000,0.341700,0.685000,8.470000,3.450000,19.870000,354.280000,12.350000,24.760000,0.498832,0.034867,14.306569,12.802598,18.833575
1906-03-01,1906,9.560000,0.347500,0.692500,8.470000,3.470000,19.260000,345.610000,12.560000,25.030000,0.501805,0.036349,13.805054,12.526265,18.427067
1906-04-01,1906,9.430000,0.353300,0.700000,8.470000,3.490000,18.880000,340.910000,12.770000,25.310000,0.504714,0.037466,13.471429,12.393872,18.232308
1906-05-01,1906,9.180000,0.359200,0.707500,8.560000,3.510000,18.050000,328.180000,12.840000,25.290000,0.507703,0.039129,12.975265,12.103992,17.618661
1906-06-01,1906,9.300000,0.365000,0.715000,8.560000,3.530000,18.170000,332.470000,13.050000,25.560000,0.510490,0.039247,13.006993,12.301681,17.906420
1906-07-01,1906,9.060000,0.370800,0.722500,8.280000,3.550000,18.200000,335.060000,13.710000,26.720000,0.513218,0.040927,12.539792,12.024453,18.094768
1906-08-01,1906,9.730000,0.376700,0.730000,8.470000,3.570000,18.970000,351.750000,13.620000,26.390000,0.516027,0.038715,13.328767,12.954689,19.057311
1906-09-01,1906,10.030000,0.382500,0.737500,8.560000,3.590000,19.200000,358.570000,13.670000,26.370000,0.518644,0.038136,13.600000,13.395909,19.499186
1906-10-01,1906,9.730000,0.388300,0.745000,8.750000,3.610000,18.100000,340.280000,13.580000,26.050000,0.521208,0.039908,13.060403,13.037806,18.565836
1906-11-01,1906,9.930000,0.394200,0.752500,8.850000,3.630000,18.140000,343.540000,13.640000,26.030000,0.523854,0.039698,13.196013,13.349157,18.794406
1906-12-01,1906,9.840000,0.400000,0.760000,8.940000,3.650000,17.660000,336.810000,13.690000,26.010000,0.526316,0.040650,12.947368,13.272328,18.498122
1907-01-01,1907,9.560000,0.403300,0.751700,8.850000,3.670000,17.220000,330.740000,13.950000,26.010000,0.536517,0.042186,12.717840,12.939621,18.217817
1907-02-01,1907,9.260000,0.406700,0.743300,9.040000,3.690000,16.220000,313.620000,13.770000,25.170000,0.547155,0.043920,12.457958,12.579055,17.337946
1907-03-01,1907,8.350000,0.410000,0.735000,8.940000,3.700000,14.690000,285.810000,14.030000,25.160000,0.557823,0.049102,11.360544,11.388924,15.873154
1907-04-01,1907,8.390000,0.413300,0.726700,8.940000,3.720000,14.670000,287.180000,14.150000,24.870000,0.568735,0.049261,11.545342,11.490083,16.014143
1907-05-01,1907,8.100000,0.416700,0.718300,9.130000,3.740000,13.790000,271.470000,13.970000,24.070000,0.580120,0.051444,11.276625,11.140097,15.203243
1907-06-01,1907,7.840000,0.420000,0.710000,9.230000,3.750000,13.140000,260.050000,13.930000,23.550000,0.591549,0.053571,11.042254,10.830271,14.620280
1907-07-01,1907,8.140000,0.423300,0.701700,9.230000,3.770000,13.590000,270.000000,14.040000,23.280000,0.603249,0.052002,11.600399,11.293044,15.244998
1907-08-01,1907,7.530000,0.426700,0.693300,9.230000,3.790000,12.510000,249.770000,14.150000,23.000000,0.615462,0.056667,10.861099,10.495699,14.168625
1907-09-01,1907,7.450000,0.430000,0.685000,9.230000,3.800000,12.330000,247.120000,14.260000,22.720000,0.627737,0.057718,10.875912,10.433754,14.085002
1907-10-01,1907,6.640000,0.433300,0.676700,9.320000,3.820000,10.830000,218.000000,14.230000,22.220000,0.640313,0.065256,9.812325,9.349530,12.499479
1907-11-01,1907,6.250000,0.436700,0.668300,8.940000,3.840000,10.590000,213.930000,14.950000,22.870000,0.653449,0.069872,9.352087,8.851229,12.336276
1907-12-01,1907,6.570000,0.440000,0.660000,8.750000,3.850000,11.330000,229.770000,15.390000,23.080000,0.666667,0.066971,9.954545,9.355950,13.322872
1908-01-01,1908,6.850000,0.436700,0.653300,8.660000,3.870000,11.900000,242.190000,15.440000,23.100000,0.668452,0.063752,10.485229,9.806896,14.110153
1908-02-01,1908,6.600000,0.433300,0.646700,8.560000,3.860000,11.550000,235.950000,15.490000,23.120000,0.670017,0.065652,10.205660,9.501081,13.829844
1908-03-01,1908,6.870000,0.430000,0.640000,8.560000,3.850000,11.980000,245.600000,15.370000,22.880000,0.671875,0.062591,10.734375,9.941741,14.471273
1908-04-01,1908,7.240000,0.426700,0.633300,8.660000,3.840000,12.450000,255.980000,15.090000,22.390000,0.673772,0.058936,11.432181,10.529032,15.149162
1908-05-01,1908,7.630000,0.423300,0.626700,8.660000,3.830000,13.080000,269.770000,14.970000,22.160000,0.675443,0.055478,12.174884,11.147916,16.039611
1908-06-01,1908,7.640000,0.420000,0.620000,8.660000,3.820000,13.050000,270.130000,14.850000,21.920000,0.677419,0.054974,12.322581,11.214066,16.134787
1908-07-01,1908,7.920000,0.416700,0.613300,8.750000,3.810000,13.350000,276.980000,14.570000,21.450000,0.679439,0.052614,12.913745,11.676426,16.627230
1908-08-01,1908,8.260000,0.413300,0.606700,8.750000,3.810000,13.880000,288.870000,14.450000,21.220000,0.681226,0.050036,13.614637,12.228881,17.413927
1908-09-01,1908,8.170000,0.410000,0.600000,8.750000,3.800000,13.700000,285.720000,14.340000,20.980000,0.683333,0.050184,13.616667,12.146627,17.296797
1908-10-01,1908,8.270000,0.406700,0.593300,8.850000,3.790000,13.690000,286.110000,14.070000,20.530000,0.685488,0.049178,13.938985,12.346098,17.382190
1908-11-01,1908,8.830000,0.403300,0.586700,8.940000,3.780000,14.440000,302.240000,13.800000,20.080000,0.687404,0.045674,15.050281,13.232705,18.442898
1908-12-01,1908,9.030000,0.400000,0.580000,9.040000,3.770000,14.580000,305.830000,13.550000,19.640000,0.689655,0.044297,15.568966,13.582793,18.721415
1909-01-01,1909,9.060000,0.403300,0.595000,8.940000,3.760000,14.760000,310.110000,13.800000,20.370000,0.677815,0.044514,15.226891,13.678058,19.063602
1909-02-01,1909,8.800000,0.406700,0.610000,9.040000,3.770000,14.170000,298.040000,13.770000,20.660000,0.666721,0.046216,14.426230,13.336270,18.381628
1909-03-01,1909,8.920000,0.410000,0.625000,9.040000,3.780000,14.340000,302.100000,13.890000,21.170000,0.656000,0.045964,14.272000,13.569490,18.703081
1909-04-01,1909,9.320000,0.413300,0.640000,9.230000,3.800000,14.650000,309.140000,13.710000,21.230000,0.645781,0.044345,14.562500,14.229963,19.209680
1909-05-01,1909,9.630000,0.416700,0.655000,9.320000,3.810000,14.950000,316.170000,13.680000,21.500000,0.636183,0.043271,14.702290,14.755864,19.727260
1909-06-01,1909,9.800000,0.420000,0.670000,9.420000,3.820000,15.040000,318.500000,13.650000,21.770000,0.626866,0.042857,14.626866,15.069560,19.932773
1909-07-01,1909,9.940000,0.423300,0.685000,9.420000,3.830000,15.230000,323.050000,13.760000,22.260000,0.617956,0.042586,14.510949,15.338659,20.288715
1909-08-01,1909,10.180000,0.426700,0.700000,9.510000,3.850000,15.420000,327.540000,13.730000,22.520000,0.609571,0.041916,14.542857,15.763443,20.653260
1909-09-01,1909,10.190000,0.430000,0.715000,9.610000,3.860000,15.250000,324.610000,13.700000,22.780000,0.601399,0.042198,14.251748,15.833989,20.529813
1909-10-01,1909,10.230000,0.433300,0.730000,9.800000,3.870000,14.990000,319.560000,13.540000,22.800000,0.593562,0.042356,14.013699,15.951824,20.281605
1909-11-01,1909,10.180000,0.436700,0.745000,9.900000,3.880000,14.750000,314.940000,13.510000,23.050000,0.586174,0.042898,13.664430,15.930163,20.049478
1909-12-01,1909,10.300000,0.440000,0.760000,9.990000,3.900000,14.750000,315.620000,13.480000,23.290000,0.578947,0.042718,13.552632,16.174892,20.174090
1910-01-01,1910,10.080000,0.442500,0.757500,9.900000,3.910000,14.550000,311.850000,13.690000,23.430000,0.584158,0.043899,13.306931,15.886990,19.995140
1910-02-01,1910,9.720000,0.445000,0.755000,9.900000,3.920000,14.000000,300.710000,13.770000,23.360000,0.589404,0.045782,12.874172,15.377715,19.354175
1910-03-01,1910,9.960000,0.447500,0.752500,10.090000,3.920000,14.050000,302.320000,13.580000,22.840000,0.594684,0.044930,13.235880,15.816080,19.531057
1910-04-01,1910,9.720000,0.450000,0.750000,10.180000,3.930000,13.560000,292.280000,13.530000,22.550000,0.600000,0.046296,12.960000,15.494188,18.964399
1910-05-01,1910,9.560000,0.452500,0.747500,9.990000,3.930000,13.570000,292.940000,13.870000,22.910000,0.605351,0.047333,12.789298,15.298916,19.081531
1910-06-01,1910,9.100000,0.455000,0.745000,9.900000,3.940000,13.020000,281.530000,14.080000,23.050000,0.610738,0.050000,12.214765,14.623121,18.404453
1910-07-01,1910,8.640000,0.457500,0.742500,9.900000,3.950000,12.340000,267.300000,14.150000,22.970000,0.616162,0.052951,11.636364,13.944860,17.550803
1910-08-01,1910,8.850000,0.460000,0.740000,9.800000,3.950000,12.750000,276.450000,14.370000,23.120000,0.621622,0.051977,11.959459,14.345331,18.239063
1910-09-01,1910,8.910000,0.462500,0.737500,9.700000,3.960000,12.940000,281.060000,14.590000,23.260000,0.627119,0.051908,12.081356,14.504723,18.631840
1910-10-01,1910,9.320000,0.465000,0.735000,9.420000,3.960000,13.920000,302.900000,15.110000,23.890000,0.632653,0.049893,12.680272,15.234911,20.151485
1910-11-01,1910,9.310000,0.467500,0.732500,9.230000,3.970000,14.160000,308.810000,15.510000,24.300000,0.638225,0.050215,12.709898,15.281907,20.629747
1910-12-01,1910,9.050000,0.470000,0.730000,9.230000,3.970000,13.740000,300.190000,15.590000,24.210000,0.643836,0.051934,12.397260,14.919078,20.139947
1911-01-01,1911,9.270000,0.470000,0.718300,9.230000,3.980000,14.050000,307.480000,15.590000,23.830000,0.654323,0.050701,12.905471,15.346319,20.716699
1911-02-01,1911,9.430000,0.470000,0.706700,8.940000,3.980000,14.720000,322.770000,16.090000,24.190000,0.665063,0.049841,13.343710,15.676036,21.848255
1911-03-01,1911,9.320000,0.470000,0.695000,9.040000,3.980000,14.370000,315.650000,15.920000,23.540000,0.676259,0.050429,13.410072,15.558285,21.444274
1911-04-01,1911,9.280000,0.470000,0.683300,8.750000,3.990000,14.750000,324.540000,16.440000,23.900000,0.687838,0.050647,13.581150,15.556894,22.153017
1911-05-01,1911,9.480000,0.470000,0.671700,8.750000,3.990000,15.050000,331.540000,16.440000,23.490000,0.699717,0.049578,14.113444,15.957831,22.723951
1911-06-01,1911,9.670000,0.470000,0.660000,8.750000,3.990000,15.330000,338.180000,16.440000,23.080000,0.712121,0.048604,14.651515,16.343590,23.273273
1911-07-01,1911,9.630000,0.470000,0.648300,8.850000,4.000000,15.080000,333.160000,16.260000,22.430000,0.724973,0.048806,14.854234,16.342182,23.008315
1911-08-01,1911,9.170000,0.470000,0.636700,9.130000,4.000000,13.900000,307.330000,15.750000,21.340000,0.738181,0.051254,14.402387,15.628025,21.328060
1911-09-01,1911,8.670000,0.470000,0.625000,9.230000,4.000000,13.000000,287.580000,15.590000,20.730000,0.752000,0.054210,13.872000,14.842647,20.036769
1911-10-01,1911,8.720000,0.470000,0.613300,9.230000,4.000000,13.070000,289.240000,15.590000,20.340000,0.766346,0.053899,14.218164,14.995296,20.242837
1911-11-01,1911,9.070000,0.470000,0.601700,9.130000,4.000000,13.730000,303.980000,15.750000,20.170000,0.781120,0.051819,15.073957,15.664524,21.377872
1911-12-01,1911,9.110000,0.470000,0.590000,9.040000,4.010000,13.930000,308.540000,15.920000,19.980000,0.796610,0.051592,15.440678,15.801251,21.779157
1912-01-01,1912,9.120000,0.470800,0.599200,9.130000,4.010000,13.790000,305.660000,15.780000,20.080000,0.785714,0.051623,15.220294,15.886530,21.680850
1912-02-01,1912,9.040000,0.471700,0.608300,9.230000,4.050000,13.530000,299.860000,15.650000,20.180000,0.775440,0.052179,14.861088,15.815517,21.350091
1912-03-01,1912,9.300000,0.472500,0.617500,9.420000,4.080000,13.640000,302.250000,15.360000,20.070000,0.765182,0.050806,15.060729,16.339158,21.612092
1912-04-01,1912,9.590000,0.473300,0.626700,9.700000,4.120000,13.650000,302.510000,14.930000,19.770000,0.755226,0.049353,15.302378,16.917836,21.731571
1912-05-01,1912,9.580000,0.474200,0.635800,9.700000,4.160000,13.650000,302.190000,14.960000,20.060000,0.745832,0.049499,15.067631,16.969775,21.798288
1912-06-01,1912,9.580000,0.475000,0.645000,9.610000,4.190000,13.790000,305.180000,15.130000,20.550000,0.736434,0.049582,14.852713,17.039774,22.093192
1912-07-01,1912,9.590000,0.475800,0.654200,9.610000,4.230000,13.800000,305.500000,15.160000,20.840000,0.727301,0.049614,14.659126,17.127967,22.207540
1912-08-01,1912,9.810000,0.476700,0.663300,9.700000,4.270000,13.980000,309.440000,15.040000,20.920000,0.718679,0.048593,14.789688,17.591708,22.597183
1912-09-01,1912,9.860000,0.477500,0.672500,9.800000,4.300000,13.930000,308.000000,14.920000,21.010000,0.710037,0.048428,14.661710,17.752606,22.571171
1912-10-01,1912,9.840000,0.478300,0.681700,9.800000,4.340000,13.910000,307.380000,14.940000,21.290000,0.701628,0.048608,14.434502,17.788240,22.616477
1912-11-01,1912,9.730000,0.479200,0.690800,9.800000,4.380000,13.750000,303.940000,14.970000,21.580000,0.693688,0.049250,14.085119,17.661442,22.455262
1912-12-01,1912,9.380000,0.480000,0.700000,9.700000,4.410000,13.390000,295.880000,15.140000,22.080000,0.685714,0.051173,13.400000,17.098623,21.963799
1913-01-01,1913,9.300000,0.480000,0.694200,9.800000,4.450000,13.150000,290.510000,14.990000,21.690000,0.691443,0.051613,13.396716,17.025708,21.646972
1913-02-01,1913,8.970000,0.480000,0.688300,9.800000,4.430000,12.680000,280.200000,14.990000,21.500000,0.697370,0.053512,13.032108,16.494799,20.971959
1913-03-01,1913,8.800000,0.480000,0.682500,9.800000,4.400000,12.440000,274.890000,14.990000,21.320000,0.703297,0.054545,12.893773,16.255744,20.668017
1913-04-01,1913,8.790000,0.480000,0.676700,9.800000,4.380000,12.430000,274.580000,14.990000,21.140000,0.709325,0.054608,12.989508,16.311161,20.738477
1913-05-01,1913,8.550000,0.480000,0.670800,9.700000,4.350000,12.220000,269.830000,15.150000,21.170000,0.715564,0.056140,12.745975,15.940031,20.475545
1913-06-01,1913,8.120000,0.480000,0.665000,9.800000,4.330000,11.490000,253.650000,14.990000,20.770000,0.721805,0.059113,12.210526,15.212942,19.342169
1913-07-01,1913,8.230000,0.480000,0.659200,9.900000,4.300000,11.530000,254.490000,14.840000,20.380000,0.728155,0.058323,12.484830,15.493969,19.500491
1913-08-01,1913,8.450000,0.480000,0.653300,9.900000,4.280000,11.850000,261.290000,14.840000,20.200000,0.734731,0.056805,12.934333,15.983451,20.116545
1913-09-01,1913,8.530000,0.480000,0.647500,10.000000,4.260000,11.840000,261.130000,14.690000,19.820000,0.741313,0.056272,13.173745,16.210435,20.198202
1913-10-01,1913,8.260000,0.480000,0.641700,10.000000,4.230000,11.470000,252.860000,14.690000,19.640000,0.748013,0.058111,12.872059,15.773342,19.653584
1913-11-01,1913,8.050000,0.480000,0.635800,10.100000,4.210000,11.070000,243.990000,14.550000,19.270000,0.754954,0.059627,12.661214,15.448709,19.058507
1913-12-01,1913,8.040000,0.480000,0.630000,10.000000,4.180000,11.170000,246.130000,14.690000,19.290000,0.761905,0.059701,12.761905,15.506282,19.320827
1914-01-01,1914,8.370000,0.475000,0.620800,10.000000,4.160000,11.640000,256.230000,14.540000,19.000000,0.765142,0.056750,13.482603,16.219880,20.209970
1914-02-01,1914,8.480000,0.470000,0.611700,9.900000,4.170000,11.910000,262.220000,14.530000,18.910000,0.768350,0.055425,13.863005,16.509751,20.778939
1914-03-01,1914,8.320000,0.465000,0.602500,9.900000,4.170000,11.690000,257.270000,14.380000,18.630000,0.771784,0.055889,13.809129,16.274500,20.482856
1914-04-01,1914,8.120000,0.460000,0.593300,9.800000,4.180000,11.520000,253.650000,14.370000,18.530000,0.775324,0.056650,13.686162,15.959084,20.290835
1914-05-01,1914,8.170000,0.455000,0.584200,9.900000,4.190000,11.480000,252.630000,14.070000,18.060000,0.778843,0.055692,13.984937,16.132695,20.304381
1914-06-01,1914,8.130000,0.450000,0.575000,9.900000,4.190000,11.430000,251.400000,13.910000,17.780000,0.782609,0.055351,14.139130,16.128581,20.299204
1914-07-01,1914,7.680000,0.445000,0.565800,10.000000,4.200000,10.690000,235.110000,13.620000,17.320000,0.786497,0.057943,13.573701,15.310249,19.076570
1914-08-01,1914,7.680000,0.440000,0.556700,10.200000,4.210000,10.490000,230.500000,13.210000,16.710000,0.790372,0.057292,13.795581,15.384175,18.792826
1914-09-01,1914,7.680000,0.435000,0.547500,10.200000,4.210000,10.500000,230.500000,13.060000,16.430000,0.794521,0.056641,14.027397,15.457624,18.882548
1914-10-01,1914,7.680000,0.430000,0.538300,10.100000,4.220000,10.610000,232.780000,13.030000,16.320000,0.798811,0.055990,14.267137,15.530585,19.159513
1914-11-01,1914,7.680000,0.425000,0.529200,10.200000,4.230000,10.520000,230.500000,12.760000,15.880000,0.803099,0.055339,14.512472,15.603047,19.060193
1914-12-01,1914,7.350000,0.420000,0.520000,10.100000,4.230000,10.170000,222.780000,12.730000,15.760000,0.807692,0.057143,14.134615,15.004558,18.510574
1915-01-01,1915,7.480000,0.420800,0.550000,10.100000,4.240000,10.360000,226.720000,12.750000,16.670000,0.765091,0.056257,13.600000,15.341395,18.926117
1915-02-01,1915,7.380000,0.421700,0.580000,10.000000,4.220000,10.330000,225.920000,12.910000,17.760000,0.727069,0.057141,12.724138,15.208217,18.949439
1915-03-01,1915,7.570000,0.422500,0.610000,9.900000,4.210000,10.710000,234.080000,13.060000,18.860000,0.692623,0.055812,12.409836,15.672175,19.724777
1915-04-01,1915,8.140000,0.423300,0.640000,10.000000,4.190000,11.400000,249.190000,12.960000,19.590000,0.661406,0.052002,12.718750,16.925138,21.088722
1915-05-01,1915,7.950000,0.424200,0.670000,10.100000,4.180000,11.030000,240.960000,12.860000,20.310000,0.633134,0.053358,11.865672,16.603425,20.483037
1915-06-01,1915,8.040000,0.425000,0.700000,10.100000,4.160000,11.150000,243.690000,12.880000,21.220000,0.607143,0.052861,11.485714,16.865216,20.805999
1915-07-01,1915,8.010000,0.425800,0.730000,10.100000,4.140000,11.110000,242.780000,12.910000,22.130000,0.583288,0.053159,10.972603,16.876578,20.820016
1915-08-01,1915,8.350000,0.426700,0.760000,10.100000,4.130000,11.580000,253.090000,12.930000,23.040000,0.561447,0.051102,10.986842,17.667699,21.795993
1915-09-01,1915,8.660000,0.427500,0.790000,10.100000,4.110000,12.010000,262.480000,12.960000,23.940000,0.541139,0.049365,10.962025,18.398863,22.698003
1915-10-01,1915,9.140000,0.428300,0.820000,10.200000,4.100000,12.550000,274.310000,12.850000,24.610000,0.522317,0.046860,11.146341,19.494349,23.813686
1915-11-01,1915,9.460000,0.429200,0.850000,10.300000,4.080000,12.860000,281.160000,12.760000,25.260000,0.504941,0.045370,11.129412,20.252990,24.500219
1915-12-01,1915,9.480000,0.430000,0.880000,10.300000,4.070000,12.880000,281.760000,12.780000,26.150000,0.488636,0.045359,10.772727,20.372382,24.644648
1916-01-01,1916,9.330000,0.440800,0.934200,10.400000,4.050000,12.540000,274.630000,12.980000,27.500000,0.471848,0.047245,9.987155,20.127039,24.113741
1916-02-01,1916,9.200000,0.451700,0.988300,10.400000,4.060000,12.350000,270.810000,13.300000,29.090000,0.457047,0.049098,9.308914,19.925841,23.872690
1916-03-01,1916,9.170000,0.462500,1.042000,10.500000,4.080000,12.180000,267.350000,13.480000,30.380000,0.443858,0.050436,8.800384,19.942391,23.664971
1916-04-01,1916,9.070000,0.473300,1.097000,10.600000,4.090000,11.910000,261.940000,13.670000,31.680000,0.431449,0.052183,8.268004,19.808735,23.284608
1916-05-01,1916,9.270000,0.484200,1.151000,10.700000,4.110000,12.030000,265.220000,13.850000,32.930000,0.420678,0.052233,8.053866,20.331672,23.675947
1916-06-01,1916,9.360000,0.495000,1.205000,10.800000,4.120000,12.000000,265.310000,14.030000,34.160000,0.410788,0.052885,7.767635,20.617566,23.786562
1916-07-01,1916,9.230000,0.505800,1.259000,10.800000,4.140000,11.790000,261.630000,14.340000,35.690000,0.401747,0.054800,7.331215,20.422073,23.561021
1916-08-01,1916,9.300000,0.516700,1.313000,10.900000,4.160000,11.730000,261.190000,14.510000,36.880000,0.393526,0.055559,7.083016,20.670214,23.628519
1916-09-01,1916,9.680000,0.527500,1.368000,11.100000,4.170000,11.940000,266.970000,14.550000,37.730000,0.385599,0.054494,7.076023,21.610505,24.258278
1916-10-01,1916,9.980000,0.538300,1.422000,11.300000,4.190000,12.050000,270.370000,14.580000,38.520000,0.378551,0.053938,7.018284,22.378388,24.675639
1916-11-01,1916,10.210000,0.549200,1.476000,11.500000,4.200000,12.050000,271.790000,14.620000,39.290000,0.372087,0.053790,6.917344,22.994709,24.914268
1916-12-01,1916,9.800000,0.560000,1.530000,11.600000,4.210000,11.410000,258.620000,14.780000,40.380000,0.366013,0.057143,6.405229,22.174392,23.818356
1917-01-01,1917,9.570000,0.570800,1.509000,11.700000,4.230000,10.990000,250.400000,14.930000,39.480000,0.378264,0.059645,6.341948,21.759565,23.173007
1917-02-01,1917,9.030000,0.581700,1.488000,12.000000,4.260000,10.060000,230.360000,14.840000,37.960000,0.390927,0.064419,6.068548,20.639906,21.431103
1917-03-01,1917,9.310000,0.592500,1.468000,12.000000,4.290000,10.330000,237.500000,15.120000,37.450000,0.403610,0.063641,6.341962,21.390703,22.210680
1917-04-01,1917,9.170000,0.603300,1.447000,12.600000,4.320000,9.640000,222.790000,14.660000,35.160000,0.416932,0.065791,6.337249,21.182482,20.947121
1917-05-01,1917,8.860000,0.614200,1.426000,12.800000,4.340000,9.140000,211.900000,14.690000,34.100000,0.430715,0.069323,6.213184,20.582524,20.035800
1917-06-01,1917,9.040000,0.625000,1.405000,13.000000,4.370000,9.150000,212.880000,14.720000,33.090000,0.444840,0.069137,6.434164,21.119582,20.242307
1917-07-01,1917,8.790000,0.635800,1.384000,12.800000,4.400000,9.000000,210.220000,15.210000,33.100000,0.459393,0.072332,6.351156,20.657202,20.108495
1917-08-01,1917,8.530000,0.646700,1.363000,13.000000,4.430000,8.570000,200.870000,15.230000,32.100000,0.474468,0.075815,6.258254,20.170696,19.332836
1917-09-01,1917,8.120000,0.657500,1.343000,13.300000,4.460000,7.950000,186.900000,15.130000,30.910000,0.489576,0.080973,6.046165,19.328615,18.107860
1917-10-01,1917,7.680000,0.668300,1.322000,13.500000,4.490000,7.390000,174.150000,15.150000,29.980000,0.505522,0.087018,5.809380,18.411676,16.993295
1917-11-01,1917,7.040000,0.679200,1.301000,13.500000,4.510000,6.750000,159.640000,15.400000,29.500000,0.522060,0.096477,5.411222,17.010882,15.700414
1917-12-01,1917,6.800000,0.690000,1.280000,13.700000,4.540000,6.410000,151.950000,15.420000,28.600000,0.539062,0.101471,5.312500,16.567729,15.068169
1918-01-01,1918,7.210000,0.680000,1.256000,14.000000,4.570000,6.640000,157.660000,14.870000,27.460000,0.541401,0.094313,5.740446,17.706761,15.759017
1918-02-01,1918,7.430000,0.670000,1.232000,14.100000,4.560000,6.780000,161.310000,14.550000,26.750000,0.543831,0.090175,6.030844,18.386216,16.247677
1918-03-01,1918,7.280000,0.660000,1.208000,14.000000,4.560000,6.690000,159.190000,14.430000,26.410000,0.546358,0.090659,6.026490,18.153192,16.156341
1918-04-01,1918,7.210000,0.650000,1.183000,14.200000,4.550000,6.520000,155.440000,14.010000,25.500000,0.549451,0.090153,6.094675,18.115788,15.895966
1918-05-01,1918,7.440000,0.640000,1.159000,14.500000,4.550000,6.580000,157.080000,13.510000,24.470000,0.552200,0.086022,6.419327,18.829783,16.180627
1918-06-01,1918,7.450000,0.630000,1.135000,14.700000,4.540000,6.500000,155.150000,13.120000,23.640000,0.555066,0.084564,6.563877,18.990073,16.096347
1918-07-01,1918,7.510000,0.620000,1.111000,15.100000,4.540000,6.370000,152.250000,12.570000,22.520000,0.558056,0.082557,6.759676,19.276835,15.906581
1918-08-01,1918,7.580000,0.610000,1.087000,15.400000,4.530000,6.300000,150.680000,12.130000,21.610000,0.561178,0.080475,6.973321,19.589132,15.849389
1918-09-01,1918,7.540000,0.600000,1.063000,15.700000,4.520000,6.150000,147.020000,11.700000,20.730000,0.564440,0.079576,7.093133,19.617129,15.568753
1918-10-01,1918,7.860000,0.590000,1.038000,16.000000,4.520000,6.290000,150.390000,11.290000,19.860000,0.568401,0.075064,7.572254,20.579773,16.026498
1918-11-01,1918,8.060000,0.580000,1.014000,16.300000,4.510000,6.330000,151.370000,10.890000,19.040000,0.571992,0.071960,7.948718,21.232164,16.230231
1918-12-01,1918,7.900000,0.570000,0.990000,16.500000,4.510000,6.130000,146.570000,10.580000,18.370000,0.575758,0.072152,7.979798,20.938005,15.811366
1919-01-01,1919,7.850000,0.566700,0.985000,16.500000,4.500000,6.100000,145.640000,10.510000,18.270000,0.575330,0.072191,7.969543,20.931379,15.806362
1919-02-01,1919,7.880000,0.563300,0.980000,16.200000,4.540000,6.240000,148.910000,10.640000,18.520000,0.574796,0.071485,8.040816,21.137293,16.257449
1919-03-01,1919,8.120000,0.560000,0.975000,16.400000,4.580000,6.360000,151.570000,10.450000,18.200000,0.574359,0.068966,8.328205,21.906985,16.643965
1919-04-01,1919,8.390000,0.556700,0.970000,16.700000,4.620000,6.460000,153.800000,10.200000,17.780000,0.573918,0.066353,8.649485,22.761321,16.982399
1919-05-01,1919,8.970000,0.553300,0.965000,16.900000,4.660000,6.830000,162.480000,10.020000,17.480000,0.573368,0.061683,9.295337,24.460666,18.034313
1919-06-01,1919,9.210000,0.550000,0.960000,16.900000,4.700000,7.020000,166.830000,9.960000,17.390000,0.572917,0.059718,9.593750,25.240866,18.609538
1919-07-01,1919,9.510000,0.546700,0.955000,17.400000,4.730000,7.050000,167.310000,9.620000,16.800000,0.572461,0.057487,9.958115,26.188655,18.753485
1919-08-01,1919,8.870000,0.543300,0.950000,17.700000,4.770000,6.480000,153.410000,9.400000,16.430000,0.571895,0.061251,9.336842,24.551680,17.283273
1919-09-01,1919,9.010000,0.540000,0.945000,17.800000,4.810000,6.560000,154.960000,9.290000,16.250000,0.571429,0.059933,9.534392,25.064512,17.545158
1919-10-01,1919,9.470000,0.536700,0.940000,18.100000,4.850000,6.790000,160.170000,9.080000,15.900000,0.570957,0.056674,10.074468,26.469348,18.221441
1919-11-01,1919,9.190000,0.533300,0.935000,18.500000,4.890000,6.470000,152.070000,8.820000,15.470000,0.570374,0.058030,9.828877,25.811737,17.384554
1919-12-01,1919,8.920000,0.530000,0.930000,18.900000,4.930000,6.160000,144.480000,8.580000,15.060000,0.569892,0.059417,9.591398,25.178217,16.598973
1920-01-01,1920,8.830000,0.528300,0.919200,19.300000,4.970000,5.990000,140.060000,8.380000,14.580000,0.574739,0.059830,9.606179,25.048844,16.171430
1920-02-01,1920,8.100000,0.526700,0.908300,19.500000,4.980000,5.460000,127.160000,8.270000,14.260000,0.579874,0.065025,8.917758,23.102878,14.762147
1920-03-01,1920,8.670000,0.525000,0.897500,19.700000,4.990000,5.800000,134.730000,8.160000,13.950000,0.584958,0.060554,9.660167,24.853825,15.719729
1920-04-01,1920,8.600000,0.523300,0.886700,20.300000,5.000000,5.600000,129.690000,7.890000,13.370000,0.590166,0.060849,9.698884,24.778575,15.208919
1920-05-01,1920,8.060000,0.521700,0.875800,20.600000,5.010000,5.190000,119.780000,7.750000,13.010000,0.595684,0.064727,9.203014,23.348357,14.122356
1920-06-01,1920,7.920000,0.520000,0.865000,20.900000,5.020000,5.040000,116.010000,7.620000,12.670000,0.601156,0.065657,9.156069,23.068741,13.752943
1920-07-01,1920,7.910000,0.518300,0.854200,20.800000,5.030000,5.080000,116.420000,7.630000,12.570000,0.606767,0.065525,9.260126,23.165832,13.877224
1920-08-01,1920,7.600000,0.516700,0.843300,20.300000,5.040000,5.020000,114.610000,7.790000,12.720000,0.612712,0.067987,9.012214,22.384437,13.739413
1920-09-01,1920,7.870000,0.515000,0.832500,20.000000,5.050000,5.300000,120.460000,7.880000,12.740000,0.618619,0.065438,9.453453,23.306494,14.519946
1920-10-01,1920,7.880000,0.513300,0.821700,19.900000,5.060000,5.350000,121.220000,7.900000,12.640000,0.624681,0.065140,9.589875,23.463203,14.691031
1920-11-01,1920,7.480000,0.511700,0.810800,19.800000,5.070000,5.130000,115.650000,7.910000,12.540000,0.631105,0.068409,9.225456,22.399543,14.095874
1920-12-01,1920,6.810000,0.510000,0.800000,19.400000,5.080000,4.780000,107.460000,8.050000,12.620000,0.637500,0.074890,8.512500,20.520861,13.179893
1921-01-01,1921,7.110000,0.505800,0.757500,19.000000,5.090000,5.120000,114.560000,8.150000,12.200000,0.667723,0.071139,9.386139,21.552931,14.134185
1921-02-01,1921,7.060000,0.501700,0.715000,18.400000,5.020000,5.270000,117.460000,8.350000,11.900000,0.701678,0.071062,9.874126,21.529135,14.578968
1921-03-01,1921,6.880000,0.497500,0.672500,18.300000,4.960000,5.190000,115.090000,8.320000,11.250000,0.739777,0.072311,10.230483,21.107726,14.371708
1921-04-01,1921,6.910000,0.493300,0.630000,18.100000,4.890000,5.300000,116.870000,8.340000,10.660000,0.783016,0.071389,10.968254,21.326959,14.681431
1921-05-01,1921,7.120000,0.489200,0.587500,17.700000,4.830000,5.610000,123.140000,8.460000,10.160000,0.832681,0.068708,12.119149,22.101977,15.558793
1921-06-01,1921,6.550000,0.485000,0.545000,17.600000,4.760000,5.220000,113.930000,8.440000,9.480000,0.889908,0.074046,12.018349,20.459126,14.484131
1921-07-01,1921,6.530000,0.480800,0.502500,17.700000,4.700000,5.200000,112.940000,8.320000,8.690000,0.956816,0.073629,12.995025,20.522898,14.447192
1921-08-01,1921,6.450000,0.476700,0.460000,17.700000,4.630000,5.160000,111.550000,8.240000,7.960000,1.036304,0.073907,14.021739,20.397393,14.358842
1921-09-01,1921,6.610000,0.472500,0.417500,17.500000,4.560000,5.380000,115.630000,8.270000,7.300000,1.131737,0.071483,15.832335,21.029000,14.972648
1921-10-01,1921,6.700000,0.468300,0.375000,17.500000,4.500000,5.480000,117.200000,8.190000,6.560000,1.248800,0.069896,17.866667,21.440593,15.265702
1921-11-01,1921,7.060000,0.464200,0.332500,17.400000,4.430000,5.840000,124.210000,8.170000,5.850000,1.396090,0.065751,21.233083,22.717508,16.267825
1921-12-01,1921,7.310000,0.460000,0.290000,17.300000,4.370000,6.110000,129.350000,8.140000,5.130000,1.586207,0.062927,25.206897,23.646427,17.030895
1922-01-01,1922,7.300000,0.464200,0.323300,16.900000,4.300000,6.290000,132.230000,8.410000,5.860000,1.435818,0.063589,22.579647,23.738080,17.501566
1922-02-01,1922,7.460000,0.468300,0.356700,16.900000,4.300000,6.460000,135.130000,8.480000,6.460000,1.312868,0.062775,20.913933,24.384156,17.977905
1922-03-01,1922,7.740000,0.472500,0.390000,16.700000,4.310000,6.820000,141.880000,8.660000,7.150000,1.211538,0.061047,19.846154,25.426939,18.971237
1922-04-01,1922,8.210000,0.476700,0.423300,16.700000,4.310000,7.270000,150.500000,8.740000,7.760000,1.126152,0.058063,19.395228,27.100304,20.219748
1922-05-01,1922,8.530000,0.480800,0.456700,16.700000,4.320000,7.590000,156.360000,8.810000,8.370000,1.052770,0.056366,18.677469,28.287716,21.105685
1922-06-01,1922,8.450000,0.485000,0.490000,16.700000,4.330000,7.560000,154.900000,8.890000,8.980000,0.989796,0.057396,17.244898,28.155287,21.006879
1922-07-01,1922,8.510000,0.489200,0.523300,16.800000,4.330000,7.600000,155.070000,8.910000,9.540000,0.934837,0.057485,16.262182,28.489874,21.129990
1922-08-01,1922,8.830000,0.493300,0.556700,16.600000,4.330000,8.020000,162.840000,9.100000,10.270000,0.886115,0.055866,15.861326,29.697653,22.291130
1922-09-01,1922,9.060000,0.497500,0.590000,16.600000,4.340000,8.270000,167.080000,9.170000,10.880000,0.843220,0.054912,15.355932,30.609463,22.975536
1922-10-01,1922,9.260000,0.501700,0.623300,16.700000,4.340000,8.430000,169.740000,9.200000,11.430000,0.804909,0.054179,14.856409,31.425236,23.446613
1922-11-01,1922,8.800000,0.505800,0.656700,16.800000,4.350000,8.000000,160.350000,9.220000,11.970000,0.770215,0.057477,13.400335,30.006038,22.254479
1922-12-01,1922,8.780000,0.510000,0.690000,16.900000,4.350000,7.960000,159.040000,9.240000,12.500000,0.739130,0.058087,12.724638,30.081565,22.178479
1923-01-01,1923,8.900000,0.511700,0.714200,16.800000,4.360000,8.150000,162.170000,9.320000,13.010000,0.716466,0.057494,12.461495,30.638314,22.723416
1923-02-01,1923,9.280000,0.513300,0.738300,16.800000,4.330000,8.530000,169.100000,9.350000,13.450000,0.695246,0.055313,12.569416,32.093261,23.802502
1923-03-01,1923,9.430000,0.515000,0.762500,16.800000,4.310000,8.700000,171.830000,9.380000,13.890000,0.675410,0.054613,12.367213,32.759939,24.296955
1923-04-01,1923,9.100000,0.516700,0.786700,16.900000,4.290000,8.370000,164.840000,9.360000,14.250000,0.656794,0.056780,11.567306,31.762608,23.417876
1923-05-01,1923,8.670000,0.518300,0.810800,16.900000,4.260000,8.000000,157.050000,9.390000,14.690000,0.639245,0.059781,10.693143,30.412029,22.422123
1923-06-01,1923,8.340000,0.520000,0.835000,17.000000,4.230000,7.670000,150.180000,9.360000,15.040000,0.622754,0.062350,9.988024,29.405982,21.552855
1923-07-01,1923,8.060000,0.521700,0.859200,17.200000,4.210000,7.350000,143.450000,9.290000,15.290000,0.607193,0.064727,9.380819,28.571520,20.697740
1923-08-01,1923,8.100000,0.523300,0.883300,17.100000,4.180000,7.440000,145.010000,9.370000,15.810000,0.592437,0.064605,9.170157,28.867426,21.034394
1923-09-01,1923,8.150000,0.525000,0.907500,17.200000,4.160000,7.460000,145.050000,9.340000,16.150000,0.578512,0.064417,8.980716,29.201035,21.153773
1923-10-01,1923,8.030000,0.526700,0.931700,17.300000,4.130000,7.320000,142.090000,9.320000,16.490000,0.565311,0.065592,8.618654,28.927835,20.834730
1923-11-01,1923,8.270000,0.528300,0.955800,17.300000,4.110000,7.550000,146.340000,9.350000,16.910000,0.552731,0.063881,8.652438,29.950547,21.571319
1923-12-01,1923,8.550000,0.530000,0.980000,17.300000,4.080000,7.810000,151.290000,9.380000,17.340000,0.540816,0.061988,8.724490,31.124032,22.416499
1924-01-01,1924,8.830000,0.531700,0.975800,17.300000,4.060000,8.070000,156.250000,9.410000,17.270000,0.544886,0.060215,9.048985,32.304076,23.266404
1924-02-01,1924,8.870000,0.533300,0.971700,17.200000,4.040000,8.160000,157.870000,9.490000,17.290000,0.548832,0.060124,9.128332,32.612513,23.625111
1924-03-01,1924,8.700000,0.535000,0.967500,17.100000,4.030000,8.060000,155.750000,9.580000,17.320000,0.552972,0.061494,8.992248,32.150870,23.426892
1924-04-01,1924,8.500000,0.536700,0.963300,17.000000,4.010000,7.920000,153.060000,9.660000,17.350000,0.557147,0.063141,8.823835,31.576528,23.143737
1924-05-01,1924,8.470000,0.538300,0.959200,17.000000,3.990000,7.900000,152.520000,9.690000,17.270000,0.561197,0.063554,8.830275,31.631229,23.183831
1924-06-01,1924,8.630000,0.540000,0.955000,17.000000,3.980000,8.050000,155.400000,9.720000,17.200000,0.565445,0.062572,9.036649,32.396273,23.744563
1924-07-01,1924,9.030000,0.541700,0.950800,17.100000,3.960000,8.380000,161.660000,9.700000,17.020000,0.569731,0.059989,9.497265,34.066765,24.822917
1924-08-01,1924,9.340000,0.543300,0.946700,17.000000,3.940000,8.720000,168.190000,9.780000,17.050000,0.573888,0.058169,9.865850,35.406580,25.950940
1924-09-01,1924,9.250000,0.545000,0.942500,17.100000,3.930000,8.580000,165.600000,9.760000,16.870000,0.578249,0.058919,9.814324,35.237034,25.675640
1924-10-01,1924,9.130000,0.546700,0.938300,17.200000,3.910000,8.420000,162.500000,9.730000,16.700000,0.582649,0.059880,9.730363,34.952915,25.320542
1924-11-01,1924,9.640000,0.548300,0.934200,17.200000,3.890000,8.890000,171.570000,9.760000,16.630000,0.586919,0.056878,10.318990,37.079792,26.861291
1924-12-01,1924,10.160000,0.550000,0.930000,17.300000,3.880000,9.310000,179.780000,9.730000,16.460000,0.591398,0.054134,10.924731,39.255697,28.273178
1925-01-01,1925,10.580000,0.554200,0.956700,17.300000,3.860000,9.690000,187.220000,9.810000,16.930000,0.579283,0.052382,11.058848,41.055561,29.569496
1925-02-01,1925,10.670000,0.558300,0.983300,17.200000,3.850000,9.830000,189.910000,9.940000,17.500000,0.567782,0.052324,10.851215,41.584018,30.124237
1925-03-01,1925,10.390000,0.562500,1.010000,17.300000,3.830000,9.520000,183.850000,9.950000,17.870000,0.556931,0.054139,10.287129,40.674100,29.294756
1925-04-01,1925,10.280000,0.566700,1.037000,17.200000,3.810000,9.480000,182.960000,10.090000,18.460000,0.546480,0.055126,9.913211,40.426982,29.286058
1925-05-01,1925,10.610000,0.570800,1.063000,17.300000,3.800000,9.730000,187.750000,10.100000,18.810000,0.536971,0.053798,9.981185,41.910452,30.185216
1925-06-01,1925,10.800000,0.575000,1.090000,17.500000,3.790000,9.800000,188.920000,10.060000,19.070000,0.527523,0.053241,9.908257,42.848862,30.508390
1925-07-01,1925,11.100000,0.579200,1.117000,17.700000,3.770000,9.960000,191.980000,10.020000,19.320000,0.518532,0.052180,9.937332,44.229217,31.135369
1925-08-01,1925,11.250000,0.583300,1.143000,17.700000,3.760000,10.110000,194.570000,10.090000,19.770000,0.510324,0.051849,9.842520,45.019233,31.691505
1925-09-01,1925,11.510000,0.587500,1.170000,17.700000,3.740000,10.360000,199.070000,10.160000,20.240000,0.502137,0.051043,9.837607,46.254194,32.560862
1925-10-01,1925,11.890000,0.591700,1.197000,17.700000,3.730000,10.720000,205.640000,10.230000,20.700000,0.494319,0.049765,9.933166,47.978010,33.774350
1925-11-01,1925,12.260000,0.595800,1.223000,18.000000,3.710000,10.890000,208.510000,10.130000,20.800000,0.487163,0.048597,10.024530,49.669984,34.382667
1925-12-01,1925,12.460000,0.600000,1.250000,17.900000,3.700000,11.150000,213.090000,10.260000,21.380000,0.480000,0.048154,9.968000,50.681413,35.278793
1926-01-01,1926,12.650000,0.607500,1.249000,17.900000,3.680000,11.340000,216.340000,10.390000,21.360000,0.486389,0.048024,10.128102,51.657620,35.958321
1926-02-01,1926,12.670000,0.615000,1.248000,17.900000,3.650000,11.390000,216.680000,10.520000,21.340000,0.492788,0.048540,10.152244,51.946024,36.159076
1926-03-01,1926,11.810000,0.622500,1.248000,17.800000,3.620000,10.710000,203.110000,10.710000,21.460000,0.498798,0.052710,9.463141,48.630212,34.041148
1926-04-01,1926,11.480000,0.630000,1.247000,17.900000,3.600000,10.400000,196.330000,10.770000,21.330000,0.505213,0.054878,9.206095,47.484972,33.053785
1926-05-01,1926,11.560000,0.637500,1.246000,17.800000,3.570000,10.580000,198.810000,10.960000,21.430000,0.511637,0.055147,9.277689,48.033035,33.623124
1926-06-01,1926,12.110000,0.645000,1.245000,17.700000,3.540000,11.200000,209.450000,11.160000,21.530000,0.518072,0.053262,9.726908,50.539084,35.577231
1926-07-01,1926,12.620000,0.652500,1.244000,17.500000,3.510000,11.870000,220.760000,11.410000,21.760000,0.524518,0.051704,10.144695,52.891801,37.658962
1926-08-01,1926,13.120000,0.660000,1.243000,17.400000,3.480000,12.490000,230.830000,11.610000,21.870000,0.530973,0.050305,10.555109,55.215248,39.539194
1926-09-01,1926,13.320000,0.667500,1.242000,17.500000,3.450000,12.690000,233.010000,11.680000,21.730000,0.537440,0.050113,10.724638,56.288410,40.077348
1926-10-01,1926,13.020000,0.675000,1.242000,17.600000,3.420000,12.430000,226.460000,11.740000,21.600000,0.543478,0.051843,10.483092,55.255716,39.118535
1926-11-01,1926,13.190000,0.682500,1.241000,17.700000,3.400000,12.620000,228.130000,11.800000,21.460000,0.549960,0.051744,10.628525,56.215901,39.573453
1926-12-01,1926,13.490000,0.690000,1.240000,17.700000,3.370000,13.010000,233.310000,11.930000,21.450000,0.556452,0.051149,10.879032,57.736905,40.644172
1927-01-01,1927,13.400000,0.696700,1.229000,17.500000,3.340000,13.190000,234.410000,12.190000,21.500000,0.566884,0.051993,10.903173,57.597806,41.009638
1927-02-01,1927,13.660000,0.703300,1.218000,17.400000,3.340000,13.630000,240.330000,12.370000,21.430000,0.577422,0.051486,11.215107,58.964930,42.224312
1927-03-01,1927,13.870000,0.710000,1.208000,17.300000,3.340000,14.030000,245.430000,12.560000,21.380000,0.587748,0.051190,11.481788,60.124408,43.303476
1927-04-01,1927,14.210000,0.716700,1.197000,17.300000,3.340000,14.490000,251.450000,12.680000,21.180000,0.598747,0.050436,11.871345,61.854737,44.549712
1927-05-01,1927,14.700000,0.723300,1.186000,17.400000,3.340000,15.000000,258.620000,12.730000,20.870000,0.609865,0.049204,12.394604,64.247636,46.007215
1927-06-01,1927,14.890000,0.730000,1.175000,17.600000,3.340000,15.120000,258.990000,12.700000,20.440000,0.621277,0.049026,12.672340,65.341485,46.258801
1927-07-01,1927,15.220000,0.736700,1.164000,17.300000,3.330000,15.820000,269.320000,13.040000,20.600000,0.632904,0.048403,13.075601,67.056571,48.296235
1927-08-01,1927,16.030000,0.743300,1.153000,17.200000,3.330000,16.860000,285.300000,13.230000,20.520000,0.644666,0.046369,13.902862,70.895765,51.358211
1927-09-01,1927,16.940000,0.750000,1.143000,17.300000,3.330000,17.820000,299.760000,13.270000,20.230000,0.656168,0.044274,14.820647,75.194364,54.157328
1927-10-01,1927,16.680000,0.756700,1.132000,17.400000,3.330000,17.540000,293.460000,13.310000,19.920000,0.668463,0.045366,14.734982,74.317689,53.218299
1927-11-01,1927,17.060000,0.763300,1.121000,17.300000,3.330000,18.130000,301.880000,13.510000,19.840000,0.680910,0.044742,15.218555,76.291734,54.947688
1927-12-01,1927,17.460000,0.770000,1.110000,17.300000,3.330000,18.650000,308.960000,13.630000,19.640000,0.693694,0.044101,15.729730,78.364974,56.440901
1928-01-01,1928,17.530000,0.776700,1.133000,17.300000,3.330000,18.810000,310.200000,13.740000,20.050000,0.685525,0.044307,15.472198,78.967149,56.874605
1928-02-01,1928,17.320000,0.783300,1.155000,17.100000,3.350000,18.870000,310.070000,14.020000,20.680000,0.678182,0.045225,14.995671,78.312731,57.062960
1928-03-01,1928,18.250000,0.790000,1.177000,17.100000,3.380000,19.940000,326.720000,14.140000,21.070000,0.671198,0.043288,15.505523,82.812887,60.342021
1928-04-01,1928,19.400000,0.796700,1.200000,17.100000,3.400000,21.260000,347.300000,14.260000,21.480000,0.663917,0.041067,16.166667,88.329964,64.362068
1928-05-01,1928,20.000000,0.803300,1.222000,17.200000,3.420000,21.830000,355.960000,14.300000,21.750000,0.657365,0.040165,16.366612,91.364106,66.185858
1928-06-01,1928,19.020000,0.810000,1.245000,17.100000,3.440000,20.910000,340.500000,14.500000,22.290000,0.650602,0.042587,15.277108,87.193068,63.533663
1928-07-01,1928,19.160000,0.816700,1.268000,17.100000,3.460000,21.080000,343.010000,14.620000,22.700000,0.644085,0.042625,15.110410,88.144307,64.226787
1928-08-01,1928,19.780000,0.823300,1.290000,17.100000,3.490000,21.760000,354.110000,14.740000,23.090000,0.638217,0.041623,15.333333,91.309674,66.533248
1928-09-01,1928,21.170000,0.830000,1.312000,17.300000,3.510000,23.000000,374.610000,14.690000,23.220000,0.632622,0.039206,16.135671,98.042993,70.613624
1928-10-01,1928,21.600000,0.836700,1.335000,17.200000,3.530000,23.580000,384.440000,14.890000,23.760000,0.626742,0.038736,16.179775,100.354745,72.698844
1928-11-01,1928,23.060000,0.843300,1.357000,17.200000,3.560000,25.120000,410.420000,15.010000,24.150000,0.621444,0.036570,16.993368,107.461928,77.847420
1928-12-01,1928,23.150000,0.850000,1.380000,17.100000,3.580000,25.300000,414.440000,15.220000,24.710000,0.615942,0.036717,16.775362,108.208826,78.846899
1929-01-01,1929,24.860000,0.860000,1.399000,17.100000,3.600000,27.080000,445.050000,15.400000,25.050000,0.614725,0.034594,17.769836,116.532881,84.912263
1929-02-01,1929,24.990000,0.870000,1.418000,17.100000,3.570000,27.130000,447.380000,15.570000,25.390000,0.613540,0.034814,17.623413,117.478207,85.601080
1929-03-01,1929,25.430000,0.880000,1.438000,17.000000,3.550000,27.680000,457.930000,15.850000,25.890000,0.611961,0.034605,17.684284,119.887474,87.870466
1929-04-01,1929,25.280000,0.890000,1.457000,16.900000,3.520000,27.570000,457.920000,16.120000,26.390000,0.610844,0.035206,17.350721,119.526036,88.123929
1929-05-01,1929,25.660000,0.900000,1.476000,17.000000,3.500000,27.700000,462.070000,16.210000,26.580000,0.609756,0.035074,17.384824,121.673375,89.179427
1929-06-01,1929,26.150000,0.910000,1.495000,17.100000,3.470000,27.940000,468.140000,16.290000,26.760000,0.608696,0.034799,17.491639,124.352466,90.610042
1929-07-01,1929,28.480000,0.920000,1.514000,17.300000,3.450000,29.930000,503.960000,16.280000,26.790000,0.607662,0.032303,18.811096,135.793051,97.802394
1929-08-01,1929,30.100000,0.930000,1.533000,17.300000,3.420000,31.480000,532.630000,16.460000,27.130000,0.606654,0.030897,19.634703,143.882782,103.628871
1929-09-01,1929,31.300000,0.940000,1.552000,17.300000,3.390000,32.560000,553.860000,16.630000,27.460000,0.605670,0.030032,20.167526,149.989435,108.027073
1929-10-01,1929,27.990000,0.950000,1.572000,17.300000,3.370000,28.960000,495.290000,16.810000,27.820000,0.604326,0.033941,17.805344,134.503306,96.873479
1929-11-01,1929,20.580000,0.960000,1.591000,17.300000,3.340000,21.170000,364.170000,16.990000,28.150000,0.603394,0.046647,12.935261,99.275677,71.501442
1929-12-01,1929,21.400000,0.970000,1.610000,17.200000,3.320000,22.010000,380.880000,17.260000,28.650000,0.602484,0.045327,13.291925,103.617179,75.062212
1930-01-01,1930,21.710000,0.970800,1.557000,17.100000,3.290000,22.310000,388.660000,17.380000,27.870000,0.623507,0.044717,13.943481,105.509565,76.880069
1930-02-01,1930,23.070000,0.971700,1.503000,17.000000,3.290000,23.700000,415.430000,17.500000,27.070000,0.646507,0.042120,15.349301,112.512270,82.464875
1930-03-01,1930,23.940000,0.972500,1.450000,16.900000,3.300000,24.590000,433.650000,17.620000,26.270000,0.670690,0.040622,16.510345,117.150170,86.372255
1930-04-01,1930,25.460000,0.973300,1.397000,17.000000,3.300000,25.840000,458.470000,17.530000,25.160000,0.696707,0.038229,18.224767,124.984853,91.606545
1930-05-01,1930,23.940000,0.974200,1.343000,16.900000,3.310000,24.310000,433.650000,17.650000,24.330000,0.725391,0.040693,17.825763,117.921237,86.940746
1930-06-01,1930,21.520000,0.975000,1.290000,16.800000,3.310000,21.870000,392.130000,17.770000,23.510000,0.755814,0.045307,16.682171,106.400929,78.914023
1930-07-01,1930,21.060000,0.975800,1.237000,16.600000,3.320000,21.550000,388.380000,18.000000,22.810000,0.788844,0.046334,17.025061,104.528283,78.459181
1930-08-01,1930,20.790000,0.976700,1.183000,16.500000,3.320000,21.300000,385.720000,18.120000,21.950000,0.825613,0.046979,17.573964,103.591780,78.227490
1930-09-01,1930,20.780000,0.977500,1.130000,16.600000,3.320000,21.070000,383.210000,18.030000,20.840000,0.865044,0.047040,18.389381,103.947509,78.023250
1930-10-01,1930,17.920000,0.978300,1.077000,16.500000,3.330000,18.210000,332.470000,18.150000,19.980000,0.908357,0.054593,16.638812,90.048448,68.000222
1930-11-01,1930,16.620000,0.979200,1.023000,16.400000,3.330000,16.940000,310.230000,18.280000,19.100000,0.957185,0.058917,16.246334,83.925580,63.762972
1930-12-01,1930,15.510000,0.980000,0.970000,16.100000,3.340000,16.060000,294.910000,18.630000,18.440000,1.010309,0.063185,15.989691,78.732496,60.932105
1931-01-01,1931,15.980000,0.966700,0.940000,15.900000,3.340000,16.710000,307.670000,18.610000,18.100000,1.028404,0.060494,17.000000,81.532889,63.893069
1931-02-01,1931,17.200000,0.953300,0.910000,15.700000,3.370000,18.160000,335.380000,18.590000,17.740000,1.047582,0.055424,18.901099,88.168576,69.973277
1931-03-01,1931,17.530000,0.940000,0.880000,15.600000,3.400000,18.580000,344.000000,18.450000,17.270000,1.068182,0.053622,19.920455,90.267406,72.098198
1931-04-01,1931,15.860000,0.926700,0.850000,15.500000,3.420000,16.870000,313.240000,18.300000,16.790000,1.090235,0.058430,18.658824,82.071421,65.974833
1931-05-01,1931,14.330000,0.913300,0.820000,15.300000,3.450000,15.400000,286.720000,18.270000,16.410000,1.113780,0.063733,17.475610,74.553684,60.714961
1931-06-01,1931,13.870000,0.900000,0.790000,15.100000,3.480000,15.060000,281.190000,18.250000,16.020000,1.139241,0.064888,17.556962,72.556438,59.871074
1931-07-01,1931,14.330000,0.886700,0.760000,15.100000,3.510000,15.520000,290.520000,17.980000,15.410000,1.166711,0.061877,18.855263,75.355118,62.180448
1931-08-01,1931,13.900000,0.873300,0.730000,15.100000,3.540000,15.010000,281.800000,17.700000,14.800000,1.196301,0.062827,19.041096,73.482502,60.635230
1931-09-01,1931,11.830000,0.860000,0.700000,15.000000,3.570000,12.820000,241.430000,17.550000,14.290000,1.228571,0.072697,16.900000,62.924150,52.268994
1931-10-01,1931,10.250000,0.846700,0.670000,14.900000,3.600000,11.150000,210.590000,17.400000,13.770000,1.263731,0.082605,15.298507,54.901277,45.910732
1931-11-01,1931,10.390000,0.833300,0.640000,14.700000,3.620000,11.420000,216.370000,17.350000,13.330000,1.302031,0.080202,16.234375,56.029074,47.491310
1931-12-01,1931,8.440000,0.820000,0.610000,14.600000,3.650000,9.310000,176.970000,17.190000,12.790000,1.344262,0.097156,13.836066,45.887982,39.161936
1932-01-01,1932,8.300000,0.793300,0.593300,14.300000,3.680000,9.310000,177.680000,16.980000,12.700000,1.337098,0.095578,13.989550,45.498333,39.644002
1932-02-01,1932,8.230000,0.766700,0.576700,14.100000,3.650000,9.340000,178.680000,16.650000,12.520000,1.329461,0.093159,14.270851,45.477000,40.187477
1932-03-01,1932,8.260000,0.740000,0.560000,14.000000,3.620000,9.410000,180.620000,16.180000,12.250000,1.321429,0.089588,14.750000,45.995823,40.936283
1932-04-01,1932,6.280000,0.713300,0.543300,13.900000,3.590000,7.190000,138.310000,15.710000,11.970000,1.312903,0.113583,11.558991,35.313581,31.655195
1932-05-01,1932,5.510000,0.686700,0.526700,13.700000,3.560000,6.390000,123.120000,15.340000,11.770000,1.303778,0.124628,10.461363,31.317982,28.483362
1932-06-01,1932,4.770000,0.660000,0.510000,13.600000,3.530000,5.570000,107.370000,14.860000,11.480000,1.294118,0.138365,9.352941,27.437195,25.137313
1932-07-01,1932,5.010000,0.633300,0.493300,13.600000,3.500000,5.840000,112.770000,14.260000,11.100000,1.283803,0.126407,10.156092,29.134045,26.691927
1932-08-01,1932,7.530000,0.606700,0.476700,13.500000,3.460000,8.830000,170.750000,13.760000,10.810000,1.272708,0.080571,15.796098,44.095191,40.698228
1932-09-01,1932,8.260000,0.580000,0.460000,13.400000,3.430000,9.760000,188.700000,13.250000,10.510000,1.260870,0.070218,17.956522,48.666090,45.252200
1932-10-01,1932,7.120000,0.553300,0.443300,13.300000,3.400000,8.480000,163.880000,12.740000,10.200000,1.248139,0.077711,16.061358,42.234232,39.566807
1932-11-01,1932,7.050000,0.526700,0.426700,13.200000,3.370000,8.460000,163.500000,12.210000,9.900000,1.234357,0.074709,16.522147,42.092512,39.732780
1932-12-01,1932,6.820000,0.500000,0.410000,13.100000,3.340000,8.260000,159.370000,11.680000,9.580000,1.219512,0.073314,16.634146,40.981339,38.979198
1933-01-01,1933,7.090000,0.495000,0.412500,12.900000,3.310000,8.730000,168.250000,11.750000,9.790000,1.200000,0.069817,17.187879,42.854143,41.392451
1933-02-01,1933,6.250000,0.490000,0.415000,12.700000,3.290000,7.830000,150.650000,11.810000,10.000000,1.180723,0.078400,15.060241,38.026252,37.307645
1933-03-01,1933,6.230000,0.485000,0.417500,12.600000,3.280000,7.870000,151.360000,11.780000,10.140000,1.161677,0.077849,14.922156,38.153006,37.729084
1933-04-01,1933,6.890000,0.480000,0.420000,12.600000,3.260000,8.720000,167.400000,11.660000,10.200000,1.142857,0.069666,16.404762,42.442412,41.970830
1933-05-01,1933,8.870000,0.475000,0.422500,12.600000,3.250000,11.250000,215.500000,11.540000,10.260000,1.124260,0.053551,20.994083,54.885616,54.275776
1933-06-01,1933,10.390000,0.470000,0.425000,12.700000,3.230000,13.100000,250.450000,11.330000,10.240000,1.105882,0.045236,24.447059,64.535976,63.316398
1933-07-01,1933,11.230000,0.465000,0.427500,13.100000,3.210000,13.750000,262.430000,10.870000,9.990000,1.087719,0.041407,26.269006,69.996792,66.577101
1933-08-01,1933,10.670000,0.460000,0.430000,13.200000,3.200000,13.000000,247.450000,10.670000,9.970000,1.069767,0.043112,24.813953,66.747831,63.005907
1933-09-01,1933,10.580000,0.455000,0.432500,13.200000,3.180000,12.920000,245.370000,10.550000,10.030000,1.052023,0.043006,24.462428,66.424622,62.700818
1933-10-01,1933,9.550000,0.450000,0.435000,13.200000,3.170000,11.700000,221.480000,10.440000,10.090000,1.034483,0.047120,21.954023,60.196006,56.821381
1933-11-01,1933,9.780000,0.445000,0.437500,13.200000,3.150000,12.010000,226.810000,10.320000,10.150000,1.017143,0.045501,22.354286,61.882124,58.412975
1933-12-01,1933,9.970000,0.440000,0.440000,13.200000,3.140000,12.280000,231.220000,10.200000,10.200000,1.000000,0.044132,22.659091,63.318975,59.769275
1934-01-01,1934,10.540000,0.440800,0.444200,13.200000,3.120000,13.030000,244.440000,10.220000,10.300000,0.992346,0.041822,23.728050,67.171885,63.406188
1934-02-01,1934,11.320000,0.441700,0.448300,13.300000,3.090000,13.930000,260.550000,10.170000,10.320000,0.985278,0.039019,25.250948,72.376962,67.805786
1934-03-01,1934,10.740000,0.442500,0.452500,13.300000,3.060000,13.250000,247.200000,10.190000,10.420000,0.977901,0.041201,23.734807,68.903944,64.552116
1934-04-01,1934,10.920000,0.443300,0.456700,13.300000,3.040000,13.520000,251.350000,10.200000,10.510000,0.970659,0.040595,23.910663,70.295336,65.855630
1934-05-01,1934,9.810000,0.444200,0.460800,13.300000,3.010000,12.180000,225.800000,10.220000,10.610000,0.963976,0.045280,21.289062,63.387735,59.384300
1934-06-01,1934,9.940000,0.445000,0.465000,13.400000,2.980000,12.290000,227.080000,10.170000,10.620000,0.956989,0.044769,21.376344,64.466921,59.944614
1934-07-01,1934,9.470000,0.445800,0.469200,13.400000,2.960000,11.740000,216.350000,10.180000,10.720000,0.950128,0.047075,20.183291,61.659194,57.333848
1934-08-01,1934,9.100000,0.446700,0.473300,13.400000,2.930000,11.320000,207.890000,10.210000,10.810000,0.943799,0.049088,19.226706,59.492007,55.318687
1934-09-01,1934,8.880000,0.447500,0.477500,13.600000,2.900000,10.910000,199.880000,10.070000,10.750000,0.937173,0.050394,18.596859,58.297100,53.410431
1934-10-01,1934,8.950000,0.448300,0.481700,13.500000,2.870000,11.110000,202.950000,10.170000,10.920000,0.930662,0.050089,18.580029,59.001469,54.456170
1934-11-01,1934,9.200000,0.449200,0.485800,13.500000,2.840000,11.450000,208.620000,10.190000,11.020000,0.924660,0.048826,18.937834,60.895833,56.204599
1934-12-01,1934,9.260000,0.450000,0.490000,13.400000,2.820000,11.640000,211.550000,10.280000,11.190000,0.918367,0.048596,18.897959,61.540755,57.223717
1935-01-01,1935,9.260000,0.450000,0.570000,13.600000,2.790000,11.500000,208.440000,10.130000,12.830000,0.789474,0.048596,16.245614,61.789976,56.610522
1935-02-01,1935,8.980000,0.450000,0.650000,13.700000,2.780000,11.090000,200.660000,10.060000,14.520000,0.692308,0.050111,13.815385,60.171826,54.725617
1935-03-01,1935,8.410000,0.450000,0.730000,13.700000,2.770000,10.400000,187.920000,10.060000,16.310000,0.616438,0.053508,11.520548,56.603730,51.480473
1935-04-01,1935,9.040000,0.446667,0.756667,13.800000,2.750000,11.100000,200.540000,9.910000,16.790000,0.590309,0.049410,11.947131,61.096357,55.163812
1935-05-01,1935,9.750000,0.443333,0.783333,13.800000,2.740000,11.990000,216.290000,9.830000,17.380000,0.565957,0.045470,12.446814,66.146418,59.723505
1935-06-01,1935,10.120000,0.440000,0.810000,13.700000,2.730000,12.540000,226.130000,9.830000,18.100000,0.543210,0.043478,12.493827,68.907230,62.670371
1935-07-01,1935,10.650000,0.440000,0.793333,13.700000,2.720000,13.200000,237.980000,9.830000,17.730000,0.554622,0.041315,13.424375,72.765672,66.179582
1935-08-01,1935,11.370000,0.440000,0.776667,13.700000,2.710000,14.110000,254.060000,9.830000,17.350000,0.566523,0.038698,14.639479,77.935565,70.881543
1935-09-01,1935,11.610000,0.440000,0.760000,13.700000,2.700000,14.420000,259.430000,9.830000,16.980000,0.578947,0.037898,15.276316,79.831974,72.606306
1935-10-01,1935,11.920000,0.450000,0.760000,13.700000,2.690000,14.830000,266.350000,10.060000,16.980000,0.592105,0.037752,15.684211,82.215702,74.774281
1935-11-01,1935,13.040000,0.460000,0.760000,13.800000,2.670000,16.130000,289.270000,10.200000,16.860000,0.605263,0.035276,17.157895,90.199316,81.440832
1935-12-01,1935,13.040000,0.470000,0.760000,13.800000,2.660000,16.160000,289.270000,10.430000,16.860000,0.618421,0.036043,17.157895,90.464472,81.680241
1936-01-01,1936,13.760000,0.480000,0.770000,13.800000,2.650000,17.090000,305.240000,10.650000,17.080000,0.623377,0.034884,17.870130,95.731160,86.435526
1936-02-01,1936,14.550000,0.490000,0.780000,13.800000,2.650000,18.100000,322.760000,10.870000,17.300000,0.628205,0.033677,18.653846,101.505642,91.649297
1936-03-01,1936,14.860000,0.500000,0.790000,13.700000,2.660000,18.660000,332.050000,11.170000,17.650000,0.632911,0.033647,18.810127,103.953172,94.544272
1936-04-01,1936,14.880000,0.516667,0.820000,13.700000,2.660000,18.720000,332.490000,11.540000,18.320000,0.630082,0.034722,18.146341,104.384561,94.936616
1936-05-01,1936,14.090000,0.533333,0.850000,13.700000,2.660000,17.750000,314.840000,11.920000,18.990000,0.627451,0.037852,16.576471,99.144678,90.170999
1936-06-01,1936,14.690000,0.550000,0.880000,13.800000,2.660000,18.390000,325.870000,12.200000,19.520000,0.625000,0.037440,16.693182,103.679329,93.611916
1936-07-01,1936,15.560000,0.570000,0.900000,13.900000,2.670000,19.360000,342.690000,12.550000,19.820000,0.633333,0.036632,17.288889,110.143113,98.732603
1936-08-01,1936,15.870000,0.590000,0.920000,14.000000,2.670000,19.620000,347.020000,12.900000,20.120000,0.641304,0.037177,17.250000,112.673715,100.279606
1936-09-01,1936,16.050000,0.610000,0.940000,14.000000,2.670000,19.860000,350.950000,13.340000,20.550000,0.648936,0.038006,17.074468,114.300750,101.727668
1936-10-01,1936,16.890000,0.646667,0.966667,14.000000,2.670000,20.910000,369.320000,14.140000,21.140000,0.668966,0.038287,17.472408,120.644857,107.373923
1936-11-01,1936,17.360000,0.683333,0.993333,14.000000,2.670000,21.500000,379.600000,14.940000,21.720000,0.687919,0.039363,17.476516,124.386983,110.704415
1936-12-01,1936,17.060000,0.720000,1.020000,14.000000,2.680000,21.130000,373.040000,15.740000,22.300000,0.705882,0.042204,16.725490,122.645454,109.154454
1937-01-01,1937,17.590000,0.730000,1.050000,14.100000,2.680000,21.620000,381.900000,15.850000,22.800000,0.695238,0.041501,16.752381,126.887002,112.128514
1937-02-01,1937,18.110000,0.740000,1.080000,14.100000,2.670000,22.240000,393.190000,16.070000,23.450000,0.685185,0.040861,16.768519,131.076894,115.831071
1937-03-01,1937,18.090000,0.750000,1.110000,14.200000,2.660000,22.040000,389.990000,16.170000,23.930000,0.675676,0.041459,16.297297,131.378470,115.279982
1937-04-01,1937,17.010000,0.780000,1.130000,14.300000,2.650000,20.560000,364.140000,16.700000,24.190000,0.690265,0.045855,15.053097,123.988885,108.035070
1937-05-01,1937,16.250000,0.810000,1.150000,14.400000,2.640000,19.470000,345.460000,17.220000,24.450000,0.704348,0.049846,14.130435,118.922908,102.901349
1937-06-01,1937,15.640000,0.840000,1.170000,14.400000,2.630000,18.710000,332.490000,17.860000,24.870000,0.717949,0.053708,13.367521,114.952712,99.466027
1937-07-01,1937,16.570000,0.816667,1.186670,14.500000,2.620000,19.650000,349.830000,17.240000,25.050000,0.688201,0.049286,13.963444,122.302630,105.095915
1937-08-01,1937,16.740000,0.793333,1.203330,14.500000,2.610000,19.810000,353.420000,16.750000,25.400000,0.659281,0.047391,13.911396,124.059710,106.605792
1937-09-01,1937,14.370000,0.770000,1.220000,14.600000,2.600000,16.850000,301.300000,16.150000,25.580000,0.631148,0.053584,11.778689,106.985649,91.304191
1937-10-01,1937,12.280000,0.780000,1.190000,14.600000,2.590000,14.360000,257.480000,16.350000,24.950000,0.655462,0.063518,10.319328,91.903179,78.432439
1937-11-01,1937,11.200000,0.790000,1.160000,14.500000,2.580000,13.160000,236.460000,16.680000,24.490000,0.681034,0.070536,9.655172,84.306947,72.445832
1937-12-01,1937,11.020000,0.800000,1.130000,14.400000,2.570000,13.010000,234.270000,17.010000,24.020000,0.707965,0.072595,9.752212,83.447568,72.205326
1938-01-01,1938,11.310000,0.793333,1.076670,14.200000,2.560000,13.510000,243.820000,17.100000,23.210000,0.736840,0.070144,10.504611,86.148382,75.592172
1938-02-01,1938,11.040000,0.786667,1.023330,14.100000,2.540000,13.260000,239.690000,17.080000,22.220000,0.768732,0.071256,10.788309,84.595358,74.755898
1938-03-01,1938,10.310000,0.780000,0.970000,14.100000,2.530000,12.380000,223.840000,16.930000,21.060000,0.804124,0.075655,10.628866,79.503971,70.256700
1938-04-01,1938,9.890000,0.766667,0.903333,14.200000,2.510000,11.790000,213.210000,16.530000,19.470000,0.848709,0.077519,10.948344,76.766443,67.359851
1938-05-01,1938,9.980000,0.753333,0.836667,14.100000,2.490000,11.990000,216.680000,16.360000,18.170000,0.900398,0.075484,11.928282,77.960933,68.893137
1938-06-01,1938,10.210000,0.740000,0.770000,14.100000,2.480000,12.290000,221.670000,16.070000,16.720000,0.961039,0.072478,13.259740,80.248030,70.914216
1938-07-01,1938,12.240000,0.713333,0.720000,14.100000,2.460000,14.770000,265.740000,15.490000,15.630000,0.990740,0.058279,17.000000,96.688003,85.442023
1938-08-01,1938,12.310000,0.686667,0.670000,14.100000,2.440000,14.900000,267.260000,14.910000,14.550000,1.024876,0.055781,18.373134,97.710530,86.345617
1938-09-01,1938,11.750000,0.660000,0.620000,14.100000,2.430000,14.280000,255.110000,14.330000,13.460000,1.064516,0.056170,18.951613,93.719735,82.819000
1938-10-01,1938,13.060000,0.610000,0.626667,14.000000,2.410000,16.060000,285.570000,13.340000,13.700000,0.973404,0.046708,20.840414,104.607177,93.100387
1938-11-01,1938,13.070000,0.560000,0.633333,14.000000,2.390000,16.150000,285.790000,12.250000,13.850000,0.884211,0.042846,20.636853,105.094436,93.534048
1938-12-01,1938,12.690000,0.510000,0.640000,14.000000,2.380000,15.760000,277.480000,11.150000,13.990000,0.796875,0.040189,19.828125,102.414139,91.148584
1939-01-01,1939,12.500000,0.513333,0.663333,14.000000,2.360000,15.600000,273.330000,11.220000,14.500000,0.773869,0.041067,18.844231,101.223746,90.089134
1939-02-01,1939,12.400000,0.516667,0.686667,13.900000,2.350000,15.660000,273.090000,11.380000,15.120000,0.752427,0.041667,18.058244,100.760366,90.321882
1939-03-01,1939,12.390000,0.520000,0.710000,13.900000,2.330000,15.730000,272.870000,11.450000,15.640000,0.732394,0.041969,17.450704,101.028970,90.562660
1939-04-01,1939,10.830000,0.523333,0.726667,13.800000,2.320000,13.920000,240.240000,11.610000,16.120000,0.720183,0.048323,14.903663,88.661959,80.052754
1939-05-01,1939,11.230000,0.526667,0.743333,13.800000,2.310000,14.500000,249.120000,11.680000,16.490000,0.708521,0.046898,15.107630,92.293670,83.331821
1939-06-01,1939,11.430000,0.530000,0.760000,13.800000,2.300000,14.830000,253.550000,11.760000,16.860000,0.697368,0.046369,15.039474,94.298069,85.141590
1939-07-01,1939,11.710000,0.540000,0.776667,13.800000,2.290000,15.270000,259.760000,11.980000,17.230000,0.695279,0.046114,15.077247,96.972460,87.556294
1939-08-01,1939,11.540000,0.550000,0.793333,13.800000,2.270000,15.120000,255.990000,12.200000,17.600000,0.693278,0.047660,14.546225,95.937314,86.621662
1939-09-01,1939,12.770000,0.560000,0.810000,14.100000,2.260000,16.450000,277.250000,12.160000,17.590000,0.691358,0.043853,15.765432,106.543902,94.151562
1939-10-01,1939,12.900000,0.580000,0.840000,14.000000,2.250000,16.820000,282.070000,12.680000,18.370000,0.690476,0.044961,15.357143,108.017884,96.135917
1939-11-01,1939,12.670000,0.600000,0.870000,14.000000,2.240000,16.600000,277.050000,13.120000,19.020000,0.689655,0.047356,14.563218,106.496702,94.782065
1939-12-01,1939,12.370000,0.620000,0.900000,14.000000,2.220000,16.280000,270.490000,13.560000,19.680000,0.688889,0.050121,13.744444,104.395347,92.911859
1940-01-01,1940,12.300000,0.623333,0.930000,13.900000,2.210000,16.380000,270.890000,13.730000,20.480000,0.670251,0.050677,13.225806,104.240624,93.441596
1940-02-01,1940,12.220000,0.626667,0.960000,14.000000,2.190000,16.220000,267.210000,13.700000,20.990000,0.652778,0.051282,12.729167,104.002858,92.562543
1940-03-01,1940,12.150000,0.630000,0.990000,14.000000,2.170000,16.170000,265.670000,13.780000,21.650000,0.636364,0.051852,12.272727,103.851554,92.427883
1940-04-01,1940,12.270000,0.636667,1.006670,14.000000,2.150000,16.370000,268.300000,13.920000,22.010000,0.632449,0.051888,12.188701,105.325989,93.740130
1940-05-01,1940,10.580000,0.643333,1.023330,14.000000,2.120000,14.140000,231.340000,14.070000,22.380000,0.628666,0.060807,10.338796,91.274417,81.234231
1940-06-01,1940,9.670000,0.650000,1.040000,14.100000,2.100000,12.840000,209.950000,14.110000,22.580000,0.625000,0.067218,9.298077,83.886289,74.129302
1940-07-01,1940,9.990000,0.656667,1.053330,14.000000,2.080000,13.370000,218.440000,14.360000,23.030000,0.623420,0.065732,9.484207,87.132147,77.547611
1940-08-01,1940,10.200000,0.663333,1.066670,14.000000,2.060000,13.650000,223.040000,14.500000,23.320000,0.621873,0.065033,9.562470,89.441038,79.602524
1940-09-01,1940,10.630000,0.670000,1.080000,14.000000,2.040000,14.210000,232.440000,14.650000,23.620000,0.620370,0.063029,9.842593,93.696307,83.389713
1940-10-01,1940,10.730000,0.670000,1.070000,14.000000,2.020000,14.330000,234.620000,14.650000,23.400000,0.626168,0.062442,10.028037,95.069873,84.612187
1940-11-01,1940,10.980000,0.670000,1.060000,14.000000,1.990000,14.640000,240.090000,14.650000,23.180000,0.632075,0.061020,10.358491,97.779616,87.023858
1940-12-01,1940,10.530000,0.670000,1.050000,14.100000,1.970000,13.910000,228.620000,14.550000,22.800000,0.638095,0.063628,10.028571,94.269464,83.304789
1941-01-01,1941,10.550000,0.673333,1.053330,14.100000,1.950000,13.900000,229.050000,14.620000,22.870000,0.639242,0.063823,10.015854,94.948359,83.904720
1941-02-01,1941,9.890000,0.676667,1.056670,14.100000,1.990000,13.000000,214.720000,14.690000,22.940000,0.640377,0.068419,9.359592,89.513453,79.101959
1941-03-01,1941,9.950000,0.680000,1.060000,14.200000,2.040000,12.960000,214.500000,14.660000,22.850000,0.641509,0.068342,9.386792,90.566878,79.469247
1941-04-01,1941,9.640000,0.683333,1.070000,14.300000,2.080000,12.430000,206.370000,14.630000,22.910000,0.638629,0.070885,9.009346,88.260988,76.904329
1941-05-01,1941,9.430000,0.686667,1.080000,14.400000,2.120000,12.040000,200.470000,14.600000,22.960000,0.635803,0.072817,8.731481,86.859656,75.157730
1941-06-01,1941,9.760000,0.690000,1.090000,14.700000,2.160000,12.160000,203.250000,14.370000,22.700000,0.633028,0.070697,8.954128,90.426357,76.647103
1941-07-01,1941,10.260000,0.693333,1.123330,14.700000,2.210000,12.740000,213.660000,14.440000,23.390000,0.617212,0.067576,9.133558,95.591592,81.025254
1941-08-01,1941,10.210000,0.696667,1.156670,14.900000,2.250000,12.460000,209.770000,14.310000,23.760000,0.602304,0.068234,8.827064,95.664057,79.998265
1941-09-01,1941,10.240000,0.700000,1.190000,15.100000,2.290000,12.280000,207.600000,14.190000,24.130000,0.588235,0.068359,8.605042,96.489106,79.619488
1941-10-01,1941,9.830000,0.703333,1.180000,15.300000,2.330000,11.580000,196.680000,14.070000,23.610000,0.596045,0.071550,8.330508,93.175434,75.880125
1941-11-01,1941,9.370000,0.706667,1.170000,15.400000,2.380000,10.910000,186.260000,14.050000,23.260000,0.603989,0.075418,8.008547,89.370797,72.309099
1941-12-01,1941,8.760000,0.710000,1.160000,15.500000,2.420000,10.090000,173.010000,14.020000,22.910000,0.612069,0.081050,7.551724,84.114315,67.617056
1942-01-01,1942,8.930000,0.703333,1.120000,15.700000,2.460000,10.100000,174.120000,13.710000,21.840000,0.627976,0.078761,7.973214,86.314794,68.502059
1942-02-01,1942,8.650000,0.696667,1.080000,15.800000,2.460000,9.680000,167.600000,13.500000,20.930000,0.645062,0.080540,8.009259,84.174913,66.380975
1942-03-01,1942,8.180000,0.690000,1.040000,16.000000,2.460000,9.000000,156.510000,13.200000,19.900000,0.663462,0.084352,7.865385,80.166198,62.429426
1942-04-01,1942,7.840000,0.680000,1.020000,16.100000,2.460000,8.540000,149.070000,12.930000,19.390000,0.666667,0.086735,7.686275,77.397622,59.899029
1942-05-01,1942,7.930000,0.670000,1.000000,16.300000,2.460000,8.510000,148.930000,12.580000,18.780000,0.670000,0.084489,7.930000,78.845536,60.270882
1942-06-01,1942,8.330000,0.660000,0.980000,16.300000,2.460000,8.910000,156.440000,12.400000,18.410000,0.673469,0.079232,8.500000,83.377746,63.735381
1942-07-01,1942,8.640000,0.646667,0.966667,16.400000,2.460000,9.150000,161.280000,12.070000,18.040000,0.668966,0.074846,8.937928,87.031153,66.122449
1942-08-01,1942,8.590000,0.633333,0.953333,16.500000,2.470000,9.010000,159.370000,11.750000,17.690000,0.664336,0.073729,9.010493,87.070326,65.751289
1942-09-01,1942,8.680000,0.620000,0.940000,16.500000,2.470000,9.080000,161.040000,11.500000,17.440000,0.659574,0.071429,9.234043,88.517556,66.844167
1942-10-01,1942,9.320000,0.610000,0.970000,16.700000,2.470000,9.600000,170.840000,11.180000,17.780000,0.628866,0.065451,9.608247,95.571086,71.306331
1942-11-01,1942,9.470000,0.600000,1.000000,16.800000,2.470000,9.660000,172.560000,10.930000,18.220000,0.600000,0.063358,9.470000,97.630513,72.409297
1942-12-01,1942,9.520000,0.590000,1.030000,16.900000,2.470000,9.620000,172.450000,10.690000,18.660000,0.572816,0.061975,9.242718,98.661459,72.740933
1943-01-01,1943,10.090000,0.590000,1.043330,16.900000,2.470000,10.150000,182.770000,10.690000,18.900000,0.565497,0.058474,9.670957,105.078253,77.471896
1943-02-01,1943,10.690000,0.590000,1.056670,16.900000,2.470000,10.710000,193.640000,10.690000,19.140000,0.558358,0.055192,10.116687,111.838739,82.456254
1943-03-01,1943,11.070000,0.590000,1.070000,17.200000,2.470000,10.850000,197.030000,10.500000,19.040000,0.551402,0.053297,10.345794,116.328679,84.270659
1943-04-01,1943,11.440000,0.590000,1.080000,17.400000,2.470000,11.040000,201.270000,10.380000,19.000000,0.546296,0.051573,10.592593,120.733476,86.456271
1943-05-01,1943,11.890000,0.590000,1.090000,17.500000,2.470000,11.360000,207.990000,10.320000,19.070000,0.541284,0.049622,10.908257,126.001494,89.713064
1943-06-01,1943,12.100000,0.590000,1.100000,17.500000,2.470000,11.520000,211.670000,10.320000,19.240000,0.536364,0.048760,11.000000,128.747952,91.668542
1943-07-01,1943,12.350000,0.593333,1.093330,17.400000,2.480000,11.770000,217.280000,10.440000,19.240000,0.542684,0.048043,11.295766,131.931183,94.474859
1943-08-01,1943,11.740000,0.596667,1.086670,17.300000,2.480000,11.210000,207.740000,10.560000,19.230000,0.549078,0.050823,10.803648,125.942944,90.708039
1943-09-01,1943,11.990000,0.600000,1.080000,17.400000,2.480000,11.340000,210.950000,10.560000,19.000000,0.555556,0.050042,11.101852,129.158267,92.489196
1943-10-01,1943,11.880000,0.603333,1.033330,17.400000,2.480000,11.190000,209.010000,10.610000,18.180000,0.583873,0.050786,11.496811,128.511937,92.026364
1943-11-01,1943,11.330000,0.606667,0.986667,17.400000,2.480000,10.630000,199.330000,10.670000,17.360000,0.614865,0.053545,11.483104,123.106190,88.155352
1943-12-01,1943,11.480000,0.610000,0.940000,17.400000,2.480000,10.740000,201.970000,10.730000,16.540000,0.648936,0.053136,12.212766,125.285328,89.715816
1944-01-01,1944,11.850000,0.613333,0.936667,17.400000,2.480000,11.050000,208.480000,10.790000,16.480000,0.654804,0.051758,12.651241,129.878033,93.004614
1944-02-01,1944,11.770000,0.616667,0.933333,17.400000,2.470000,10.950000,207.080000,10.850000,16.420000,0.660715,0.052393,12.610719,129.561405,92.777880
1944-03-01,1944,12.100000,0.620000,0.930000,17.400000,2.460000,11.220000,212.880000,10.910000,16.360000,0.666667,0.051240,13.010753,133.759645,95.784206
1944-04-01,1944,11.890000,0.623333,0.926667,17.500000,2.450000,10.940000,207.990000,10.900000,16.210000,0.672661,0.052425,12.830931,132.009347,93.990655
1944-05-01,1944,12.100000,0.626667,0.923333,17.500000,2.440000,11.100000,211.670000,10.960000,16.150000,0.678701,0.051791,13.104698,134.917598,96.061330
1944-06-01,1944,12.670000,0.630000,0.920000,17.600000,2.430000,11.530000,220.380000,10.960000,16.000000,0.684783,0.049724,13.771739,141.855510,100.427253
1944-07-01,1944,13.000000,0.633333,0.913333,17.700000,2.420000,11.740000,224.840000,10.950000,15.800000,0.693431,0.048718,14.233582,146.138046,102.874579
1944-08-01,1944,12.810000,0.636667,0.906667,17.700000,2.420000,11.540000,221.550000,11.010000,15.680000,0.702206,0.049701,14.128671,144.595477,101.788681
1944-09-01,1944,12.600000,0.640000,0.900000,17.700000,2.410000,11.330000,217.920000,11.070000,15.570000,0.711111,0.050794,14.000000,142.823935,100.541595
1944-10-01,1944,12.910000,0.640000,0.910000,17.700000,2.400000,11.580000,223.280000,11.070000,15.740000,0.703297,0.049574,14.186813,146.942403,103.440811
1944-11-01,1944,12.820000,0.640000,0.920000,17.700000,2.390000,11.480000,221.730000,11.070000,15.910000,0.695652,0.049922,13.934783,146.525061,103.147020
1944-12-01,1944,13.100000,0.640000,0.930000,17.800000,2.380000,11.640000,225.300000,11.010000,15.990000,0.688172,0.048855,14.086022,150.334865,105.234406
1945-01-01,1945,13.490000,0.643333,0.940000,17.800000,2.370000,11.960000,232.000000,11.060000,16.170000,0.684397,0.047690,14.351064,155.422534,108.795774
1945-02-01,1945,13.940000,0.646667,0.950000,17.800000,2.350000,12.340000,239.740000,11.120000,16.340000,0.680702,0.046389,14.673684,161.224795,112.857357
1945-03-01,1945,13.930000,0.650000,0.960000,17.800000,2.340000,12.320000,239.570000,11.180000,16.510000,0.677083,0.046662,14.510417,161.732398,113.212679
1945-04-01,1945,14.280000,0.650000,0.973333,17.800000,2.330000,12.630000,245.590000,11.180000,16.740000,0.667808,0.045518,14.671238,166.424921,116.497445
1945-05-01,1945,14.820000,0.650000,0.986667,17.900000,2.310000,13.040000,253.450000,11.120000,16.870000,0.658784,0.043860,15.020265,173.349581,120.666803
1945-06-01,1945,15.090000,0.650000,1.000000,18.100000,2.290000,13.130000,255.220000,10.990000,16.910000,0.650000,0.043075,15.090000,177.141359,121.943720
1945-07-01,1945,14.780000,0.653333,0.996667,18.100000,2.280000,12.870000,249.980000,11.050000,16.860000,0.655518,0.044204,14.829426,174.138134,119.876307
1945-08-01,1945,14.830000,0.656667,0.993333,18.100000,2.270000,12.920000,250.820000,11.110000,16.800000,0.661074,0.044280,14.929535,175.368699,120.723425
1945-09-01,1945,15.840000,0.660000,0.990000,18.100000,2.250000,13.800000,267.900000,11.160000,16.740000,0.666667,0.041667,16.000000,187.959324,129.390783
1945-10-01,1945,16.500000,0.660000,0.980000,18.100000,2.240000,14.370000,279.070000,11.160000,16.570000,0.673469,0.040000,16.836735,196.443599,135.231339
1945-11-01,1945,17.040000,0.660000,0.970000,18.100000,2.220000,14.850000,288.200000,11.160000,16.410000,0.680412,0.038732,17.567010,203.527474,140.107863
1945-12-01,1945,17.330000,0.660000,0.960000,18.200000,2.210000,15.020000,291.490000,11.100000,16.150000,0.687500,0.038084,18.052083,207.648189,142.159144
1946-01-01,1946,18.020000,0.666667,0.940000,18.200000,2.190000,15.620000,303.100000,11.210000,15.810000,0.709220,0.036996,19.170213,216.574784,148.270429
1946-02-01,1946,18.070000,0.673333,0.920000,18.100000,2.190000,15.760000,305.620000,11.390000,15.560000,0.731884,0.037262,19.641304,217.843412,149.962923
1946-03-01,1946,17.530000,0.680000,0.900000,18.300000,2.200000,15.130000,293.250000,11.380000,15.060000,0.755556,0.038791,19.477778,212.009875,144.352079
1946-04-01,1946,18.660000,0.680000,0.880000,18.400000,2.210000,16.040000,310.450000,11.310000,14.640000,0.772727,0.036442,21.204545,226.361561,153.286144
1946-05-01,1946,18.700000,0.680000,0.860000,18.500000,2.210000,16.010000,309.440000,11.250000,14.230000,0.790698,0.036364,21.744186,227.534209,153.247365
1946-06-01,1946,18.580000,0.680000,0.840000,18.700000,2.210000,15.770000,304.160000,11.130000,13.750000,0.809524,0.036598,22.119048,226.763594,151.094887
1946-07-01,1946,18.050000,0.683333,0.856667,19.800000,2.220000,14.510000,279.070000,10.570000,13.240000,0.797665,0.037858,21.070031,220.986696,139.065365
1946-08-01,1946,17.700000,0.686667,0.873333,20.200000,2.230000,13.980000,268.240000,10.410000,13.240000,0.786260,0.038795,20.267183,217.398808,134.098473
1946-09-01,1946,15.090000,0.690000,0.890000,20.400000,2.230000,11.840000,226.440000,10.350000,13.360000,0.775281,0.045726,16.955056,186.044523,113.633076
1946-10-01,1946,14.750000,0.696667,0.946667,20.800000,2.230000,11.390000,217.090000,10.250000,13.930000,0.735916,0.047232,15.580980,182.561582,109.361409
1946-11-01,1946,14.690000,0.703333,1.003330,21.300000,2.240000,11.110000,211.130000,10.110000,14.420000,0.700999,0.047878,14.641245,182.537516,106.780162
1946-12-01,1946,15.130000,0.710000,1.060000,21.500000,2.250000,11.370000,215.430000,10.110000,15.090000,0.669811,0.046927,14.273585,188.733243,109.377498
1947-01-01,1947,15.210000,0.713333,1.130000,21.500000,2.250000,11.470000,216.570000,10.160000,16.090000,0.631268,0.046899,13.460177,190.469223,110.383559
1947-02-01,1947,15.800000,0.716667,1.200000,21.500000,2.270000,11.950000,224.970000,10.200000,17.090000,0.597223,0.045359,13.166667,198.601976,115.096773
1947-03-01,1947,15.160000,0.720000,1.270000,21.900000,2.280000,11.290000,211.910000,10.060000,17.750000,0.566929,0.047493,11.937008,191.308032,108.844661
1947-04-01,1947,14.600000,0.733333,1.326670,21.900000,2.300000,10.900000,204.080000,10.250000,18.540000,0.552762,0.050228,11.004997,184.998401,105.254798
1947-05-01,1947,14.340000,0.746667,1.383330,21.900000,2.310000,10.730000,200.450000,10.440000,19.340000,0.539761,0.052069,10.366290,182.478255,103.820961
1947-06-01,1947,14.840000,0.760000,1.440000,22.000000,2.330000,11.080000,206.500000,10.580000,20.040000,0.527778,0.051213,10.305556,189.632602,107.401010
1947-07-01,1947,15.770000,0.770000,1.476670,22.200000,2.340000,11.700000,217.460000,10.620000,20.360000,0.521444,0.048827,10.679434,202.325889,113.557684
1947-08-01,1947,15.460000,0.780000,1.513330,22.500000,2.360000,11.340000,210.340000,10.610000,20.590000,0.515420,0.050453,10.215882,199.171897,110.296971
1947-09-01,1947,15.060000,0.790000,1.550000,23.000000,2.380000,10.830000,200.450000,10.510000,20.630000,0.509677,0.052457,9.716129,194.856077,105.561162
1947-10-01,1947,15.450000,0.806667,1.570000,23.000000,2.390000,11.130000,205.640000,10.740000,20.900000,0.513801,0.052211,9.840764,200.753945,108.756268
1947-11-01,1947,15.270000,0.823333,1.590000,23.100000,2.410000,10.980000,202.360000,10.910000,21.070000,0.517819,0.053918,9.603774,199.288535,107.495028
1947-12-01,1947,15.030000,0.840000,1.610000,23.400000,2.420000,10.680000,196.630000,10.990000,21.060000,0.521739,0.055888,9.335404,197.051741,104.925842
1948-01-01,1948,14.830000,0.843333,1.643330,23.700000,2.440000,10.420000,191.560000,10.890000,21.230000,0.513185,0.056867,9.024359,195.347368,102.701612
1948-02-01,1948,14.100000,0.846667,1.676670,23.500000,2.430000,10.000000,183.680000,11.030000,21.840000,0.504969,0.060047,8.409526,186.657213,98.968037
1948-03-01,1948,14.300000,0.850000,1.710000,23.400000,2.420000,10.190000,187.080000,11.120000,22.370000,0.497076,0.059441,8.362573,190.238855,101.298125
1948-04-01,1948,15.400000,0.850000,1.760000,23.800000,2.410000,10.780000,198.080000,10.930000,22.640000,0.482955,0.055195,8.750000,205.814938,107.750173
1948-05-01,1948,16.150000,0.850000,1.810000,23.900000,2.400000,11.240000,206.860000,10.890000,23.180000,0.469613,0.052632,8.922652,216.785053,113.018483
1948-06-01,1948,16.820000,0.850000,1.860000,24.100000,2.390000,11.580000,213.650000,10.800000,23.630000,0.456989,0.050535,9.043011,226.729424,117.221934
1948-07-01,1948,16.420000,0.856667,1.930000,24.400000,2.380000,11.130000,206.010000,10.750000,24.210000,0.443869,0.052172,8.507772,222.292339,113.514858
1948-08-01,1948,15.940000,0.863333,2.000000,24.500000,2.360000,10.720000,199.170000,10.790000,24.990000,0.431667,0.054161,7.970000,216.760602,110.238249
1948-09-01,1948,15.760000,0.870000,2.070000,24.500000,2.350000,10.550000,196.920000,10.870000,25.860000,0.420290,0.055203,7.613527,215.291205,109.490956
1948-10-01,1948,16.190000,0.890000,2.143330,24.400000,2.340000,10.830000,203.120000,11.170000,26.890000,0.415242,0.054972,7.553666,222.155661,113.445063
1948-11-01,1948,15.290000,0.910000,2.216670,24.200000,2.330000,10.250000,193.420000,11.510000,28.040000,0.410526,0.059516,6.897734,210.823756,108.548099
1948-12-01,1948,15.190000,0.930000,2.290000,24.100000,2.320000,10.160000,192.950000,11.810000,29.090000,0.406114,0.061224,6.633188,210.490537,108.826228
1949-01-01,1949,15.360000,0.946667,2.320000,24.000000,2.310000,10.250000,195.920000,12.080000,29.590000,0.408046,0.061632,6.620690,213.920189,111.060231
1949-02-01,1949,14.770000,0.963333,2.350000,23.800000,2.310000,9.870000,189.980000,12.390000,30.230000,0.409929,0.065222,6.285106,206.801896,108.266875
1949-03-01,1949,14.910000,0.980000,2.380000,23.800000,2.310000,9.900000,191.780000,12.610000,30.610000,0.411765,0.065728,6.264706,209.886111,109.881552
1949-04-01,1949,14.890000,0.993333,2.386670,23.900000,2.310000,9.780000,190.720000,12.720000,30.570000,0.416200,0.066711,6.238818,210.754185,109.874357
1949-05-01,1949,14.780000,1.006670,2.393330,23.800000,2.310000,9.690000,190.110000,12.950000,30.780000,0.420615,0.068110,6.175496,210.368879,110.134295
1949-06-01,1949,13.970000,1.020000,2.400000,23.900000,2.310000,9.070000,178.940000,13.060000,30.740000,0.425000,0.073014,5.820833,200.033891,104.285451
1949-07-01,1949,14.760000,1.026670,2.396670,23.700000,2.310000,9.610000,190.650000,13.260000,30.960000,0.428374,0.069558,6.158545,212.562857,111.752456
1949-08-01,1949,15.290000,1.033330,2.393330,23.800000,2.320000,9.850000,196.670000,13.290000,30.780000,0.431754,0.067582,6.388588,221.427647,115.923886
1949-09-01,1949,15.490000,1.040000,2.390000,23.900000,2.320000,9.880000,198.410000,13.320000,30.610000,0.435146,0.067140,6.481172,225.571064,117.598973
1949-10-01,1949,15.890000,1.073330,2.366670,23.700000,2.320000,10.170000,205.250000,13.860000,30.570000,0.453519,0.067548,6.714075,232.658083,122.317288
1949-11-01,1949,16.110000,1.106670,2.343330,23.800000,2.320000,10.220000,207.210000,14.230000,30.140000,0.472264,0.068695,6.874832,237.188900,124.175365
1949-12-01,1949,16.540000,1.140000,2.320000,23.600000,2.320000,10.530000,214.550000,14.790000,30.090000,0.491379,0.068924,7.129310,244.877627,129.287086
1950-01-01,1950,16.880000,1.150000,2.336670,23.500000,2.320000,10.750000,219.890000,14.980000,30.440000,0.492153,0.068128,7.223955,251.317879,133.251948
1950-02-01,1950,17.210000,1.160000,2.353330,23.500000,2.340000,10.910000,224.190000,15.110000,30.660000,0.492919,0.067403,7.313042,257.657898,136.613507
1950-03-01,1950,17.350000,1.170000,2.370000,23.600000,2.360000,10.910000,225.060000,15.180000,30.740000,0.493671,0.067435,7.320675,261.201131,137.905343
1950-04-01,1950,17.840000,1.180000,2.426670,23.600000,2.380000,11.180000,231.410000,15.310000,31.480000,0.486263,0.066143,7.351638,270.045838,142.575048
1950-05-01,1950,18.440000,1.190000,2.483330,23.700000,2.400000,11.460000,238.190000,15.370000,32.080000,0.479195,0.064534,7.425513,280.616578,147.530910
1950-06-01,1950,18.740000,1.200000,2.540000,23.800000,2.420000,11.550000,241.040000,15.430000,32.670000,0.472441,0.064034,7.377953,286.691024,150.091183
1950-07-01,1950,17.380000,1.243330,2.600000,24.100000,2.440000,10.540000,220.770000,15.790000,33.030000,0.478204,0.071538,6.684615,267.415107,138.256939
1950-08-01,1950,18.430000,1.286670,2.660000,24.300000,2.470000,11.040000,232.180000,16.210000,33.510000,0.483711,0.069814,6.928571,285.164990,146.220402
1950-09-01,1950,19.080000,1.330000,2.720000,24.400000,2.490000,11.340000,239.380000,16.690000,34.130000,0.488971,0.069706,7.014706,296.881395,151.604188
1950-10-01,1950,19.870000,1.376670,2.760000,24.600000,2.510000,11.660000,247.270000,17.130000,34.350000,0.498793,0.069284,7.199275,310.898201,157.471203
1950-11-01,1950,19.830000,1.423330,2.800000,24.700000,2.530000,11.540000,245.770000,17.640000,34.700000,0.508332,0.071777,7.082143,312.067355,157.423451
1950-12-01,1950,19.750000,1.470000,2.840000,25.000000,2.550000,11.310000,241.840000,18.000000,34.780000,0.517606,0.074430,6.954225,312.674979,155.837209
1951-01-01,1951,21.210000,1.486670,2.836670,25.400000,2.570000,11.900000,255.630000,17.920000,34.190000,0.524090,0.070093,7.477077,337.728556,165.673142
1951-02-01,1951,22.000000,1.503330,2.833330,25.700000,2.580000,12.140000,262.050000,17.910000,33.750000,0.530588,0.068333,7.764715,352.280488,170.794353
1951-03-01,1951,21.630000,1.520000,2.830000,25.800000,2.590000,11.840000,256.650000,18.040000,33.580000,0.537102,0.070273,7.643110,348.361808,168.239850
1951-04-01,1951,21.920000,1.533330,2.793330,25.800000,2.600000,11.950000,260.090000,18.190000,33.140000,0.548925,0.069951,7.847265,355.072430,171.480716
1951-05-01,1951,21.930000,1.546670,2.756670,25.900000,2.610000,11.860000,259.200000,18.280000,32.580000,0.561065,0.070528,7.955250,357.304227,171.892304
1951-06-01,1951,21.550000,1.560000,2.720000,25.900000,2.620000,11.620000,254.710000,18.440000,32.150000,0.573529,0.072390,7.922794,353.212892,169.924040
1951-07-01,1951,21.930000,1.546670,2.650000,25.900000,2.620000,11.780000,259.200000,18.280000,31.320000,0.583649,0.070528,8.275472,361.571991,173.945444
1951-08-01,1951,22.890000,1.533330,2.580000,25.900000,2.630000,12.260000,270.550000,18.120000,30.490000,0.594314,0.066987,8.872093,379.525106,182.582349
1951-09-01,1951,23.480000,1.520000,2.510000,26.100000,2.640000,12.440000,275.400000,17.830000,29.440000,0.605578,0.064736,9.354582,391.426137,186.864738
1951-10-01,1951,23.360000,1.483330,2.486670,26.200000,2.650000,12.310000,272.940000,17.330000,29.050000,0.596513,0.063499,9.394089,391.537274,186.204368
1951-11-01,1951,22.710000,1.446670,2.463330,26.400000,2.660000,11.850000,263.340000,16.780000,28.560000,0.587282,0.063702,9.219228,382.714458,180.629627
1951-12-01,1951,23.410000,1.410000,2.440000,26.500000,2.670000,12.150000,270.430000,16.290000,28.190000,0.577869,0.060231,9.594262,396.542665,186.449872
1952-01-01,1952,24.190000,1.413330,2.426670,26.500000,2.680000,12.530000,279.440000,16.330000,28.030000,0.582415,0.058426,9.968393,411.745444,193.598046
1952-02-01,1952,23.750000,1.416670,2.413330,26.300000,2.690000,12.360000,276.450000,16.490000,28.090000,0.587019,0.059649,9.841174,406.260795,192.471844
1952-03-01,1952,23.810000,1.420000,2.400000,26.300000,2.710000,12.360000,277.140000,16.530000,27.940000,0.591667,0.059639,9.920833,409.306568,193.914823
1952-04-01,1952,23.740000,1.430000,2.380000,26.400000,2.720000,12.240000,275.280000,16.580000,27.600000,0.600840,0.060236,9.974790,410.137444,193.572445
1952-05-01,1952,23.730000,1.440000,2.360000,26.400000,2.730000,12.200000,275.170000,16.700000,27.370000,0.610169,0.060683,10.055085,412.023431,194.462574
1952-06-01,1952,24.380000,1.450000,2.340000,26.500000,2.740000,12.450000,281.640000,16.750000,27.030000,0.619658,0.059475,10.418803,425.392923,200.014937
1952-07-01,1952,25.080000,1.450000,2.346670,26.700000,2.750000,12.670000,287.550000,16.620000,26.910000,0.617897,0.057815,10.687485,439.715183,205.200419
1952-08-01,1952,25.180000,1.450000,2.353330,26.700000,2.770000,12.680000,288.700000,16.620000,26.980000,0.616148,0.057585,10.699732,443.586944,207.007240
1952-09-01,1952,24.780000,1.450000,2.360000,26.700000,2.780000,12.430000,284.110000,16.620000,27.060000,0.614407,0.058515,10.500000,438.668966,204.712184
1952-10-01,1952,24.260000,1.436670,2.373330,26.700000,2.790000,12.130000,278.150000,16.470000,27.210000,0.605339,0.059220,10.221924,431.602701,201.414594
1952-11-01,1952,25.030000,1.423330,2.386670,26.700000,2.810000,12.470000,286.980000,16.320000,27.360000,0.596366,0.056865,10.487416,447.431499,208.801366
1952-12-01,1952,26.040000,1.410000,2.400000,26.700000,2.820000,12.930000,298.560000,16.170000,27.520000,0.587500,0.054147,10.850000,467.606331,218.216288
1953-01-01,1953,26.180000,1.410000,2.410000,26.600000,2.830000,13.010000,301.290000,16.230000,27.740000,0.585062,0.053858,10.863071,472.230318,221.202623
1953-02-01,1953,25.860000,1.410000,2.420000,26.500000,2.800000,12.860000,298.730000,16.290000,27.960000,0.582645,0.054524,10.685950,468.577658,220.319910
1953-03-01,1953,25.990000,1.410000,2.430000,26.600000,2.770000,12.830000,299.110000,16.230000,27.970000,0.580247,0.054252,10.695473,473.062305,221.592343
1953-04-01,1953,24.710000,1.413330,2.456670,26.600000,2.830000,12.160000,284.380000,16.270000,28.270000,0.575303,0.057197,10.058331,451.902823,211.680796
1953-05-01,1953,24.840000,1.416670,2.483330,26.700000,3.050000,12.140000,284.800000,16.240000,28.470000,0.570472,0.057032,10.002698,456.434242,213.002646
1953-06-01,1953,23.950000,1.420000,2.510000,26.800000,3.110000,11.620000,273.570000,16.220000,28.670000,0.565737,0.059290,9.541833,442.249791,205.613149
1953-07-01,1953,24.290000,1.420000,2.523330,26.800000,2.930000,11.750000,277.460000,16.220000,28.820000,0.562748,0.058460,9.626169,450.713166,209.547987
1953-08-01,1953,24.390000,1.420000,2.536670,26.900000,2.950000,11.720000,277.560000,16.160000,28.870000,0.559789,0.058221,9.614968,454.764451,210.645541
1953-09-01,1953,23.270000,1.420000,2.550000,26.900000,2.870000,11.140000,264.820000,16.160000,29.020000,0.556863,0.061023,9.125490,436.087846,201.994593
1953-10-01,1953,23.970000,1.430000,2.536670,27.000000,2.660000,11.390000,271.770000,16.210000,28.760000,0.563731,0.059658,9.449396,451.423696,208.323676
1953-11-01,1953,24.500000,1.440000,2.523330,26.900000,2.680000,11.640000,278.820000,16.390000,28.720000,0.570674,0.058776,9.709392,463.649362,214.761005
1953-12-01,1953,24.830000,1.450000,2.510000,26.900000,2.590000,11.750000,282.570000,16.500000,28.560000,0.577689,0.058397,9.892430,472.165370,218.705595
1954-01-01,1954,25.460000,1.456670,2.523330,26.900000,2.480000,12.000000,289.740000,16.580000,28.720000,0.577281,0.057214,10.089842,486.443159,225.319025
1954-02-01,1954,26.020000,1.463330,2.536670,26.900000,2.470000,12.220000,296.110000,16.650000,28.870000,0.576870,0.056239,10.257542,499.461898,231.349266
1954-03-01,1954,26.570000,1.470000,2.550000,26.900000,2.370000,12.420000,302.370000,16.730000,29.020000,0.576471,0.055326,10.419608,512.360073,237.323662
1954-04-01,1954,27.630000,1.463330,2.573330,26.800000,2.290000,12.910000,315.610000,16.720000,29.390000,0.568652,0.052962,10.737061,535.162700,248.810718
1954-05-01,1954,28.730000,1.456670,2.596670,26.900000,2.370000,13.310000,326.950000,16.580000,29.550000,0.560976,0.050702,11.064171,558.830414,258.848586
1954-06-01,1954,28.960000,1.450000,2.620000,26.900000,2.380000,13.360000,329.570000,16.500000,29.820000,0.553435,0.050069,11.053435,565.665323,262.014496
1954-07-01,1954,30.130000,1.456670,2.623330,26.900000,2.300000,13.830000,342.890000,16.580000,29.850000,0.555275,0.048346,11.485402,590.878709,273.693261
1954-08-01,1954,30.730000,1.463330,2.626670,26.900000,2.360000,14.040000,349.710000,16.650000,29.890000,0.557105,0.047619,11.699224,605.025855,280.246177
1954-09-01,1954,31.450000,1.470000,2.630000,26.800000,2.380000,14.360000,359.240000,16.790000,30.040000,0.558935,0.046741,11.958175,621.602425,288.998739
1954-10-01,1954,32.180000,1.493330,2.676670,26.800000,2.430000,14.620000,367.580000,17.060000,30.570000,0.557906,0.046406,12.022401,638.451902,296.832489
1954-11-01,1954,33.440000,1.516670,2.723330,26.800000,2.480000,15.120000,381.970000,17.320000,31.110000,0.556917,0.045355,12.279085,665.919305,309.602781
1954-12-01,1954,34.970000,1.540000,2.770000,26.700000,2.510000,15.790000,400.950000,17.660000,31.760000,0.555957,0.044038,12.624549,698.904398,326.155386
1955-01-01,1955,35.600000,1.546670,2.833330,26.700000,2.610000,15.990000,408.170000,17.730000,32.490000,0.545884,0.043446,12.564721,714.060318,333.228148
1955-02-01,1955,36.790000,1.553330,2.896670,26.700000,2.650000,16.440000,421.810000,17.810000,33.210000,0.536247,0.042222,12.700791,740.514430,345.573401
1955-03-01,1955,36.500000,1.560000,2.960000,26.700000,2.680000,16.220000,418.490000,17.890000,33.940000,0.527027,0.042740,12.331081,737.282739,344.065278
1955-04-01,1955,37.760000,1.563330,3.046670,26.700000,2.750000,16.690000,432.940000,17.920000,34.930000,0.513127,0.041402,12.393860,765.360082,357.168038
1955-05-01,1955,37.600000,1.566670,3.133330,26.700000,2.760000,16.520000,431.100000,17.960000,35.930000,0.500002,0.041667,12.000013,764.757635,356.886896
1955-06-01,1955,39.780000,1.570000,3.220000,26.700000,2.780000,17.370000,456.100000,18.000000,36.920000,0.487578,0.039467,12.354037,811.752720,378.817936
1955-07-01,1955,42.690000,1.586670,3.293330,26.800000,2.900000,18.450000,487.630000,18.120000,37.620000,0.481783,0.037167,12.962564,873.804121,406.253707
1955-08-01,1955,42.430000,1.603330,3.366670,26.800000,2.970000,18.220000,484.660000,18.310000,38.460000,0.476236,0.037788,12.602958,871.188696,405.037729
1955-09-01,1955,44.340000,1.620000,3.440000,26.900000,2.970000,18.840000,504.600000,18.440000,39.150000,0.470930,0.036536,12.889535,913.148881,422.967846
1955-10-01,1955,42.110000,1.626670,3.500000,26.900000,2.880000,17.770000,479.220000,18.510000,39.830000,0.464763,0.038629,12.031429,870.003935,402.983235
1955-11-01,1955,44.950000,1.633330,3.560000,26.900000,2.890000,18.840000,511.540000,18.590000,40.510000,0.458801,0.036337,12.626404,931.479719,431.458636
1955-12-01,1955,45.370000,1.640000,3.620000,26.800000,2.960000,18.940000,518.250000,18.730000,41.350000,0.453039,0.036147,12.533149,943.003767,438.426378
1956-01-01,1956,44.150000,1.670000,3.643330,26.800000,2.900000,18.290000,504.310000,19.080000,41.620000,0.458372,0.037826,12.118035,920.486963,427.957745
1956-02-01,1956,44.430000,1.700000,3.666670,26.800000,2.840000,18.270000,507.510000,19.420000,41.880000,0.463636,0.038262,12.117262,929.226203,432.020839
1956-03-01,1956,47.490000,1.730000,3.690000,26.800000,2.960000,19.370000,542.460000,19.760000,42.150000,0.468835,0.036429,12.869919,996.187098,463.152658
1956-04-01,1956,48.050000,1.753330,3.660000,26.900000,3.180000,19.370000,546.820000,19.950000,41.650000,0.479052,0.036490,13.128415,1010.958245,468.272852
1956-05-01,1956,46.540000,1.776670,3.630000,27.000000,3.070000,18.540000,527.670000,20.140000,41.160000,0.489441,0.038175,12.820937,982.262407,453.295911
1956-06-01,1956,46.270000,1.800000,3.600000,27.200000,3.000000,18.160000,520.750000,20.260000,40.520000,0.500000,0.038902,12.852778,979.688682,448.783859
1956-07-01,1956,48.780000,1.813330,3.553330,27.400000,3.110000,18.860000,545.000000,20.260000,39.700000,0.510318,0.037174,13.727968,1036.009665,471.119724
1956-08-01,1956,48.490000,1.826670,3.506670,27.300000,3.330000,18.670000,543.740000,20.480000,39.320000,0.520913,0.037671,13.827934,1033.059880,471.499125
1956-09-01,1956,46.840000,1.840000,3.460000,27.400000,3.380000,17.840000,523.320000,20.560000,38.660000,0.531792,0.039283,13.537572,1001.150335,455.267634
1956-10-01,1956,46.240000,1.806670,3.443330,27.500000,3.340000,17.420000,514.740000,20.110000,38.330000,0.524687,0.039072,13.428861,991.603356,449.286466
1956-11-01,1956,45.760000,1.773330,3.426670,27.500000,3.490000,17.120000,509.400000,19.740000,38.150000,0.517508,0.038753,13.354073,984.538522,446.085454
1956-12-01,1956,46.440000,1.740000,3.410000,27.600000,3.590000,17.200000,515.090000,19.300000,37.820000,0.510264,0.037468,13.618768,1002.348374,452.509447
1957-01-01,1957,45.430000,1.736670,3.406670,27.600000,3.460000,16.720000,503.890000,19.260000,37.790000,0.509785,0.038227,13.335603,983.678448,444.080923
1957-02-01,1957,43.470000,1.733330,3.403330,27.700000,3.340000,15.840000,480.410000,19.160000,37.610000,0.509304,0.039874,12.772784,944.372938,424.797357
1957-03-01,1957,44.030000,1.730000,3.400000,27.800000,3.410000,15.900000,484.850000,19.050000,37.440000,0.508824,0.039291,12.950000,959.676779,430.128513
1957-04-01,1957,45.050000,1.730000,3.406670,27.900000,3.480000,16.120000,494.300000,18.980000,37.380000,0.507827,0.038402,13.224058,985.050927,439.918801
1957-05-01,1957,46.780000,1.730000,3.413330,28.000000,3.600000,16.600000,511.450000,18.910000,37.320000,0.506836,0.036982,13.705092,1026.030941,456.583769
1957-06-01,1957,47.550000,1.730000,3.420000,28.100000,3.800000,16.730000,518.020000,18.850000,37.260000,0.505848,0.036383,13.903509,1046.081460,463.849644
1957-07-01,1957,48.510000,1.740000,3.436670,28.300000,3.930000,16.870000,524.740000,18.820000,37.180000,0.506304,0.035869,14.115408,1070.372696,471.266565
1957-08-01,1957,45.840000,1.750000,3.453330,28.300000,3.930000,15.870000,495.860000,18.930000,37.360000,0.506757,0.038176,13.274144,1014.658594,446.736611
1957-09-01,1957,43.980000,1.760000,3.470000,28.300000,3.920000,15.160000,475.740000,19.040000,37.540000,0.507205,0.040018,12.674352,976.715882,430.031092
1957-10-01,1957,41.240000,1.770000,3.436670,28.300000,3.970000,14.150000,446.100000,19.150000,37.180000,0.515033,0.042919,11.999988,919.122661,404.673794
1957-11-01,1957,40.350000,1.780000,3.403330,28.400000,3.720000,13.740000,434.940000,19.190000,36.680000,0.523017,0.044114,11.856035,902.574442,395.988646
1957-12-01,1957,40.330000,1.790000,3.370000,28.400000,3.210000,13.670000,434.720000,19.290000,36.330000,0.531157,0.044384,11.967359,905.445083,397.248089
1958-01-01,1958,41.120000,1.783330,3.293330,28.600000,3.090000,13.790000,440.140000,19.090000,35.250000,0.541498,0.043369,12.485843,926.530227,403.656176
1958-02-01,1958,41.260000,1.776670,3.216670,28.600000,3.050000,13.780000,441.640000,19.020000,34.430000,0.552332,0.043060,12.826930,933.033307,406.489336
1958-03-01,1958,42.110000,1.770000,3.140000,28.800000,2.980000,13.930000,447.610000,18.810000,33.380000,0.563694,0.042033,13.410828,955.602850,413.430955
1958-04-01,1958,42.340000,1.756670,3.070000,28.900000,2.880000,13.910000,448.490000,18.610000,32.520000,0.572205,0.041490,13.791531,964.169463,415.693824
1958-05-01,1958,43.700000,1.743330,3.000000,28.900000,2.920000,14.320000,462.900000,18.470000,31.780000,0.581110,0.039893,14.566667,998.473063,430.483542
1958-06-01,1958,44.750000,1.730000,2.930000,28.900000,2.970000,14.640000,474.020000,18.330000,31.040000,0.590444,0.038659,15.273038,1025.783186,442.258080
1958-07-01,1958,45.980000,1.730000,2.913330,29.000000,3.200000,14.960000,485.370000,18.260000,30.750000,0.593822,0.037625,15.782627,1057.282562,454.266921
1958-08-01,1958,47.700000,1.730000,2.896670,28.900000,3.540000,15.540000,505.270000,18.330000,30.680000,0.597238,0.036268,16.467185,1100.147958,474.319846
1958-09-01,1958,48.960000,1.730000,2.880000,28.900000,3.760000,15.930000,518.620000,18.330000,30.510000,0.600694,0.035335,17.000000,1132.533515,488.282616
1958-10-01,1958,50.950000,1.736670,2.883330,28.900000,3.800000,16.560000,539.700000,18.400000,30.540000,0.602314,0.034086,17.670541,1181.900658,509.566858
1958-11-01,1958,52.500000,1.743330,2.886670,29.000000,3.740000,16.990000,554.200000,18.400000,30.470000,0.603924,0.033206,18.187046,1221.213585,524.700733
1958-12-01,1958,53.490000,1.750000,2.890000,28.900000,3.860000,17.360000,566.600000,18.540000,30.610000,0.605536,0.032716,18.508651,1247.621514,537.901871
1959-01-01,1959,55.620000,1.756670,2.963330,29.000000,4.020000,17.980000,587.130000,18.540000,31.280000,0.592803,0.031583,18.769425,1300.703934,558.854173
1959-02-01,1959,54.770000,1.763330,3.036670,28.900000,3.960000,17.760000,580.160000,18.680000,32.170000,0.580679,0.032195,18.036204,1284.249612,553.693777
1959-03-01,1959,56.160000,1.770000,3.110000,28.900000,3.990000,18.200000,594.880000,18.750000,32.940000,0.569132,0.031517,18.057878,1320.287953,569.231415
1959-04-01,1959,57.100000,1.776670,3.206670,29.000000,4.120000,18.430000,602.750000,18.750000,33.850000,0.554055,0.031115,17.806634,1345.854427,578.253316
1959-05-01,1959,57.960000,1.783330,3.303330,29.000000,4.310000,18.690000,611.830000,18.830000,34.870000,0.539858,0.030768,17.545931,1369.614434,588.461926
1959-06-01,1959,57.460000,1.790000,3.400000,29.100000,4.340000,18.450000,604.470000,18.830000,35.770000,0.526471,0.031152,16.900000,1361.310989,582.884362
1959-07-01,1959,59.740000,1.796670,3.410000,29.200000,4.400000,19.090000,626.300000,18.840000,35.750000,0.526883,0.030075,17.519062,1418.861481,605.445687
1959-08-01,1959,59.400000,1.803330,3.420000,29.200000,4.430000,18.960000,622.740000,18.910000,35.850000,0.527289,0.030359,17.368421,1414.342274,603.517286
1959-09-01,1959,57.050000,1.810000,3.430000,29.300000,4.680000,18.120000,596.060000,18.910000,35.840000,0.527697,0.031727,16.632653,1361.965834,579.184106
1959-10-01,1959,57.000000,1.816670,3.416670,29.400000,4.530000,18.020000,593.510000,18.920000,35.580000,0.531708,0.031871,16.682911,1364.373048,578.234292
1959-11-01,1959,57.230000,1.823330,3.403330,29.400000,4.530000,18.070000,595.910000,18.990000,35.440000,0.535749,0.031860,16.815883,1373.502120,582.103280
1959-12-01,1959,59.060000,1.830000,3.390000,29.400000,4.690000,18.620000,614.960000,19.050000,35.300000,0.539823,0.030985,17.421829,1421.068161,602.262221
1960-01-01,1960,58.030000,1.866670,3.390000,29.300000,4.720000,18.340000,606.300000,19.500000,35.420000,0.550640,0.032167,17.117994,1399.954255,595.338908
1960-02-01,1960,55.780000,1.903330,3.390000,29.400000,4.490000,17.550000,580.810000,19.820000,35.300000,0.561454,0.034122,16.454277,1349.426493,571.899799
1960-03-01,1960,55.020000,1.940000,3.390000,29.400000,4.250000,17.290000,572.900000,20.200000,35.300000,0.572271,0.035260,16.230088,1334.877721,565.733891
1960-04-01,1960,55.730000,1.943330,3.346670,29.500000,4.280000,17.430000,578.320000,20.170000,34.730000,0.580676,0.034870,16.652374,1356.025820,572.748533
1960-05-01,1960,55.220000,1.946670,3.303330,29.500000,4.350000,17.260000,573.030000,20.200000,34.280000,0.589305,0.035253,16.716465,1347.556904,569.171492
1960-06-01,1960,57.260000,1.950000,3.260000,29.600000,4.150000,17.820000,592.190000,20.170000,33.720000,0.598160,0.034055,17.564417,1401.298667,589.870993
1960-07-01,1960,55.840000,1.950000,3.263330,29.600000,3.900000,17.380000,577.510000,20.170000,33.750000,0.597549,0.034921,17.111356,1370.524425,576.916701
1960-08-01,1960,56.510000,1.950000,3.266670,29.600000,3.800000,17.580000,584.430000,20.170000,33.780000,0.596938,0.034507,17.298962,1390.957118,585.517760
1960-09-01,1960,54.810000,1.950000,3.270000,29.600000,3.800000,17.050000,566.850000,20.170000,33.820000,0.596330,0.035577,16.761468,1353.112550,569.587242
1960-10-01,1960,53.730000,1.950000,3.270000,29.800000,3.890000,16.610000,551.950000,20.030000,33.590000,0.596330,0.036293,16.431193,1330.461925,556.293812
1960-11-01,1960,55.470000,1.950000,3.270000,29.800000,3.930000,17.150000,569.830000,20.030000,33.590000,0.596330,0.035154,16.963303,1377.571618,575.991354
1960-12-01,1960,56.800000,1.950000,3.270000,29.800000,3.840000,17.560000,583.490000,20.030000,33.590000,0.596330,0.034331,17.370031,1414.637160,591.489229
1961-01-01,1961,59.720000,1.946670,3.210000,29.800000,3.840000,18.470000,613.490000,20.000000,32.980000,0.606439,0.032597,18.604361,1491.408622,623.588974
1961-02-01,1961,62.170000,1.943330,3.150000,29.800000,3.780000,19.230000,638.660000,19.960000,32.360000,0.616930,0.031258,19.736508,1556.644576,650.865484
1961-03-01,1961,64.120000,1.940000,3.090000,29.800000,3.740000,19.840000,658.690000,19.930000,31.740000,0.627832,0.030256,20.750809,1609.524525,672.975691
1961-04-01,1961,65.830000,1.940000,3.070000,29.800000,3.780000,20.380000,676.250000,19.930000,31.540000,0.631922,0.029470,21.442997,1656.506643,692.619892
1961-05-01,1961,66.500000,1.940000,3.050000,29.800000,3.710000,20.600000,683.140000,19.930000,31.330000,0.636066,0.029173,21.803279,1677.434205,701.370141
1961-06-01,1961,65.620000,1.940000,3.030000,29.800000,3.880000,20.330000,674.100000,19.930000,31.130000,0.640264,0.029564,21.656766,1659.314552,693.793937
1961-07-01,1961,65.440000,1.946670,3.036670,30.000000,3.920000,20.150000,667.770000,19.860000,30.990000,0.641054,0.029747,21.549921,1658.850962,688.976100
1961-08-01,1961,67.790000,1.953330,3.043330,29.900000,4.040000,20.940000,694.060000,20.000000,31.160000,0.641840,0.028814,22.274942,1722.533766,717.818419
1961-09-01,1961,67.260000,1.960000,3.050000,30.000000,3.980000,20.710000,686.340000,20.000000,31.120000,0.642623,0.029141,22.052459,1713.202697,711.550187
1961-10-01,1961,68.000000,1.980000,3.096670,30.000000,3.920000,20.920000,693.890000,20.200000,31.600000,0.639397,0.029118,21.959072,1736.211813,721.106640
1961-11-01,1961,71.080000,2.000000,3.143330,30.000000,3.940000,21.860000,725.320000,20.410000,32.080000,0.636268,0.028137,22.612961,1819.064862,755.518273
1961-12-01,1961,71.740000,2.020000,3.190000,30.000000,4.060000,22.040000,732.050000,20.610000,32.550000,0.633229,0.028157,22.489028,1840.220747,764.305017
1962-01-01,1962,69.070000,2.026670,3.250000,30.000000,4.080000,21.200000,704.810000,20.680000,33.160000,0.623591,0.029342,21.252308,1776.049867,737.652711
1962-02-01,1962,70.220000,2.033330,3.310000,30.100000,4.040000,21.450000,714.160000,20.680000,33.660000,0.614299,0.028957,21.214502,1809.963475,749.240694
1962-03-01,1962,70.290000,2.040000,3.370000,30.100000,3.930000,21.440000,714.870000,20.750000,34.270000,0.605341,0.029023,20.857567,1816.135295,751.795541
1962-04-01,1962,68.050000,2.046670,3.403330,30.200000,3.840000,20.660000,689.800000,20.750000,34.500000,0.601373,0.030076,19.995122,1762.651157,727.239517
1962-05-01,1962,62.990000,2.053330,3.436670,30.200000,3.870000,19.090000,638.510000,20.810000,34.840000,0.597477,0.032598,18.328789,1636.003333,674.986806
1962-06-01,1962,55.630000,2.060000,3.470000,30.200000,3.910000,16.830000,563.900000,20.880000,35.170000,0.593660,0.037030,16.031700,1449.290416,597.952271
1962-07-01,1962,56.970000,2.066670,3.490000,30.300000,4.010000,17.140000,575.580000,20.880000,35.260000,0.592169,0.036276,16.323782,1488.672836,612.173714
1962-08-01,1962,58.520000,2.073330,3.510000,30.300000,3.980000,17.570000,591.240000,20.950000,35.460000,0.590692,0.035429,16.672365,1533.675923,630.679934
1962-09-01,1962,58.000000,2.080000,3.530000,30.400000,3.980000,17.320000,584.060000,20.950000,35.550000,0.589235,0.035862,16.430595,1524.576012,624.875563
1962-10-01,1962,56.170000,2.096670,3.576670,30.400000,3.930000,16.740000,565.630000,21.110000,36.020000,0.586207,0.037327,15.704552,1481.029214,607.027106
1962-11-01,1962,60.040000,2.113330,3.623330,30.400000,3.920000,17.850000,604.600000,21.280000,36.490000,0.583256,0.035199,16.570392,1587.676040,650.738272
1962-12-01,1962,62.640000,2.130000,3.670000,30.400000,3.860000,18.590000,630.780000,21.450000,36.960000,0.580381,0.034004,17.068120,1661.086510,680.826905
1963-01-01,1963,65.060000,2.136670,3.683330,30.400000,3.830000,19.260000,655.150000,21.520000,37.090000,0.580092,0.032842,17.663364,1729.966974,709.058832
1963-02-01,1963,65.920000,2.143330,3.696670,30.400000,3.920000,19.470000,663.810000,21.580000,37.230000,0.579800,0.032514,17.832265,1757.569222,720.372122
1963-03-01,1963,65.670000,2.150000,3.710000,30.500000,3.930000,19.290000,659.130000,21.580000,37.240000,0.579515,0.032739,17.700809,1755.665833,717.232665
1963-04-01,1963,68.760000,2.166670,3.753330,30.500000,3.970000,20.150000,690.140000,21.750000,37.670000,0.577266,0.031511,18.319732,1843.065928,752.937753
1963-05-01,1963,70.140000,2.183330,3.796670,30.500000,3.930000,20.510000,703.990000,21.910000,38.110000,0.575064,0.031128,18.474084,1884.895586,770.026197
1963-06-01,1963,70.110000,2.200000,3.840000,30.600000,3.990000,20.380000,701.390000,22.010000,38.420000,0.572917,0.031379,18.257812,1888.978832,769.172427
1963-07-01,1963,69.070000,2.203330,3.880000,30.700000,4.020000,19.970000,688.740000,21.970000,38.690000,0.567869,0.031900,17.801546,1865.897600,757.299156
1963-08-01,1963,70.980000,2.206670,3.920000,30.700000,4.000000,20.470000,707.780000,22.000000,39.090000,0.562926,0.031089,18.107143,1922.455634,780.253981
1963-09-01,1963,72.850000,2.210000,3.960000,30.700000,4.080000,20.960000,726.430000,22.040000,39.490000,0.558081,0.030336,18.396465,1978.084132,802.831540
1963-10-01,1963,73.030000,2.233330,3.980000,30.800000,4.110000,20.890000,725.860000,22.200000,39.560000,0.561138,0.030581,18.349246,1987.972290,804.225154
1963-11-01,1963,72.620000,2.256670,4.000000,30.800000,4.120000,20.720000,721.790000,22.430000,39.760000,0.564168,0.031075,18.155000,1981.877734,801.759629
1963-12-01,1963,74.170000,2.280000,4.020000,30.900000,4.130000,21.040000,734.810000,22.590000,39.830000,0.567164,0.030740,18.450249,2029.311143,818.291807
1964-01-01,1964,76.450000,2.296670,4.073330,30.900000,4.170000,21.630000,757.390000,22.750000,40.350000,0.563831,0.030041,18.768428,2096.891007,845.542458
1964-02-01,1964,77.390000,2.313330,4.126670,30.900000,4.150000,21.830000,766.710000,22.920000,40.880000,0.560580,0.029892,18.753620,2127.923051,858.055703
1964-03-01,1964,78.800000,2.330000,4.180000,30.900000,4.220000,22.170000,780.670000,23.080000,41.410000,0.557416,0.029569,18.851675,2171.993179,875.826376
1964-04-01,1964,79.940000,2.346670,4.230000,30.900000,4.230000,22.420000,791.970000,23.250000,41.910000,0.554768,0.029355,18.898345,2208.767302,890.655035
1964-05-01,1964,80.720000,2.363330,4.280000,30.900000,4.200000,22.570000,799.700000,23.410000,42.400000,0.552180,0.029278,18.859813,2235.722216,901.524233
1964-06-01,1964,80.240000,2.380000,4.330000,31.000000,4.170000,22.300000,792.380000,23.500000,42.760000,0.549654,0.029661,18.531178,2227.882347,895.464969
1964-07-01,1964,83.220000,2.400000,4.376670,31.100000,4.190000,22.980000,819.160000,23.620000,43.080000,0.548362,0.028839,19.014456,2316.129515,927.941278
1964-08-01,1964,82.000000,2.420000,4.423330,31.000000,4.190000,22.650000,809.760000,23.900000,43.680000,0.547099,0.029512,18.538070,2287.741482,919.524479
1964-09-01,1964,83.410000,2.440000,4.470000,31.100000,4.200000,22.890000,821.030000,24.020000,44.000000,0.545861,0.029253,18.659955,2332.705832,934.582465
1964-10-01,1964,84.850000,2.460000,4.496670,31.100000,4.190000,23.210000,835.210000,24.210000,44.260000,0.547071,0.028992,18.869519,2378.664509,952.995491
1964-11-01,1964,85.440000,2.480000,4.523330,31.200000,4.150000,23.230000,838.320000,24.330000,44.380000,0.548269,0.029026,18.888739,2400.951347,958.841468
1964-12-01,1964,83.960000,2.500000,4.550000,31.200000,4.180000,22.750000,823.800000,24.530000,44.640000,0.549451,0.029776,18.452747,2365.169379,944.551617
1965-01-01,1965,86.120000,2.516670,4.593330,31.200000,4.190000,23.270000,844.990000,24.690000,45.070000,0.547897,0.029223,18.748925,2431.885785,971.195413
1965-02-01,1965,86.750000,2.533330,4.636670,31.200000,4.210000,23.370000,851.170000,24.860000,45.490000,0.546368,0.029203,18.709548,2455.598154,980.665160
1965-03-01,1965,86.830000,2.550000,4.680000,31.300000,4.210000,23.250000,849.230000,24.940000,45.770000,0.544872,0.029368,18.553419,2463.838514,980.812393
1965-04-01,1965,87.970000,2.570000,4.733330,31.400000,4.200000,23.420000,857.640000,25.060000,46.150000,0.542958,0.029215,18.585224,2502.216282,992.917671
1965-05-01,1965,89.280000,2.590000,4.786670,31.400000,4.210000,23.710000,870.420000,25.250000,46.670000,0.541086,0.029010,18.651798,2545.569637,1010.120945
1965-06-01,1965,85.040000,2.610000,4.840000,31.600000,4.210000,22.390000,823.830000,25.280000,46.890000,0.539256,0.030691,17.570248,2430.831774,958.486199
1965-07-01,1965,84.910000,2.626670,4.886670,31.600000,4.200000,22.300000,822.570000,25.450000,47.340000,0.537517,0.030935,17.375841,2433.332923,959.472412
1965-08-01,1965,86.490000,2.643330,4.933330,31.600000,4.250000,22.670000,837.880000,25.610000,47.790000,0.535810,0.030562,17.531769,2484.885111,979.799635
1965-09-01,1965,89.380000,2.660000,4.980000,31.600000,4.290000,23.370000,865.880000,25.770000,48.240000,0.534137,0.029761,17.947791,2574.244369,1015.034330
1965-10-01,1965,91.390000,2.680000,5.050000,31.700000,4.350000,23.780000,882.550000,25.880000,48.770000,0.530693,0.029325,18.097030,2638.518875,1037.096063
1965-11-01,1965,92.150000,2.700000,5.120000,31.700000,4.450000,23.930000,889.890000,26.070000,49.440000,0.527344,0.029300,17.998047,2666.908672,1048.254954
1965-12-01,1965,91.730000,2.720000,5.190000,31.800000,4.620000,23.690000,883.050000,26.180000,49.960000,0.524085,0.029652,17.674374,2661.265187,1042.747303
1966-01-01,1966,93.320000,2.740000,5.240000,31.800000,4.610000,24.060000,898.360000,26.380000,50.440000,0.522901,0.029361,17.809160,2713.970210,1063.398390
1966-02-01,1966,92.690000,2.760000,5.290000,32.000000,4.830000,23.700000,886.720000,26.400000,50.610000,0.521739,0.029777,17.521739,2702.288776,1052.203692
1966-03-01,1966,88.880000,2.780000,5.340000,32.100000,4.870000,22.610000,847.620000,26.510000,50.930000,0.520599,0.031278,16.644195,2597.917282,1008.412752
1966-04-01,1966,91.600000,2.796670,5.380000,32.300000,4.750000,23.110000,868.150000,26.510000,50.990000,0.519827,0.030531,17.026022,2684.193000,1035.450303
1966-05-01,1966,86.780000,2.813330,5.420000,32.300000,4.780000,21.850000,822.470000,26.660000,51.370000,0.519065,0.032419,16.011070,2549.779862,983.599291
1966-06-01,1966,86.060000,2.830000,5.460000,32.400000,4.810000,21.560000,813.130000,26.740000,51.590000,0.518315,0.032884,15.761905,2535.513205,975.076992
1966-07-01,1966,85.840000,2.850000,5.476670,32.500000,5.020000,21.380000,808.550000,26.850000,51.590000,0.520389,0.033201,15.673758,2535.979690,972.255598
1966-08-01,1966,80.650000,2.870000,5.493330,32.700000,5.220000,19.910000,755.020000,26.870000,51.430000,0.522452,0.035586,14.681441,2389.667488,910.558315
1966-09-01,1966,77.810000,2.890000,5.510000,32.700000,5.180000,19.160000,728.430000,27.060000,51.580000,0.524501,0.037142,14.121597,2312.604538,881.194268
1966-10-01,1966,77.130000,2.883330,5.523330,32.900000,5.010000,18.830000,717.680000,26.830000,51.390000,0.522027,0.037383,13.964402,2299.551990,870.894158
1966-11-01,1966,80.990000,2.876670,5.536670,32.900000,5.160000,19.710000,753.590000,26.770000,51.520000,0.519567,0.035519,14.627926,2421.797566,917.191418
1966-12-01,1966,81.330000,2.870000,5.550000,32.900000,4.840000,19.740000,756.760000,26.700000,51.640000,0.517117,0.035288,14.654054,2439.132675,923.756630
1967-01-01,1967,84.450000,2.880000,5.516670,32.900000,4.580000,20.430000,785.790000,26.800000,51.330000,0.522054,0.034103,15.308148,2539.875983,961.910479
1967-02-01,1967,87.360000,2.890000,5.483330,32.900000,4.630000,21.070000,812.870000,26.890000,51.020000,0.527052,0.033082,15.931925,2634.613808,997.789910
1967-03-01,1967,89.420000,2.900000,5.450000,33.000000,4.540000,21.440000,829.510000,26.900000,50.560000,0.532110,0.032431,16.407339,2704.002627,1020.965841
1967-04-01,1967,90.960000,2.900000,5.410000,33.100000,4.590000,21.690000,841.250000,26.820000,50.030000,0.536044,0.031882,16.813309,2757.879068,1038.162332
1967-05-01,1967,92.590000,2.900000,5.370000,33.200000,4.850000,21.950000,853.750000,26.740000,49.520000,0.540037,0.031321,17.242086,2814.627423,1056.333063
1967-06-01,1967,91.430000,2.900000,5.330000,33.300000,5.020000,21.550000,840.520000,26.660000,49.000000,0.544090,0.031718,17.153846,2786.711166,1042.715349
1967-07-01,1967,93.010000,2.906670,5.320000,33.400000,5.160000,21.800000,852.480000,26.640000,48.760000,0.546367,0.031251,17.483083,2842.234067,1060.306481
1967-08-01,1967,94.490000,2.913330,5.310000,33.500000,5.280000,22.030000,863.460000,26.620000,48.520000,0.548650,0.030832,17.794727,2894.862381,1076.715978
1967-09-01,1967,95.810000,2.920000,5.300000,33.600000,5.300000,22.220000,872.920000,26.600000,48.290000,0.550943,0.030477,18.077358,2942.740736,1091.266356
1967-10-01,1967,95.660000,2.920000,5.310000,33.700000,5.480000,22.070000,868.970000,26.520000,48.240000,0.549906,0.030525,18.015066,2945.607408,1089.088080
1967-11-01,1967,92.660000,2.920000,5.320000,33.800000,5.750000,21.260000,839.220000,26.450000,48.180000,0.548872,0.031513,17.417293,2860.722840,1054.574159
1967-12-01,1967,95.300000,2.920000,5.330000,33.900000,5.700000,21.750000,860.590000,26.370000,48.130000,0.547842,0.030640,17.879925,2949.740944,1084.182070
1968-01-01,1968,95.040000,2.930000,5.366670,34.100000,5.530000,21.510000,853.210000,26.300000,48.180000,0.545962,0.030829,17.709306,2949.225075,1077.634734
1968-02-01,1968,90.750000,2.940000,5.403330,34.200000,5.560000,20.420000,812.310000,26.320000,48.370000,0.544109,0.032397,16.795199,2823.677168,1028.743202
1968-03-01,1968,89.090000,2.950000,5.440000,34.300000,5.740000,19.930000,795.130000,26.330000,48.550000,0.542279,0.033113,16.376838,2779.649584,1009.750257
1968-04-01,1968,95.670000,2.963330,5.483330,34.400000,5.640000,21.280000,851.370000,26.370000,48.800000,0.540425,0.030974,17.447427,2992.618770,1083.954357
1968-05-01,1968,97.870000,2.976670,5.526670,34.500000,5.870000,21.630000,868.430000,26.410000,49.040000,0.538601,0.030415,17.708674,3069.160748,1108.456317
1968-06-01,1968,100.500000,2.990000,5.570000,34.700000,5.720000,22.000000,886.620000,26.380000,49.140000,0.536804,0.029751,18.043088,3159.415331,1134.475937
1968-07-01,1968,100.300000,3.003330,5.600000,34.900000,5.500000,21.750000,879.790000,26.340000,49.120000,0.536309,0.029943,17.910714,3160.960982,1128.526471
1968-08-01,1968,98.110000,3.016670,5.630000,35.000000,5.420000,21.140000,858.120000,26.390000,49.240000,0.535821,0.030748,17.426288,3099.830502,1103.539659
1968-09-01,1968,101.300000,3.030000,5.660000,35.100000,5.460000,21.680000,883.500000,26.430000,49.360000,0.535336,0.029911,17.897527,3208.562773,1138.994078
1968-10-01,1968,103.800000,3.043330,5.693330,35.300000,5.580000,22.000000,900.170000,26.390000,49.370000,0.534543,0.029319,18.231861,3295.745093,1163.313990
1968-11-01,1968,105.400000,3.056670,5.726670,35.400000,5.700000,22.200000,911.460000,26.430000,49.520000,0.533760,0.029001,18.405112,3354.598935,1180.743015
1968-12-01,1968,106.500000,3.070000,5.760000,35.500000,6.030000,22.280000,918.380000,26.470000,49.670000,0.532986,0.028826,18.489583,3397.716114,1192.550501
1969-01-01,1969,102.000000,3.080000,5.780000,35.600000,6.040000,21.190000,877.110000,26.490000,49.700000,0.532872,0.030196,17.647059,3262.312607,1141.809413
1969-02-01,1969,101.500000,3.090000,5.800000,35.800000,6.190000,20.900000,867.930000,26.420000,49.600000,0.532759,0.030443,17.500000,3254.529966,1132.721882
1969-03-01,1969,99.300000,3.100000,5.820000,36.100000,6.300000,20.200000,842.060000,26.290000,49.350000,0.532646,0.031219,17.061856,3192.244996,1101.810877
1969-04-01,1969,101.300000,3.110000,5.826670,36.300000,6.170000,20.430000,854.290000,26.230000,49.140000,0.533753,0.030701,17.385574,3264.844727,1120.660201
1969-05-01,1969,104.600000,3.120000,5.833330,36.400000,6.320000,20.970000,879.700000,26.240000,49.060000,0.534857,0.029828,17.931439,3379.554762,1156.847592
1969-06-01,1969,99.140000,3.130000,5.840000,36.600000,6.570000,19.710000,829.220000,26.180000,48.850000,0.535959,0.031572,16.976027,3211.546303,1093.329698
1969-07-01,1969,94.710000,3.136670,5.856670,36.800000,6.720000,18.680000,787.860000,26.090000,48.720000,0.535572,0.033119,16.171306,3076.490102,1041.659420
1969-08-01,1969,94.180000,3.143330,5.873330,37.000000,6.690000,18.430000,779.220000,26.010000,48.590000,0.535187,0.033376,16.035196,3067.764745,1033.090506
1969-09-01,1969,94.510000,3.150000,5.890000,37.100000,7.160000,18.400000,779.840000,25.990000,48.600000,0.534805,0.033330,16.045840,3087.046391,1036.781618
1969-10-01,1969,95.520000,3.153330,5.853330,37.300000,7.100000,18.450000,783.950000,25.880000,48.040000,0.538724,0.033012,16.318916,3128.610951,1045.107036
1969-11-01,1969,96.210000,3.156670,5.816670,37.500000,7.140000,18.440000,785.400000,25.770000,47.480000,0.542694,0.032810,16.540392,3159.817715,1049.902099
1969-12-01,1969,91.110000,3.160000,5.780000,37.700000,7.650000,17.330000,739.820000,25.660000,46.930000,0.546713,0.034683,15.762976,3000.958326,991.828667
1970-01-01,1970,90.310000,3.163330,5.730000,37.800000,7.790000,17.090000,731.390000,25.620000,46.410000,0.552065,0.035027,15.760908,2983.281733,983.378053
1970-02-01,1970,87.160000,3.166670,5.680000,38.000000,7.240000,16.370000,702.160000,25.510000,45.760000,0.557512,0.036332,15.345070,2887.933355,946.938147
1970-03-01,1970,88.650000,3.170000,5.630000,38.200000,7.070000,16.530000,710.420000,25.400000,45.120000,0.563055,0.035759,15.746004,2946.046194,960.935486
1970-04-01,1970,85.950000,3.173330,5.593330,38.500000,7.390000,15.870000,683.420000,25.230000,44.470000,0.567342,0.036921,15.366517,2865.097773,927.249825
1970-05-01,1970,76.060000,3.176670,5.556670,38.600000,7.910000,13.980000,603.210000,25.190000,44.070000,0.571686,0.041765,13.688054,2544.234962,821.273773
1970-06-01,1970,75.590000,3.180000,5.520000,38.800000,7.840000,13.800000,596.400000,25.090000,43.550000,0.576087,0.042069,13.693841,2537.368354,814.835301
1970-07-01,1970,75.720000,3.183330,5.466670,39.000000,7.460000,13.730000,594.360000,24.990000,42.910000,0.582316,0.042041,13.851211,2550.627522,814.892793
1970-08-01,1970,77.920000,3.186670,5.413330,39.000000,7.530000,14.100000,611.630000,25.010000,42.490000,0.588671,0.040897,14.394098,2633.670372,841.423919
1970-09-01,1970,82.580000,3.190000,5.360000,39.200000,7.390000,14.840000,644.900000,24.910000,41.860000,0.595149,0.038629,15.406716,2800.152540,890.048486
1970-10-01,1970,84.370000,3.173330,5.283330,39.400000,7.330000,15.060000,655.530000,24.660000,41.050000,0.600631,0.037612,15.969095,2869.862481,907.575800
1970-11-01,1970,84.280000,3.156670,5.206670,39.600000,6.840000,14.950000,651.530000,24.400000,40.250000,0.606274,0.037455,16.186929,2875.796234,904.859118
1970-12-01,1970,90.050000,3.140000,5.130000,39.800000,6.390000,15.870000,692.630000,24.150000,39.460000,0.612086,0.034870,17.553606,3081.655741,964.759561
1971-01-01,1971,93.490000,3.130000,5.160000,39.800000,6.240000,16.460000,719.090000,24.070000,39.690000,0.606589,0.033480,18.118217,3208.332724,1004.417732
1971-02-01,1971,97.110000,3.120000,5.190000,39.900000,6.110000,17.030000,745.060000,23.940000,39.820000,0.601156,0.032129,18.710983,3341.512792,1043.489960
1971-03-01,1971,99.600000,3.110000,5.220000,40.000000,5.700000,17.400000,762.260000,23.800000,39.950000,0.595785,0.031225,19.080460,3436.139094,1070.357328
1971-04-01,1971,103.000000,3.106670,5.253330,40.100000,5.830000,17.920000,786.310000,23.720000,40.100000,0.591372,0.030162,19.606611,3562.378107,1106.913496
1971-05-01,1971,101.600000,3.103330,5.286670,40.300000,6.390000,17.560000,771.780000,23.570000,40.160000,0.587010,0.030545,19.218147,3522.911425,1089.217775
1971-06-01,1971,99.720000,3.100000,5.320000,40.600000,6.520000,17.080000,751.900000,23.370000,40.110000,0.582707,0.031087,18.744361,3466.690850,1063.915468
1971-07-01,1971,99.000000,3.096670,5.356670,40.700000,6.730000,16.890000,744.630000,23.290000,40.290000,0.578096,0.031279,18.481631,3450.641355,1056.387992
1971-08-01,1971,97.240000,3.093330,5.393330,40.800000,6.580000,16.520000,729.600000,23.210000,40.470000,0.573547,0.031811,18.029677,3398.291146,1037.811463
1971-09-01,1971,99.400000,3.090000,5.430000,40.800000,6.140000,16.860000,745.810000,23.180000,40.740000,0.569061,0.031087,18.305709,3482.786332,1063.615630
1971-10-01,1971,97.290000,3.083330,5.520000,40.900000,5.930000,16.430000,728.190000,23.080000,41.320000,0.558574,0.031692,17.625000,3417.878267,1041.241154
1971-11-01,1971,92.780000,3.076670,5.610000,40.900000,5.810000,15.640000,694.440000,23.030000,41.990000,0.548426,0.033161,16.538324,3268.464894,995.723046
1971-12-01,1971,99.170000,3.070000,5.700000,41.100000,5.930000,16.600000,738.650000,22.870000,42.460000,0.538596,0.030957,17.398246,3502.604683,1061.860203
1972-01-01,1972,103.300000,3.070000,5.736670,41.100000,5.950000,17.260000,769.420000,22.870000,42.730000,0.535154,0.029719,18.006962,3657.508791,1108.821400
1972-02-01,1972,105.200000,3.070000,5.773330,41.300000,6.080000,17.460000,779.770000,22.760000,42.790000,0.531756,0.029183,18.221720,3733.839666,1126.480441
1972-03-01,1972,107.700000,3.070000,5.810000,41.400000,6.070000,17.810000,796.380000,22.700000,42.960000,0.528399,0.028505,18.537005,3831.651831,1153.197628
1972-04-01,1972,108.800000,3.070000,5.863330,41.500000,6.190000,17.920000,802.570000,22.650000,43.250000,0.523593,0.028217,18.556008,3879.888426,1164.901441
1972-05-01,1972,107.700000,3.070000,5.916670,41.600000,6.130000,17.660000,792.550000,22.590000,43.540000,0.518873,0.028505,18.202807,3849.784819,1153.084588
1972-06-01,1972,108.000000,3.070000,5.970000,41.700000,6.110000,17.640000,792.850000,22.540000,43.830000,0.514238,0.028426,18.090452,3869.653331,1156.256127
1972-07-01,1972,107.200000,3.073330,6.026670,41.900000,6.110000,17.400000,783.220000,22.450000,44.030000,0.509955,0.028669,17.787601,3850.155772,1144.938924
1972-08-01,1972,111.000000,3.076670,6.083330,42.000000,6.210000,17.940000,809.050000,22.430000,44.340000,0.505754,0.027718,18.246585,3995.833557,1185.430622
1972-09-01,1972,109.400000,3.080000,6.140000,42.100000,6.550000,17.610000,795.500000,22.400000,44.650000,0.501629,0.028154,17.817590,3947.465581,1168.299790
1972-10-01,1972,109.600000,3.103330,6.233330,42.300000,6.480000,17.530000,793.180000,22.460000,45.110000,0.497861,0.028315,17.582897,3963.943424,1167.629670
1972-11-01,1972,115.100000,3.126670,6.326670,42.400000,6.280000,18.340000,831.020000,22.570000,45.680000,0.494205,0.027165,18.192825,4172.217215,1226.080814
1972-12-01,1972,117.500000,3.150000,6.420000,42.500000,6.360000,18.650000,846.350000,22.690000,46.240000,0.490654,0.026809,18.302181,4268.658717,1251.470297
1973-01-01,1973,118.400000,3.156670,6.546670,42.600000,6.460000,18.710000,850.830000,22.680000,47.040000,0.482179,0.026661,18.085531,4310.891191,1260.885076
1973-02-01,1973,114.200000,3.163330,6.673330,42.900000,6.640000,17.890000,814.910000,22.570000,47.620000,0.474026,0.027700,17.112896,4167.548810,1210.434922
1973-03-01,1973,112.400000,3.170000,6.800000,43.300000,6.710000,17.410000,794.660000,22.410000,48.080000,0.466176,0.028203,16.529412,4111.480712,1183.118930
1973-04-01,1973,110.300000,3.186670,6.943330,43.600000,6.670000,16.940000,774.450000,22.370000,48.750000,0.458954,0.028891,15.885749,4044.327746,1155.787241
1973-05-01,1973,107.200000,3.203330,7.086670,43.900000,6.850000,16.310000,747.540000,22.340000,49.420000,0.452022,0.029882,15.126992,3940.398270,1118.390944
1973-06-01,1973,104.800000,3.220000,7.230000,44.200000,6.900000,15.810000,725.840000,22.300000,50.070000,0.445367,0.030725,14.495159,3861.992584,1088.697457
1973-07-01,1973,105.800000,3.236670,7.383330,44.300000,7.130000,15.890000,731.110000,22.370000,51.020000,0.438375,0.030592,14.329578,3908.732030,1099.386029
1973-08-01,1973,103.800000,3.253330,7.536670,45.100000,7.400000,15.280000,704.570000,22.080000,51.160000,0.431667,0.031342,13.772661,3844.807729,1062.224042
1973-09-01,1973,105.600000,3.270000,7.690000,45.200000,7.090000,15.480000,715.200000,22.150000,52.080000,0.425228,0.030966,13.732120,3921.522786,1081.021547
1973-10-01,1973,109.800000,3.306670,7.846670,45.600000,6.790000,15.910000,737.120000,22.200000,52.680000,0.421411,0.030115,13.993197,4087.611902,1116.922024
1973-11-01,1973,102.000000,3.343330,8.003330,45.900000,6.730000,14.650000,680.280000,22.300000,53.380000,0.417742,0.032778,12.744695,3807.493437,1033.581007
1973-12-01,1973,94.780000,3.380000,8.160000,46.200000,6.740000,13.490000,628.030000,22.400000,54.070000,0.414216,0.035662,11.615196,3548.382714,956.988065
1974-01-01,1974,96.110000,3.400000,8.226670,46.600000,6.990000,13.530000,631.370000,22.340000,54.040000,0.413290,0.035376,11.682734,3608.720445,964.906797
1974-02-01,1974,93.450000,3.420000,8.293330,47.200000,6.960000,12.960000,606.090000,22.180000,53.790000,0.412380,0.036597,11.268091,3519.481806,929.083545
1974-03-01,1974,97.440000,3.440000,8.360000,47.800000,7.210000,13.310000,624.040000,22.030000,53.540000,0.411483,0.035304,11.655502,3680.485388,959.390124
1974-04-01,1974,92.460000,3.460000,8.486670,48.000000,7.510000,12.550000,589.680000,22.070000,54.130000,0.407698,0.037422,10.894733,3503.209682,909.374847
1974-05-01,1974,89.670000,3.480000,8.613330,48.600000,7.580000,12.000000,564.820000,21.920000,54.250000,0.404025,0.038809,10.410608,3408.424230,873.847035
1974-06-01,1974,89.790000,3.500000,8.740000,49.000000,7.540000,11.890000,560.960000,21.870000,54.600000,0.400458,0.038980,10.273455,3424.008639,870.676483
1974-07-01,1974,79.310000,3.530000,8.863330,49.400000,7.810000,10.390000,491.480000,21.880000,54.930000,0.398270,0.044509,8.948104,3035.491640,765.632102
1974-08-01,1974,76.030000,3.560000,8.986670,50.000000,8.040000,9.820000,465.500000,21.800000,55.020000,0.396142,0.046824,8.460308,2921.212582,727.966175
1974-09-01,1974,68.120000,3.590000,9.110000,50.600000,8.040000,8.680000,412.120000,21.720000,55.120000,0.394072,0.052701,7.477497,2628.694298,647.302983
1974-10-01,1974,69.440000,3.593330,9.036670,51.100000,7.900000,8.740000,416.000000,21.530000,54.140000,0.397639,0.051747,7.684247,2691.176596,656.204704
1974-11-01,1974,71.740000,3.596670,8.963330,51.500000,7.680000,8.950000,426.440000,21.380000,53.280000,0.401265,0.050135,8.003722,2791.919155,675.481800
1974-12-01,1974,67.070000,3.600000,8.890000,51.900000,7.430000,8.290000,395.610000,21.230000,52.440000,0.404949,0.053675,7.544432,2621.840239,629.443726
1975-01-01,1975,72.560000,3.623330,8.743330,52.100000,7.500000,8.920000,426.350000,21.290000,51.370000,0.414411,0.049936,8.298898,2848.177722,681.157282
1975-02-01,1975,80.100000,3.646670,8.596670,52.500000,7.390000,9.760000,467.060000,21.260000,50.130000,0.424196,0.045526,9.317561,3155.995399,749.022908
1975-03-01,1975,83.780000,3.670000,8.450000,52.700000,7.730000,10.160000,486.670000,21.320000,49.080000,0.434320,0.043805,9.914793,3312.963388,783.292672
1975-04-01,1975,84.720000,3.683330,8.286670,52.900000,8.230000,10.230000,490.270000,21.320000,47.950000,0.444489,0.043477,10.223648,3362.228132,791.935019
1975-05-01,1975,90.100000,3.696670,8.123330,53.200000,8.060000,10.820000,518.460000,21.270000,46.740000,0.455068,0.041029,11.091511,3587.922226,840.329153
1975-06-01,1975,92.400000,3.710000,7.960000,53.600000,7.860000,11.010000,527.730000,21.190000,45.460000,0.466080,0.040152,11.608040,3691.779068,858.200880
1975-07-01,1975,92.490000,3.710000,7.893330,54.200000,8.060000,10.900000,522.390000,20.950000,44.580000,0.470017,0.040112,11.717488,3707.727500,852.366876
1975-08-01,1975,85.710000,3.710000,7.826670,54.300000,8.400000,10.090000,483.210000,20.920000,44.120000,0.474020,0.043285,10.951017,3448.325547,791.273229
1975-09-01,1975,84.670000,3.710000,7.760000,54.600000,8.430000,9.920000,474.720000,20.800000,43.510000,0.478093,0.043817,10.911082,3418.922312,780.215604
1975-10-01,1975,88.570000,3.700000,7.826670,54.900000,8.140000,10.330000,493.870000,20.630000,43.640000,0.472743,0.041775,11.316435,3588.885862,814.526737
1975-11-01,1975,90.070000,3.690000,7.893330,55.300000,8.050000,10.440000,498.610000,20.430000,43.700000,0.467483,0.040968,11.410900,3662.160131,825.144941
1975-12-01,1975,88.700000,3.680000,7.960000,55.500000,8.000000,10.250000,489.250000,20.300000,43.910000,0.462312,0.041488,11.143216,3618.959896,812.472798
1976-01-01,1976,96.860000,3.683330,8.193330,55.600000,7.740000,11.190000,533.300000,20.280000,45.110000,0.449552,0.038027,11.821811,3964.399886,888.424867
1976-02-01,1976,100.600000,3.686670,8.426670,55.800000,7.790000,11.590000,551.910000,20.230000,46.230000,0.437500,0.036647,11.938286,4130.037972,922.227117
1976-03-01,1976,101.100000,3.690000,8.660000,55.900000,7.730000,11.630000,553.660000,20.210000,47.430000,0.426097,0.036499,11.674365,4163.177729,927.964124
1976-04-01,1976,101.900000,3.713330,8.856670,56.100000,7.560000,11.690000,556.050000,20.260000,48.330000,0.419269,0.036441,11.505453,4208.783262,934.785017
1976-05-01,1976,101.200000,3.736670,9.053330,56.500000,7.900000,11.530000,548.320000,20.250000,49.050000,0.412740,0.036924,11.178207,4192.652105,924.609650
1976-06-01,1976,101.800000,3.760000,9.250000,56.800000,7.860000,11.540000,548.660000,20.260000,49.850000,0.406486,0.036935,11.005405,4230.410383,928.009038
1976-07-01,1976,104.200000,3.790000,9.350000,57.100000,7.830000,11.760000,558.640000,20.320000,50.130000,0.405348,0.036372,11.144385,4343.165918,947.738132
1976-08-01,1976,103.300000,3.820000,9.450000,57.400000,7.770000,11.600000,550.920000,20.370000,50.400000,0.404233,0.036980,10.931217,4318.817235,937.499351
1976-09-01,1976,105.500000,3.850000,9.550000,57.600000,7.590000,11.810000,560.700000,20.460000,50.760000,0.403141,0.036493,11.047120,4424.104955,957.019926
1976-10-01,1976,101.900000,3.916670,9.670000,57.900000,7.410000,11.350000,538.760000,20.710000,51.130000,0.405033,0.038436,10.537746,4286.594267,922.469164
1976-11-01,1976,101.200000,3.983330,9.790000,58.000000,7.290000,11.250000,534.140000,21.020000,51.670000,0.406877,0.039361,10.337079,4270.877702,917.502348
1976-12-01,1976,104.700000,4.050000,9.910000,58.200000,6.870000,11.600000,550.710000,21.300000,52.130000,0.408678,0.038682,10.565086,4432.594746,948.971315
1977-01-01,1977,103.800000,4.096670,9.966670,58.500000,7.210000,11.440000,543.180000,21.440000,52.160000,0.411037,0.039467,10.414712,4408.780662,939.032599
1977-02-01,1977,101.000000,4.143330,10.023300,59.100000,7.390000,11.010000,523.160000,21.460000,51.920000,0.413370,0.041023,10.076522,4304.354112,907.483117
1977-03-01,1977,100.600000,4.190000,10.080000,59.500000,7.460000,10.900000,517.590000,21.560000,51.860000,0.415675,0.041650,9.980159,4302.021983,900.894015
1977-04-01,1977,99.050000,4.246670,10.193300,60.000000,7.370000,10.640000,505.370000,21.670000,52.010000,0.416614,0.042874,9.717167,4250.669982,882.722466
1977-05-01,1977,98.760000,4.303330,10.306700,60.300000,7.460000,10.550000,501.380000,21.850000,52.320000,0.417527,0.043574,9.582116,4253.411746,878.897352
1977-06-01,1977,99.290000,4.360000,10.420000,60.700000,7.280000,10.530000,500.750000,21.990000,52.550000,0.418426,0.043912,9.528791,4291.682582,880.961532
1977-07-01,1977,100.200000,4.406670,10.516700,61.000000,7.330000,10.570000,502.850000,22.110000,52.780000,0.419016,0.043979,9.527704,4346.720778,887.871162
1977-08-01,1977,97.750000,4.453330,10.613300,61.200000,7.400000,10.270000,488.950000,22.280000,53.090000,0.419599,0.045558,9.210142,4256.368959,866.574465
1977-09-01,1977,96.230000,4.500000,10.710000,61.400000,7.340000,10.070000,479.780000,22.440000,53.400000,0.420168,0.046763,8.985061,4206.342400,853.599777
1977-10-01,1977,93.740000,4.556670,10.770000,61.600000,7.520000,9.770000,465.850000,22.640000,53.520000,0.423089,0.048610,8.703807,4113.892912,832.128339
1977-11-01,1977,94.280000,4.613330,10.830000,61.900000,7.580000,9.770000,466.260000,22.820000,53.560000,0.425977,0.048932,8.705448,4154.256043,836.220199
1977-12-01,1977,93.820000,4.670000,10.890000,62.100000,7.690000,9.680000,462.490000,23.020000,53.680000,0.428834,0.049776,8.615243,4150.926829,832.859071
1978-01-01,1978,90.250000,4.713330,10.900000,62.500000,7.960000,9.240000,442.050000,23.090000,53.390000,0.432416,0.052225,8.279817,4010.195573,799.472590
1978-02-01,1978,88.980000,4.756670,10.910000,62.900000,8.030000,9.050000,433.060000,23.150000,53.100000,0.435992,0.053458,8.155820,3971.216806,786.667113
1978-03-01,1978,88.820000,4.800000,10.920000,63.400000,8.040000,8.950000,428.870000,23.180000,52.730000,0.439560,0.054042,8.133700,3981.766959,782.536535
1978-04-01,1978,92.710000,4.836670,11.023300,63.900000,8.150000,9.260000,444.150000,23.170000,52.810000,0.438768,0.052170,8.410367,4174.086034,813.914116
1978-05-01,1978,97.410000,4.873330,11.126700,64.500000,8.350000,9.630000,462.320000,23.130000,52.810000,0.437985,0.050029,8.754617,4403.841121,850.726517
1978-06-01,1978,97.660000,4.910000,11.230000,65.200000,8.460000,9.550000,458.530000,23.050000,52.730000,0.437222,0.050276,8.696349,4433.503454,847.261550
1978-07-01,1978,97.190000,4.946670,11.343300,65.700000,8.640000,9.430000,452.850000,23.050000,52.850000,0.436087,0.050897,8.568053,4430.741783,840.289842
1978-08-01,1978,103.900000,4.983330,11.456700,66.000000,8.410000,10.020000,481.920000,23.110000,53.140000,0.434971,0.047963,9.068929,4755.432891,897.768088
1978-09-01,1978,103.900000,5.020000,11.570000,66.500000,8.420000,9.940000,478.300000,23.110000,53.260000,0.433881,0.048316,8.980121,4774.439862,894.579258
1978-10-01,1978,100.600000,5.036670,11.823300,67.100000,8.640000,9.530000,458.960000,22.980000,53.940000,0.425995,0.050066,8.508623,4642.020765,861.990741
1978-11-01,1978,94.710000,5.053330,12.076700,67.400000,8.810000,8.930000,430.170000,22.950000,54.850000,0.418436,0.053356,7.842374,4389.603849,811.490563
1978-12-01,1978,96.110000,5.070000,12.330000,67.700000,9.010000,9.010000,434.590000,22.930000,55.750000,0.411192,0.052752,7.794809,4474.008401,823.429020
1979-01-01,1979,99.710000,5.113330,12.653300,68.300000,9.100000,9.260000,446.910000,22.920000,56.710000,0.404110,0.051282,7.880158,4661.259455,850.355678
1979-02-01,1979,98.230000,5.156670,12.976700,69.100000,9.100000,9.000000,435.180000,22.850000,57.490000,0.397379,0.052496,7.569721,4611.992071,831.626935
1979-03-01,1979,100.100000,5.200000,13.300000,69.800000,9.120000,9.070000,439.020000,22.810000,58.330000,0.390977,0.051948,7.526316,4719.966233,842.561307
1979-04-01,1979,102.100000,5.246670,13.526700,70.600000,9.180000,9.130000,442.710000,22.750000,58.650000,0.387875,0.051388,7.548035,4834.704007,853.263625
1979-05-01,1979,99.730000,5.293330,13.753300,71.500000,9.250000,8.790000,426.990000,22.660000,58.880000,0.384877,0.053077,7.251351,4743.181900,826.574077
1979-06-01,1979,101.700000,5.340000,13.980000,72.300000,8.910000,8.850000,430.610000,22.610000,59.190000,0.381974,0.052507,7.274678,4857.854890,837.190483
1979-07-01,1979,102.700000,5.396670,14.196700,73.100000,8.950000,8.830000,430.090000,22.600000,59.450000,0.380136,0.052548,7.234076,4926.877508,839.793348
1979-08-01,1979,107.400000,5.453330,14.413300,73.800000,9.030000,9.130000,445.500000,22.620000,59.790000,0.378354,0.050776,7.451451,5173.927673,873.538466
1979-09-01,1979,108.600000,5.510000,14.630000,74.600000,9.330000,9.110000,445.650000,22.610000,60.040000,0.376623,0.050737,7.423103,5253.629484,877.482887
1979-10-01,1979,104.500000,5.556670,14.706700,75.200000,10.300000,8.680000,425.400000,22.620000,59.870000,0.377833,0.053174,7.105605,5077.500669,841.298648
1979-11-01,1979,103.700000,5.603330,14.783300,75.900000,10.650000,8.520000,418.250000,22.600000,59.630000,0.379031,0.054034,7.014672,5061.129049,830.852015
1979-12-01,1979,107.800000,5.650000,14.860000,76.700000,10.390000,8.750000,430.250000,22.550000,59.310000,0.380215,0.052412,7.254374,5284.020985,858.395065
1980-01-01,1980,110.900000,5.700000,15.003300,77.800000,10.800000,8.850000,436.370000,22.430000,59.030000,0.379916,0.051398,7.391707,5459.052138,874.290355
1980-02-01,1980,115.300000,5.750000,15.146700,78.900000,12.410000,9.050000,447.360000,22.310000,58.770000,0.379621,0.049870,7.612219,5699.023997,899.997960
1980-03-01,1980,104.700000,5.800000,15.290000,80.100000,12.750000,8.080000,400.140000,22.170000,58.440000,0.379333,0.055396,6.847613,5198.773589,808.698114
1980-04-01,1980,103.000000,5.846670,15.173300,81.000000,11.470000,7.840000,389.270000,22.100000,57.350000,0.385326,0.056764,6.788240,5138.361225,790.419517
1980-05-01,1980,107.700000,5.893330,15.056700,81.800000,10.180000,8.100000,403.060000,22.060000,56.350000,0.391409,0.054720,7.152962,5397.136205,822.106566
1980-06-01,1980,114.600000,5.940000,14.940000,82.700000,9.780000,8.510000,424.210000,21.990000,55.300000,0.397590,0.051832,7.670683,5767.524616,868.964410
1980-07-01,1980,119.800000,5.983330,14.840000,82.700000,10.250000,8.880000,443.460000,22.150000,54.930000,0.403189,0.049944,8.072776,6054.139387,912.147240
1980-08-01,1980,123.500000,6.026670,14.740000,83.300000,11.100000,9.070000,453.860000,22.150000,54.170000,0.408865,0.048799,8.378562,6266.317811,937.314765
1980-09-01,1980,126.500000,6.070000,14.640000,84.000000,11.510000,9.200000,461.010000,22.120000,53.350000,0.414617,0.047984,8.640710,6444.018533,955.862749
1980-10-01,1980,130.200000,6.100000,14.700000,84.800000,11.750000,9.360000,470.020000,22.020000,53.070000,0.414966,0.046851,8.857143,6658.267292,978.325595
1980-11-01,1980,135.700000,6.130000,14.760000,85.500000,12.680000,9.650000,485.870000,21.950000,52.850000,0.415312,0.045173,9.193767,6965.526042,1015.093035
1980-12-01,1980,133.500000,6.160000,14.820000,86.300000,12.840000,9.390000,473.560000,21.850000,52.570000,0.415655,0.046142,9.008097,6878.820557,993.164590
1981-01-01,1981,133.000000,6.200000,14.740000,87.000000,12.570000,9.260000,467.990000,21.820000,51.870000,0.420624,0.046617,9.023066,6879.507580,985.272005
1981-02-01,1981,128.400000,6.240000,14.660000,87.900000,13.190000,8.830000,447.180000,21.730000,51.060000,0.425648,0.048598,8.758527,6668.294628,945.244039
1981-03-01,1981,133.200000,6.280000,14.580000,88.500000,13.120000,9.080000,460.750000,21.720000,50.430000,0.430727,0.047147,9.135802,6944.582225,977.734401
1981-04-01,1981,134.400000,6.316670,14.723300,89.100000,13.680000,9.090000,461.770000,21.700000,50.590000,0.429025,0.046999,9.128388,7034.430799,983.715014
1981-05-01,1981,131.700000,6.353330,14.866700,89.800000,14.100000,8.820000,448.960000,21.660000,50.680000,0.427353,0.048241,8.858725,6920.665062,960.261544
1981-06-01,1981,132.300000,6.390000,15.010000,90.600000,13.470000,8.770000,447.030000,21.590000,50.720000,0.425716,0.048299,8.814124,6980.015896,959.944791
1981-07-01,1981,129.100000,6.433330,15.096700,91.600000,14.280000,8.450000,431.450000,21.500000,50.450000,0.426141,0.049832,8.551538,6839.281259,930.321446
1981-08-01,1981,129.600000,6.476670,15.183300,92.300000,14.940000,8.400000,429.840000,21.480000,50.360000,0.426565,0.049974,8.535694,6894.170906,930.675726
1981-09-01,1981,118.300000,6.520000,15.270000,93.200000,15.320000,7.580000,388.570000,21.420000,50.160000,0.426981,0.055114,7.747217,6321.769733,845.163636
1981-10-01,1981,119.800000,6.556670,15.300000,93.400000,15.150000,7.650000,392.660000,21.490000,50.150000,0.428541,0.054730,7.830065,6430.962318,857.920669
1981-11-01,1981,122.900000,6.593330,15.330000,93.700000,13.390000,7.810000,401.530000,21.540000,50.080000,0.430093,0.053648,8.016960,6626.703481,881.203046
1981-12-01,1981,123.800000,6.630000,15.360000,94.000000,13.720000,7.830000,403.180000,21.590000,50.020000,0.431641,0.053554,8.059896,6704.856749,888.750161
1982-01-01,1982,117.300000,6.660000,15.176700,94.300000,14.590000,7.390000,380.790000,21.620000,49.270000,0.438831,0.056777,7.728953,6382.747415,843.361960
1982-02-01,1982,114.500000,6.690000,14.993300,94.600000,14.430000,7.180000,370.520000,21.650000,48.520000,0.446199,0.058428,7.636744,6260.588268,824.597567
1982-03-01,1982,110.800000,6.720000,14.810000,94.500000,13.860000,6.950000,358.930000,21.770000,47.980000,0.453747,0.060650,7.481431,6088.763826,802.814786
1982-04-01,1982,116.300000,6.750000,14.596700,94.900000,13.870000,7.260000,375.160000,21.770000,47.090000,0.462433,0.058040,7.967554,6421.777443,843.154341
1982-05-01,1982,116.400000,6.780000,14.383300,95.800000,13.620000,7.190000,371.950000,21.670000,45.960000,0.471380,0.058247,8.092719,6458.358936,839.991152
1982-06-01,1982,109.700000,6.810000,14.170000,97.000000,14.300000,6.690000,346.210000,21.490000,44.720000,0.480593,0.062078,7.741708,6117.963471,785.874483
1982-07-01,1982,109.400000,6.823330,13.966700,97.500000,13.950000,6.640000,343.490000,21.420000,43.850000,0.488543,0.062370,7.832917,6132.881933,783.750860
1982-08-01,1982,109.700000,6.836670,13.763300,97.700000,13.060000,6.640000,343.730000,21.420000,43.130000,0.496732,0.062322,7.970472,6181.575604,788.356520
1982-09-01,1982,122.400000,6.850000,13.560000,97.900000,12.340000,7.400000,382.740000,21.420000,42.400000,0.505162,0.055964,9.026549,6929.322121,881.913725
1982-10-01,1982,132.700000,6.856670,13.253300,98.200000,10.910000,8.000000,413.680000,21.370000,41.320000,0.517356,0.051670,10.012601,7544.742921,957.306485
1982-11-01,1982,138.100000,6.863330,12.946700,98.000000,10.550000,8.350000,431.390000,21.440000,40.440000,0.530122,0.049698,10.666811,7884.250051,1002.426078
1982-12-01,1982,139.400000,6.870000,12.640000,97.600000,10.540000,8.470000,437.240000,21.550000,39.650000,0.543513,0.049283,11.028481,7991.120984,1020.177945
1983-01-01,1983,144.300000,6.883330,12.566700,97.800000,10.460000,8.760000,451.680000,21.550000,39.340000,0.547744,0.047702,11.482728,8304.832674,1058.059459
1983-02-01,1983,146.800000,6.896670,12.493300,97.900000,10.720000,8.910000,459.030000,21.570000,39.070000,0.552029,0.046980,11.750298,8481.726809,1079.492503
1983-03-01,1983,151.900000,6.910000,12.420000,97.900000,10.510000,9.230000,474.980000,21.610000,38.840000,0.556361,0.045490,12.230274,8809.597694,1121.221525
1983-04-01,1983,157.700000,6.920000,12.476700,98.600000,10.400000,9.530000,489.620000,21.480000,38.740000,0.554634,0.043881,12.639560,9179.370747,1159.989447
1983-05-01,1983,164.100000,6.930000,12.533300,99.200000,10.380000,9.870000,506.410000,21.390000,38.680000,0.552927,0.042230,13.093120,9585.467195,1203.981061
1983-06-01,1983,166.400000,6.940000,12.590000,99.500000,10.850000,10.000000,511.960000,21.350000,38.740000,0.551231,0.041707,13.216839,9753.548742,1221.399169
1983-07-01,1983,167.000000,6.960000,12.826700,99.900000,11.380000,10.010000,511.740000,21.330000,39.310000,0.542618,0.041677,13.019717,9822.616841,1225.123182
1983-08-01,1983,162.400000,6.980000,13.063300,100.200000,11.850000,9.730000,496.160000,21.330000,39.910000,0.534321,0.042980,12.431775,9586.168220,1192.052455
1983-09-01,1983,167.200000,7.000000,13.300000,100.700000,11.650000,9.980000,508.290000,21.280000,40.430000,0.526316,0.041866,12.571429,9903.837936,1225.440126
1983-10-01,1983,167.700000,7.030000,13.543300,101.000000,11.540000,10.000000,508.290000,21.310000,41.050000,0.519076,0.041920,12.382506,9968.007540,1229.716574
1983-11-01,1983,165.200000,7.060000,13.786700,101.200000,11.690000,9.850000,499.730000,21.360000,41.700000,0.512088,0.042736,11.982563,9854.230392,1213.277774
1983-12-01,1983,164.400000,7.090000,14.030000,101.300000,11.830000,9.820000,496.820000,21.430000,42.400000,0.505346,0.043127,11.717748,9841.604411,1210.527058
1984-01-01,1984,166.400000,7.120000,14.440000,101.900000,11.670000,9.890000,499.900000,21.390000,43.380000,0.493075,0.042788,11.523546,9996.701471,1222.364086
1984-02-01,1984,157.300000,7.150000,14.850000,102.400000,11.840000,9.320000,470.250000,21.380000,44.390000,0.481481,0.045455,10.592593,9485.652149,1154.211189
1984-03-01,1984,157.400000,7.180000,15.260000,102.600000,12.320000,9.330000,469.630000,21.420000,45.530000,0.470511,0.045616,10.314548,9527.612943,1157.057088
1984-04-01,1984,157.600000,7.223330,15.573300,103.100000,12.630000,9.310000,467.950000,21.450000,46.240000,0.463828,0.045833,10.119885,9575.937029,1157.285891
1984-05-01,1984,156.600000,7.266670,15.886700,103.400000,13.410000,9.230000,463.630000,21.510000,47.030000,0.457406,0.046403,9.857302,9551.750749,1151.013678
1984-06-01,1984,153.100000,7.310000,16.200000,103.700000,13.560000,9.010000,451.960000,21.580000,47.820000,0.451235,0.047747,9.450617,9375.205352,1126.471154
1984-07-01,1984,151.100000,7.333330,16.320000,104.100000,13.360000,8.870000,444.340000,21.570000,47.990000,0.449346,0.048533,9.258578,9290.036520,1111.948656
1984-08-01,1984,164.400000,7.356670,16.440000,104.500000,12.720000,9.620000,481.600000,21.550000,48.160000,0.447486,0.044749,10.000000,10145.329225,1209.672748
1984-09-01,1984,166.100000,7.380000,16.560000,105.000000,12.520000,9.690000,484.260000,21.520000,48.280000,0.445652,0.044431,10.030193,10288.070788,1220.851067
1984-10-01,1984,164.800000,7.430000,16.586700,105.300000,12.160000,9.600000,479.110000,21.600000,48.220000,0.447949,0.045085,9.935671,10245.642561,1212.352387
1984-11-01,1984,166.300000,7.480000,16.613300,105.300000,11.570000,9.690000,483.470000,21.750000,48.300000,0.450242,0.044979,10.010052,10377.391494,1227.942051
1984-12-01,1984,164.500000,7.530000,16.640000,105.300000,11.500000,9.600000,478.230000,21.890000,48.380000,0.452524,0.045775,9.885817,10303.965573,1219.253666
1985-01-01,1985,171.600000,7.573330,16.556700,105.500000,11.380000,10.000000,497.930000,21.980000,48.040000,0.457418,0.044134,10.364384,10788.001403,1274.108981
1985-02-01,1985,180.900000,7.616670,16.473300,106.000000,11.510000,10.490000,522.440000,22.000000,47.570000,0.462365,0.042104,10.981406,11412.341949,1341.488497
1985-03-01,1985,179.400000,7.660000,16.390000,106.400000,11.860000,10.370000,516.160000,22.040000,47.160000,0.467358,0.042698,10.945699,11357.754648,1330.052847
1985-04-01,1985,180.600000,7.686670,16.130000,106.900000,11.430000,10.400000,517.180000,22.010000,46.190000,0.476545,0.042562,11.196528,11474.138923,1337.397296
1985-05-01,1985,184.900000,7.713330,15.870000,107.300000,10.850000,10.610000,527.520000,22.010000,45.280000,0.486032,0.041716,11.650914,11788.029421,1368.861571
1985-06-01,1985,188.900000,7.740000,15.610000,107.600000,10.160000,10.810000,537.430000,22.020000,44.410000,0.495836,0.040974,12.101217,12084.022919,1399.320870
1985-07-01,1985,192.500000,7.773330,15.483300,107.800000,10.310000,11.000000,546.660000,22.070000,43.970000,0.502046,0.040381,12.432750,12355.577590,1428.112215
1985-08-01,1985,188.300000,7.806670,15.356700,108.000000,10.330000,10.740000,533.740000,22.130000,43.530000,0.508356,0.041459,12.261749,12127.578833,1399.163262
1985-09-01,1985,184.100000,7.840000,15.230000,108.300000,10.370000,10.470000,520.390000,22.160000,43.050000,0.514773,0.042586,12.087984,11898.974670,1368.986375
1985-10-01,1985,186.200000,7.860000,15.023300,108.700000,10.240000,10.550000,524.390000,22.140000,42.310000,0.523187,0.042213,12.394081,12076.931452,1384.347432
1985-11-01,1985,197.500000,7.880000,14.816700,109.000000,9.780000,11.160000,554.680000,22.130000,41.610000,0.531832,0.039899,13.329554,12852.332716,1469.174914
1985-12-01,1985,207.300000,7.900000,14.610000,109.300000,9.260000,11.690000,580.610000,22.130000,40.920000,0.540726,0.038109,14.188912,13532.801370,1542.714594
1986-01-01,1986,208.200000,7.940000,14.580000,109.600000,9.190000,11.720000,581.530000,22.180000,40.720000,0.544582,0.038136,14.279835,13634.531305,1550.057117
1986-02-01,1986,219.400000,7.980000,14.550000,109.300000,8.700000,12.390000,614.500000,22.350000,40.750000,0.548454,0.036372,15.079038,14411.324127,1642.864580
1986-03-01,1986,232.300000,8.020000,14.520000,108.800000,7.780000,13.190000,653.620000,22.570000,40.850000,0.552342,0.034524,15.998623,15302.343323,1752.455862
1986-04-01,1986,238.000000,8.046670,14.583300,108.600000,7.300000,13.550000,670.890000,22.680000,41.110000,0.551773,0.033810,16.320037,15721.845790,1803.813983
1986-05-01,1986,238.500000,8.073330,14.646700,108.900000,7.710000,13.560000,670.440000,22.690000,41.170000,0.551205,0.033850,16.283531,15799.170573,1807.692060
1986-06-01,1986,245.300000,8.100000,14.710000,109.500000,7.800000,13.890000,685.780000,22.650000,41.120000,0.550646,0.033021,16.675731,16294.196512,1854.115877
1986-07-01,1986,240.200000,8.143330,14.756700,109.500000,7.300000,13.620000,671.520000,22.770000,41.260000,0.551840,0.033902,16.277352,16000.263289,1820.669229
1986-08-01,1986,245.000000,8.186670,14.803300,109.700000,7.170000,13.890000,683.690000,22.850000,41.310000,0.553030,0.033415,16.550364,16365.205903,1858.800962
1986-09-01,1986,238.300000,8.230000,14.850000,110.200000,7.450000,13.470000,661.980000,22.860000,41.250000,0.554209,0.034536,16.047138,15963.237871,1804.917821
1986-10-01,1986,237.400000,8.246670,14.726700,110.300000,7.430000,13.430000,658.880000,22.890000,40.870000,0.559981,0.034737,16.120380,15948.891276,1801.660791
1986-11-01,1986,245.100000,8.263330,14.603300,110.400000,7.250000,13.870000,679.640000,22.910000,40.490000,0.565854,0.033714,16.783878,16512.357577,1863.622966
1986-12-01,1986,248.600000,8.280000,14.480000,110.500000,7.110000,14.090000,688.720000,22.940000,40.120000,0.571823,0.033307,17.168508,16794.543786,1893.755797
1987-01-01,1987,264.500000,8.300000,14.686700,111.200000,7.080000,14.920000,728.150000,22.850000,40.430000,0.565137,0.031380,18.009492,17915.305980,2007.416479
1987-02-01,1987,280.900000,8.320000,14.893300,111.600000,7.250000,15.820000,770.530000,22.820000,40.850000,0.558640,0.029619,18.860830,19072.971152,2129.473302
1987-03-01,1987,292.500000,8.340000,15.100000,112.100000,7.250000,16.430000,798.770000,22.780000,41.240000,0.552318,0.028513,19.370861,19907.682409,2212.753995
1987-04-01,1987,289.300000,8.400000,14.873300,112.700000,8.020000,16.200000,785.830000,22.820000,40.400000,0.564770,0.029036,19.450962,19737.190975,2182.124220
1987-05-01,1987,289.100000,8.460000,14.646700,113.100000,8.610000,16.160000,782.510000,22.900000,39.640000,0.577605,0.029263,19.738235,19771.302954,2178.164764
1987-06-01,1987,301.400000,8.520000,14.420000,113.500000,8.400000,16.830000,812.920000,22.980000,38.890000,0.590846,0.028268,20.901526,20660.703835,2268.126606
1987-07-01,1987,310.100000,8.566670,14.900000,113.800000,8.450000,17.310000,834.180000,23.040000,40.080000,0.574944,0.027626,20.812081,21305.751025,2332.773794
1987-08-01,1987,329.400000,8.613330,15.380000,114.400000,8.760000,18.330000,881.450000,23.050000,41.160000,0.560034,0.026149,21.417425,22680.826613,2470.306815
1987-09-01,1987,318.700000,8.660000,15.860000,115.000000,9.420000,17.680000,848.370000,23.050000,42.220000,0.546028,0.027173,20.094578,21993.500997,2382.948021
1987-10-01,1987,280.200000,8.710000,16.406700,115.300000,9.520000,15.530000,743.950000,23.130000,43.560000,0.530881,0.031085,17.078389,19386.416555,2095.010844
1987-11-01,1987,245.000000,8.760000,16.953300,115.400000,8.860000,13.590000,649.920000,23.240000,44.970000,0.516714,0.035755,14.451464,17001.225422,1835.660908
1987-12-01,1987,241.000000,8.810000,17.500000,115.400000,8.990000,13.390000,639.310000,23.370000,46.420000,0.503429,0.036556,13.771429,16774.311107,1811.160454
1988-01-01,1988,250.500000,8.856670,17.863300,115.700000,8.670000,13.900000,662.790000,23.430000,47.260000,0.495803,0.035356,14.023165,17486.639305,1883.176540
1988-02-01,1988,258.100000,8.903330,18.226700,116.000000,8.210000,14.300000,681.130000,23.500000,48.100000,0.488477,0.034496,14.160545,18068.693496,1940.826905
1988-03-01,1988,265.700000,8.950000,18.590000,116.500000,8.370000,14.670000,698.180000,23.520000,48.850000,0.481442,0.033685,14.292630,18652.684322,1994.956624
1988-04-01,1988,262.600000,9.043330,19.616700,117.100000,8.720000,14.430000,686.500000,23.640000,51.280000,0.461002,0.034438,13.386553,18487.416999,1967.149580
1988-05-01,1988,256.100000,9.136670,20.643300,117.500000,9.090000,14.030000,667.230000,23.800000,53.780000,0.442597,0.035676,12.405962,18082.862952,1917.552956
1988-06-01,1988,270.700000,9.230000,21.670000,118.000000,8.920000,14.770000,702.280000,23.950000,56.220000,0.425934,0.034097,12.491924,19167.509165,2023.959019
1988-07-01,1988,269.100000,9.306670,22.023300,118.500000,9.060000,14.610000,695.180000,24.040000,56.890000,0.422583,0.034584,12.218877,19108.680182,2009.233376
1988-08-01,1988,263.700000,9.383330,22.376700,119.000000,9.260000,14.240000,678.370000,24.140000,57.560000,0.419335,0.035583,11.784579,18780.300307,1966.407914
1988-09-01,1988,268.000000,9.460000,22.730000,119.800000,8.980000,14.370000,684.830000,24.170000,58.080000,0.416190,0.035299,11.790585,19142.228398,1990.919581
1988-10-01,1988,277.400000,9.550000,23.073300,120.200000,8.800000,14.810000,706.490000,24.320000,58.760000,0.413898,0.034427,12.022554,19869.942590,2059.729490
1988-11-01,1988,271.000000,9.640000,23.416700,120.300000,8.960000,14.450000,689.610000,24.530000,59.590000,0.411672,0.035572,11.572937,19468.520565,2016.440285
1988-12-01,1988,276.500000,9.750000,23.750000,120.500000,9.110000,14.700000,702.440000,24.770000,60.340000,0.410526,0.035262,11.642105,19921.349253,2059.917110
1989-01-01,1989,285.400000,9.813330,24.160000,121.100000,9.090000,15.090000,721.460000,24.810000,61.070000,0.406181,0.034384,11.812914,20621.118167,2121.710424
1989-02-01,1989,294.000000,9.896670,24.560000,121.600000,9.170000,15.470000,740.140000,24.910000,61.830000,0.402959,0.033662,11.970684,21301.584539,2182.711705
1989-03-01,1989,292.700000,10.010000,24.960000,122.300000,9.360000,15.300000,732.650000,25.060000,62.480000,0.401042,0.034199,11.726763,21267.148608,2166.710316
1989-04-01,1989,302.300000,10.086700,25.046700,123.100000,9.180000,15.690000,751.770000,25.080000,62.290000,0.402716,0.033367,12.069454,22025.279708,2229.366248
1989-05-01,1989,313.900000,10.193300,25.133300,123.800000,8.860000,16.190000,776.200000,25.210000,62.150000,0.405570,0.032473,12.489406,22931.686513,2307.987189
1989-06-01,1989,323.700000,10.370000,25.220000,124.100000,8.280000,16.640000,798.500000,25.580000,62.210000,0.411182,0.032036,12.835052,23709.672043,2380.519852
1989-07-01,1989,331.900000,10.423300,24.710000,124.400000,8.020000,17.010000,816.750000,25.650000,60.810000,0.421825,0.031405,13.431809,24373.584366,2441.277019
1989-08-01,1989,346.600000,10.546700,24.200000,124.600000,8.110000,17.730000,851.560000,25.910000,59.460000,0.435814,0.030429,14.322314,25516.888942,2551.688894
1989-09-01,1989,347.300000,10.730000,23.690000,125.000000,8.190000,17.710000,850.540000,26.280000,58.020000,0.452934,0.030895,14.660194,25633.127843,2555.110183
1989-10-01,1989,347.400000,10.796700,23.426700,125.600000,8.010000,17.640000,846.730000,26.320000,57.100000,0.460872,0.031079,14.829233,25706.504179,2550.183456
1989-11-01,1989,340.200000,10.923300,23.163300,125.900000,7.870000,17.240000,827.200000,26.560000,56.320000,0.471578,0.032108,14.687026,25240.303702,2497.968103
1989-12-01,1989,348.600000,11.060000,22.870000,126.100000,7.840000,17.650000,846.280000,26.850000,55.520000,0.483603,0.031727,15.242676,25931.056696,2562.259845
1990-01-01,1990,339.970000,11.140000,22.490000,127.400000,8.210000,17.050000,816.910000,26.770000,54.040000,0.495331,0.032768,15.116496,25357.662466,2480.035120
1990-02-01,1990,330.450000,11.230000,22.080000,128.000000,8.470000,16.510000,790.310000,26.860000,52.810000,0.508605,0.033984,14.966033,24716.827735,2406.028700
1990-03-01,1990,338.460000,11.320000,21.670000,128.700000,8.590000,16.830000,805.070000,26.930000,51.540000,0.522381,0.033446,15.618828,25385.953538,2457.723241
1990-04-01,1990,338.180000,11.436700,21.533300,128.900000,8.790000,16.810000,803.150000,27.160000,51.140000,0.531117,0.033818,15.704978,25435.706386,2458.719174
1990-05-01,1990,350.250000,11.553300,21.396700,129.200000,8.760000,17.390000,829.890000,27.370000,50.700000,0.539957,0.032986,16.369347,26415.216375,2547.473654
1990-06-01,1990,360.390000,11.660000,21.260000,129.900000,8.480000,17.820000,849.310000,27.480000,50.100000,0.548448,0.032354,16.951552,27252.567421,2614.064589
1990-07-01,1990,360.030000,11.726700,21.420000,130.400000,8.470000,17.750000,845.210000,27.530000,50.290000,0.547465,0.032571,16.808123,27298.821444,2608.461006
1990-08-01,1990,330.750000,11.783300,21.580000,131.600000,8.750000,16.170000,769.390000,27.410000,50.200000,0.546029,0.035626,15.326691,25152.799165,2381.488432
1990-09-01,1990,315.410000,11.830000,21.740000,132.700000,8.890000,15.300000,727.620000,27.290000,50.150000,0.544158,0.037507,14.508280,24060.900880,2259.222494
1990-10-01,1990,307.120000,11.926700,21.606700,133.500000,8.720000,14.820000,704.250000,27.350000,49.550000,0.551991,0.038834,14.214110,23503.706022,2193.679229
1990-11-01,1990,315.290000,12.013300,21.473300,133.800000,8.390000,15.190000,721.370000,27.490000,49.130000,0.559453,0.038102,14.682885,24205.013054,2254.069228
1990-12-01,1990,328.750000,12.090000,21.340000,133.800000,8.080000,15.850000,752.160000,27.660000,48.820000,0.566542,0.036776,15.405342,25315.201503,2357.454490
1991-01-01,1991,325.490000,12.106700,21.183300,134.600000,8.090000,15.610000,740.280000,27.530000,48.180000,0.571521,0.037195,15.365406,25141.749058,2327.386280
1991-02-01,1991,362.260000,12.113300,21.026700,134.800000,7.850000,17.350000,822.680000,27.510000,47.750000,0.576091,0.033438,17.228571,28059.895280,2593.666878
1991-03-01,1991,372.280000,12.110000,20.940000,135.000000,8.110000,17.820000,844.190000,27.460000,47.480000,0.578319,0.032529,17.778415,28914.212561,2668.674730
1991-04-01,1991,379.680000,12.130000,20.363300,135.200000,8.040000,18.160000,859.690000,27.470000,46.110000,0.595679,0.031948,18.645308,29567.335029,2724.918598
1991-05-01,1991,377.990000,12.140000,19.856700,135.600000,8.070000,18.040000,853.340000,27.410000,44.830000,0.611381,0.032117,19.035892,29514.445363,2712.020570
1991-06-01,1991,378.290000,12.150000,19.410000,136.000000,8.280000,18.020000,851.510000,27.350000,43.690000,0.625966,0.032118,19.489438,29616.863719,2713.427367
1991-07-01,1991,380.230000,12.193300,18.840000,136.200000,8.270000,18.100000,854.620000,27.410000,42.350000,0.647203,0.032068,20.182059,29848.019155,2730.589711
1991-08-01,1991,389.400000,12.236700,18.330000,136.600000,7.900000,18.510000,872.670000,27.420000,41.080000,0.667578,0.031424,21.243863,30647.627699,2795.530316
1991-09-01,1991,387.200000,12.280000,17.820000,137.200000,7.650000,18.360000,863.940000,27.400000,39.760000,0.689113,0.031715,21.728395,30554.734456,2774.868741
1991-10-01,1991,386.880000,12.253300,17.203300,137.400000,7.530000,18.350000,861.970000,27.300000,38.330000,0.712265,0.031672,22.488709,30610.235911,2775.862733
1991-11-01,1991,385.920000,12.226700,16.586700,137.800000,7.420000,18.290000,857.330000,27.160000,36.850000,0.737139,0.031682,23.266834,30615.070848,2768.242255
1991-12-01,1991,388.510000,12.200000,15.970000,137.900000,7.090000,18.440000,862.460000,27.080000,35.450000,0.763932,0.031402,24.327489,30901.364572,2792.102992
1992-01-01,1992,416.080000,12.240000,16.046700,138.100000,7.030000,19.770000,922.330000,27.130000,35.570000,0.762774,0.029417,25.929319,33175.095000,2993.205530
1992-02-01,1992,412.560000,12.280000,16.123300,138.600000,7.340000,19.580000,911.230000,27.120000,35.610000,0.761631,0.029765,25.587814,32975.763772,2964.487854
1992-03-01,1992,407.360000,12.320000,16.190000,139.300000,7.540000,19.280000,895.220000,27.070000,35.580000,0.760964,0.030244,25.161211,32641.924395,2919.729921
1992-04-01,1992,407.410000,12.320000,16.483300,139.500000,7.480000,19.300000,894.050000,27.040000,36.170000,0.747423,0.030240,24.716531,32728.198138,2923.249812
1992-05-01,1992,414.810000,12.320000,16.766700,139.700000,7.390000,19.660000,908.980000,27.000000,36.740000,0.734790,0.029700,24.740110,33405.131979,2979.441263
1992-06-01,1992,408.270000,12.320000,17.050000,140.200000,7.260000,19.320000,891.460000,26.900000,37.230000,0.722581,0.030176,23.945455,32961.136831,2929.356383
1992-07-01,1992,415.050000,12.343300,17.380000,140.500000,6.840000,19.620000,904.330000,26.890000,37.870000,0.710201,0.029739,23.880898,33591.397708,2978.995128
1992-08-01,1992,417.930000,12.366700,17.710000,140.900000,6.590000,19.720000,908.020000,26.870000,38.480000,0.698289,0.029590,23.598532,33907.734575,2998.512227
1992-09-01,1992,418.480000,12.400000,18.040000,141.300000,6.420000,19.710000,906.640000,26.860000,39.080000,0.687361,0.029631,23.197339,34035.969334,3001.331761
1992-10-01,1992,412.500000,12.386700,18.390000,141.800000,6.590000,19.370000,890.530000,26.740000,39.700000,0.673556,0.030028,22.430669,33633.645220,2955.396470
1992-11-01,1992,422.840000,12.383300,18.740000,142.000000,6.870000,19.830000,911.570000,26.700000,40.400000,0.660795,0.029286,22.563501,34560.892204,3032.596598
1992-12-01,1992,435.640000,12.390000,19.090000,141.900000,6.770000,20.450000,939.830000,26.730000,41.180000,0.649031,0.028441,22.820325,35691.448076,3134.005941
1993-01-01,1993,435.230000,12.413300,19.340000,142.600000,6.600000,20.320000,934.330000,26.650000,41.520000,0.641846,0.028521,22.504137,35742.448734,3123.077919
1993-02-01,1993,441.700000,12.446700,19.590000,143.100000,6.260000,20.550000,944.910000,26.630000,41.910000,0.635360,0.028179,22.547218,36358.736953,3165.827131
1993-03-01,1993,450.160000,12.480000,19.840000,143.600000,5.980000,20.860000,959.650000,26.600000,42.300000,0.629032,0.027723,22.689516,37140.505360,3222.637164
1993-04-01,1993,443.080000,12.493300,19.670000,144.000000,5.970000,20.460000,941.940000,26.560000,41.820000,0.635145,0.028196,22.525674,36642.174428,3170.565926
1993-05-01,1993,445.250000,12.506700,19.500000,144.200000,6.040000,20.520000,945.240000,26.550000,41.400000,0.641369,0.028089,22.833333,36907.729163,3189.114462
1993-06-01,1993,448.060000,12.520000,19.330000,144.400000,5.960000,20.610000,949.890000,26.540000,40.980000,0.647698,0.027943,23.179514,37227.048370,3212.250850
1993-07-01,1993,447.290000,12.520000,19.690000,144.400000,5.810000,20.560000,948.250000,26.540000,41.740000,0.635856,0.027991,22.716607,37249.758259,3214.210443
1993-08-01,1993,454.130000,12.520000,20.050000,144.800000,5.680000,20.810000,960.090000,26.470000,42.390000,0.624439,0.027569,22.649875,37906.272514,3261.824278
1993-09-01,1993,459.240000,12.520000,20.410000,145.100000,5.360000,20.990000,968.890000,26.410000,43.060000,0.613425,0.027262,22.500735,38419.891809,3299.185747
1993-10-01,1993,463.900000,12.540000,20.900000,145.700000,5.330000,21.110000,974.690000,26.350000,43.910000,0.600000,0.027032,22.196172,38897.031103,3326.403621
1993-11-01,1993,462.890000,12.560000,21.390000,145.800000,5.720000,21.040000,971.900000,26.370000,44.910000,0.587190,0.027134,21.640486,38899.965779,3324.372933
1993-12-01,1993,465.950000,12.580000,21.890000,145.800000,5.770000,21.160000,978.330000,26.410000,45.960000,0.574692,0.026999,21.285975,39245.078425,3353.866099
1994-01-01,1994,472.990000,12.623300,22.156700,146.200000,5.750000,21.410000,990.390000,26.430000,46.390000,0.569728,0.026688,21.347493,39926.325932,3402.749802
1994-02-01,1994,471.580000,12.666700,22.433300,146.700000,5.970000,21.260000,984.070000,26.430000,46.810000,0.564638,0.026860,21.021428,39896.101290,3388.585018
1994-03-01,1994,463.810000,12.710000,22.710000,147.200000,6.480000,20.830000,964.570000,26.430000,47.230000,0.559665,0.027403,20.423162,39328.053355,3328.991473
1994-04-01,1994,447.230000,12.753300,23.540000,147.400000,6.970000,20.060000,928.830000,26.490000,48.890000,0.541771,0.028516,18.998726,38011.988239,3213.225057
1994-05-01,1994,450.900000,12.796700,24.370000,147.500000,7.180000,20.200000,935.820000,26.560000,50.580000,0.525101,0.028380,18.502257,38414.247005,3245.027238
1994-06-01,1994,454.830000,12.840000,25.200000,148.000000,7.100000,20.290000,940.780000,26.560000,52.120000,0.509524,0.028230,18.048810,38839.912615,3269.900751
1994-07-01,1994,451.400000,12.870000,25.910000,148.400000,7.300000,20.070000,931.170000,26.550000,53.450000,0.496719,0.028511,17.421845,38638.381947,3244.166031
1994-08-01,1994,464.240000,12.900000,26.620000,149.000000,7.240000,20.540000,953.800000,26.500000,54.690000,0.484598,0.027787,17.439519,39829.247008,3330.687367
1994-09-01,1994,466.960000,12.920000,27.330000,149.400000,7.460000,20.580000,956.820000,26.470000,56.000000,0.472741,0.027668,17.085986,40154.837204,3348.924174
1994-10-01,1994,463.810000,13.013300,28.420000,149.500000,7.740000,20.400000,949.730000,26.650000,58.190000,0.457892,0.028057,16.319845,39976.547067,3331.824592
1994-11-01,1994,461.010000,13.096700,29.510000,149.700000,7.960000,20.210000,942.740000,26.780000,60.350000,0.443805,0.028409,15.622162,39828.680271,3315.065840
1994-12-01,1994,455.190000,13.170000,30.600000,149.700000,7.810000,19.910000,930.840000,26.930000,62.580000,0.430392,0.028933,14.875490,39420.155013,3281.063002
1995-01-01,1995,465.250000,13.180000,31.250000,150.300000,7.780000,20.220000,947.610000,26.840000,63.650000,0.421760,0.028329,14.888000,40386.411696,3348.068461
1995-02-01,1995,481.920000,13.180000,31.900000,150.900000,7.470000,20.800000,977.660000,26.740000,64.710000,0.413166,0.027349,15.107210,41928.806591,3462.113520
1995-03-01,1995,493.150000,13.170000,32.550000,151.400000,7.200000,21.150000,997.140000,26.630000,65.820000,0.404608,0.026706,15.150538,43001.416784,3538.954116
1995-04-01,1995,507.910000,13.243300,33.176700,151.900000,7.060000,21.640000,1023.600000,26.690000,66.860000,0.399175,0.026074,15.309238,44384.150164,3640.727525
1995-05-01,1995,523.810000,13.306700,33.803300,152.200000,6.630000,22.200000,1053.570000,26.760000,67.990000,0.393651,0.025404,15.495824,45870.025035,3755.193902
1995-06-01,1995,539.350000,13.360000,34.430000,152.500000,6.170000,22.720000,1082.690000,26.820000,69.110000,0.388034,0.024771,15.665118,47327.967949,3866.927742
1995-07-01,1995,557.370000,13.440000,34.680000,152.500000,6.280000,23.380000,1118.860000,26.980000,69.620000,0.387543,0.024113,16.071799,49006.918142,4004.106230
1995-08-01,1995,559.110000,13.510000,34.930000,152.900000,6.490000,23.280000,1119.420000,27.050000,69.930000,0.386774,0.024163,16.006585,49258.384467,4014.123417
1995-09-01,1995,578.770000,13.580000,35.180000,153.200000,6.200000,23.950000,1156.510000,27.140000,70.300000,0.386015,0.023464,16.451677,51089.645883,4155.202270
1995-10-01,1995,582.920000,13.650000,34.773300,153.700000,6.040000,23.930000,1161.010000,27.190000,69.260000,0.392543,0.023417,16.763436,51555.873364,4179.480690
1995-11-01,1995,595.530000,13.720000,34.366700,153.600000,5.930000,24.350000,1186.900000,27.340000,68.490000,0.399224,0.023038,17.328693,52771.759539,4280.834140
1995-12-01,1995,614.570000,13.790000,33.960000,153.500000,5.710000,25.030000,1225.650000,27.500000,67.730000,0.406066,0.022438,18.096879,54560.267278,4428.800849
1996-01-01,1996,614.420000,13.893300,33.986700,154.400000,5.650000,24.760000,1218.210000,27.550000,67.390000,0.408786,0.022612,18.078248,54648.971250,4410.143664
1996-02-01,1996,649.540000,13.996700,34.013300,154.900000,5.810000,25.980000,1283.680000,27.660000,67.220000,0.411507,0.021549,19.096647,57875.661597,4655.459932
1996-03-01,1996,647.070000,14.100000,34.040000,155.700000,6.270000,25.630000,1272.230000,27.720000,66.930000,0.414219,0.021791,19.009107,57759.506788,4622.244410
1996-04-01,1996,647.170000,14.156700,34.330000,156.300000,6.510000,25.420000,1267.540000,27.730000,67.240000,0.412371,0.021875,18.851442,57873.317305,4613.573472
1996-05-01,1996,661.230000,14.213300,34.620000,156.600000,6.740000,25.810000,1292.600000,27.780000,67.680000,0.410552,0.021495,19.099653,59236.133011,4713.168693
1996-06-01,1996,668.500000,14.270000,34.910000,156.700000,6.910000,25.970000,1305.970000,27.880000,68.200000,0.408765,0.021346,19.149241,59993.522166,4770.384724
1996-07-01,1996,644.070000,14.400000,35.273300,157.000000,6.870000,24.860000,1255.840000,28.080000,68.780000,0.408241,0.022358,18.259420,57907.808704,4595.740742
1996-08-01,1996,662.680000,14.530000,35.636700,157.300000,6.640000,25.410000,1289.670000,28.280000,69.350000,0.407726,0.021926,18.595437,59688.909656,4728.059849
1996-09-01,1996,674.880000,14.660000,36.000000,157.800000,6.830000,25.680000,1309.250000,28.440000,69.840000,0.407222,0.021722,18.746667,60896.850169,4808.458511
1996-10-01,1996,701.460000,14.740000,36.910000,158.300000,6.530000,26.480000,1356.510000,28.500000,71.380000,0.399350,0.021013,19.004606,63405.494564,4990.729389
1996-11-01,1996,735.670000,14.820000,37.820000,158.600000,6.200000,27.590000,1419.980000,28.610000,73.000000,0.391856,0.020145,19.451877,66608.792046,5232.947975
1996-12-01,1996,743.250000,14.900000,38.730000,158.600000,6.300000,27.720000,1434.610000,28.760000,74.760000,0.384715,0.020047,19.190550,67406.916887,5295.650595
1997-01-01,1997,766.220000,14.953300,39.233300,159.100000,6.580000,28.330000,1474.300000,28.770000,75.490000,0.381138,0.019516,19.529838,69602.724224,5450.973877
1997-02-01,1997,798.390000,15.006700,39.736700,159.600000,6.420000,29.270000,1531.390000,28.780000,76.220000,0.377653,0.018796,20.092006,72638.212951,5670.878029
1997-03-01,1997,792.160000,15.060000,40.240000,160.000000,6.690000,28.800000,1515.640000,28.810000,76.990000,0.374254,0.019011,19.685885,72185.179040,5621.420818
1997-04-01,1997,763.930000,15.093300,40.343300,160.200000,6.890000,27.590000,1459.800000,28.840000,77.090000,0.374122,0.019757,18.935734,69727.095819,5423.218564
1997-05-01,1997,833.090000,15.126700,40.446700,160.100000,6.710000,29.930000,1592.950000,28.920000,77.340000,0.373991,0.018157,20.597230,76154.421549,5926.821315
1997-06-01,1997,876.290000,15.160000,40.550000,160.300000,6.490000,31.260000,1673.470000,28.950000,77.440000,0.373859,0.017300,21.610111,80218.650025,6235.336116
1997-07-01,1997,925.290000,15.216700,40.580000,160.500000,6.220000,32.770000,1764.840000,29.020000,77.400000,0.374980,0.016445,22.801626,84819.931275,6584.774727
1997-08-01,1997,927.240000,15.273300,40.610000,160.800000,6.300000,32.590000,1765.260000,29.080000,77.310000,0.376097,0.016472,22.832800,85114.925802,6595.348106
1997-09-01,1997,937.020000,15.330000,40.640000,161.200000,6.210000,32.670000,1779.450000,29.110000,77.180000,0.377215,0.016360,23.056594,86129.502529,6657.404476
1997-10-01,1997,951.160000,15.386700,40.333300,161.600000,6.030000,32.900000,1801.830000,29.150000,76.410000,0.381489,0.016177,23.582499,87546.656491,6750.193935
1997-11-01,1997,938.920000,15.443300,40.026700,161.500000,5.880000,32.340000,1779.750000,29.270000,75.870000,0.385825,0.016448,23.457342,86538.081105,6676.560313
1997-12-01,1997,962.370000,15.500000,39.720000,161.300000,5.810000,33.030000,1826.460000,29.420000,75.380000,0.390232,0.016106,24.228852,88818.027708,6860.958619
1998-01-01,1998,963.360000,15.550000,39.660000,161.600000,5.540000,32.860000,1824.940000,29.460000,75.130000,0.392083,0.016141,24.290469,89028.604859,6864.458023
1998-02-01,1998,1023.740000,15.600000,39.600000,161.900000,5.570000,34.710000,1935.730000,29.500000,74.880000,0.393939,0.015238,25.852020,94728.357180,7290.397347
1998-03-01,1998,1076.830000,15.640000,39.540000,162.200000,5.650000,36.300000,2032.350000,29.520000,74.630000,0.395549,0.014524,27.233940,99761.153932,7663.526375
1998-04-01,1998,1112.200000,15.750000,39.350000,162.500000,5.640000,37.280000,2095.230000,29.670000,74.130000,0.400254,0.014161,28.264295,103158.694910,7909.891314
1998-05-01,1998,1108.420000,15.850000,39.160000,162.800000,5.650000,36.960000,2084.260000,29.800000,73.640000,0.404750,0.014300,28.304903,102929.829526,7877.798992
1998-06-01,1998,1108.390000,15.950000,38.970000,163.000000,5.500000,36.800000,2081.650000,29.960000,73.190000,0.409289,0.014390,28.442135,103049.698579,7877.295977
1998-07-01,1998,1156.580000,16.016700,38.676700,163.200000,5.460000,38.260000,2169.490000,30.040000,72.550000,0.414118,0.013848,29.903792,107653.615250,8219.142439
1998-08-01,1998,1074.620000,16.083300,38.383300,163.400000,5.340000,35.420000,2013.280000,30.130000,71.910000,0.419018,0.014966,27.997072,100149.073986,7636.826572
1998-09-01,1998,1020.640000,16.140000,38.090000,163.600000,4.810000,33.530000,1909.820000,30.200000,71.270000,0.423733,0.015814,26.795484,95243.321522,7253.861774
1998-10-01,1998,1032.470000,16.166700,37.963300,164.000000,4.530000,33.770000,1927.240000,30.180000,70.860000,0.425851,0.015658,27.196529,96472.776335,7329.578007
1998-11-01,1998,1144.430000,16.183300,37.836700,164.000000,4.830000,37.370000,2136.230000,30.210000,70.630000,0.427714,0.014141,30.246560,107060.069501,8133.954061
1998-12-01,1998,1190.050000,16.200000,37.710000,163.900000,4.650000,38.820000,2222.740000,30.260000,70.430000,0.429594,0.013613,31.557942,111453.927118,8472.946503
1999-01-01,1999,1248.770000,16.283333,37.933333,164.300000,4.720000,40.580000,2326.740000,30.340000,70.680000,0.429262,0.013039,32.920123,117079.772588,8878.965103
1999-02-01,1999,1246.580000,16.366667,38.156667,164.500000,5.000000,40.400000,2319.830000,30.460000,71.010000,0.428933,0.013129,32.670045,117001.668570,8862.254045
1999-03-01,1999,1281.660000,16.450000,38.380000,165.000000,5.230000,41.360000,2377.890000,30.520000,71.210000,0.428609,0.012835,33.393955,120422.223856,9093.702480
1999-04-01,1999,1334.760000,16.450000,39.260000,166.200000,5.180000,42.700000,2458.520000,30.300000,72.310000,0.419002,0.012324,33.997962,125540.194992,9411.737844
1999-05-01,1999,1332.070000,16.450000,40.140000,166.200000,5.540000,42.560000,2453.570000,30.300000,73.930000,0.409816,0.012349,33.185600,125416.121420,9402.436058
1999-06-01,1999,1322.550000,16.450000,41.020000,166.200000,5.900000,42.180000,2436.030000,30.300000,75.560000,0.401024,0.012438,32.241589,124648.866789,9344.915043
1999-07-01,1999,1380.990000,16.513333,42.000000,166.700000,5.790000,43.830000,2536.050000,30.330000,77.130000,0.393175,0.011958,32.880714,130285.971320,9738.231570
1999-08-01,1999,1327.490000,16.576667,42.980000,167.100000,5.940000,41.930000,2431.960000,30.370000,78.740000,0.385683,0.012487,30.886226,125368.476267,9348.241857
1999-09-01,1999,1318.170000,16.640000,43.960000,167.900000,5.920000,41.320000,2403.380000,30.340000,80.150000,0.378526,0.012624,29.985669,124618.751916,9248.062233
1999-10-01,1999,1300.010000,16.656667,45.363333,168.200000,6.110000,40.550000,2366.050000,30.320000,82.560000,0.367183,0.012813,28.657727,123033.014215,9114.098437
1999-11-01,1999,1391.000000,16.673333,46.766667,168.300000,6.030000,43.210000,2530.140000,30.330000,85.070000,0.356522,0.011987,29.743407,131775.678211,9755.941477
1999-12-01,1999,1428.680000,16.690000,48.170000,168.300000,6.280000,44.200000,2598.680000,30.360000,87.620000,0.346481,0.011682,29.659124,135476.902179,10029.959603
2000-01-01,2000,1425.590000,16.713333,49.096667,168.800000,6.660000,43.770000,2585.380000,30.310000,89.040000,0.340417,0.011724,29.036391,135315.775939,9988.356447
2000-02-01,2000,1388.870000,16.736667,50.023333,169.800000,6.520000,42.190000,2503.950000,30.170000,90.190000,0.334577,0.012051,27.764443,131962.546409,9683.470720
2000-03-01,2000,1442.210000,16.760000,50.950000,171.200000,6.260000,43.220000,2578.860000,29.970000,91.110000,0.328950,0.011621,28.306379,137163.129128,9982.783814
2000-04-01,2000,1461.360000,16.740000,51.273333,171.300000,5.990000,43.530000,2611.570000,29.920000,91.630000,0.326486,0.011455,28.501365,139117.244751,10119.094393
2000-05-01,2000,1418.480000,16.720000,51.596667,171.500000,6.440000,41.970000,2531.990000,29.850000,92.100000,0.324052,0.011787,27.491698,135167.992754,9820.368453
2000-06-01,2000,1461.960000,16.700000,51.920000,172.400000,6.100000,42.780000,2595.980000,29.650000,92.190000,0.321649,0.011423,28.157935,139444.005384,10078.145633
2000-07-01,2000,1473.000000,16.583333,52.513333,172.800000,6.050000,42.760000,2609.520000,29.380000,93.030000,0.315793,0.011258,28.050019,140629.756973,10140.316967
2000-08-01,2000,1485.460000,16.466667,53.106667,172.800000,5.830000,42.870000,2631.600000,29.170000,94.080000,0.310068,0.011085,27.971253,141951.270404,10235.606651
2000-09-01,2000,1468.050000,16.350000,53.700000,173.700000,5.800000,41.900000,2587.280000,28.820000,94.640000,0.304469,0.011137,27.337989,140418.692663,10072.636215
2000-10-01,2000,1390.140000,16.323333,52.466667,174.000000,5.740000,39.370000,2445.750000,28.720000,92.310000,0.311118,0.011742,26.495680,133096.939401,9530.964741
2000-11-01,2000,1378.040000,16.296667,51.233333,174.100000,5.720000,38.780000,2423.070000,28.660000,90.090000,0.318087,0.011826,26.897332,132068.680263,9451.899805
2000-12-01,2000,1330.930000,16.270000,50.000000,174.000000,5.240000,37.270000,2341.580000,28.620000,87.970000,0.325400,0.012225,26.618600,127683.902665,9143.341536
2001-01-01,2001,1335.630000,16.170000,48.480000,175.100000,5.160000,36.980000,2335.080000,28.270000,84.760000,0.333540,0.012107,27.550124,128264.874191,9127.243475
2001-02-01,2001,1305.750000,16.070000,46.960000,175.800000,5.100000,35.830000,2273.750000,27.980000,81.770000,0.342206,0.012307,27.805579,125524.805817,8896.695566
2001-03-01,2001,1185.850000,15.970000,45.440000,176.200000,4.890000,32.330000,2060.280000,27.750000,78.950000,0.351452,0.013467,26.097051,114127.275216,8070.521278
2001-04-01,2001,1189.840000,15.876667,42.556667,176.900000,5.140000,32.170000,2059.030000,27.470000,73.640000,0.373071,0.013344,27.958957,114639.357023,8074.654542
2001-05-01,2001,1270.370000,15.783333,39.673333,177.700000,5.390000,34.070000,2188.490000,27.190000,68.350000,0.397832,0.012424,32.020753,122525.780121,8591.284301
2001-06-01,2001,1238.710000,15.690000,36.790000,178.000000,5.280000,33.070000,2130.360000,26.980000,63.270000,0.426475,0.012666,33.669747,119599.065256,8371.934568
2001-07-01,2001,1204.450000,15.706667,33.963333,177.500000,5.240000,32.160000,2077.270000,27.090000,58.580000,0.462460,0.013041,35.463245,116417.458425,8172.177645
2001-08-01,2001,1178.500000,15.723333,31.136667,177.500000,4.970000,31.400000,2032.510000,27.120000,53.700000,0.504978,0.013342,37.849267,114035.744341,8004.988025
2001-09-01,2001,1044.640000,15.740000,28.310000,178.300000,4.730000,27.670000,1793.570000,27.020000,48.610000,0.555987,0.015067,36.900035,101209.773840,7072.763780
2001-10-01,2001,1076.590000,15.740000,27.103333,177.700000,4.570000,28.580000,1854.660000,27.120000,46.690000,0.580740,0.014620,39.721682,104432.324920,7322.604212
2001-11-01,2001,1129.680000,15.740000,25.896667,177.400000,4.650000,30.010000,1949.410000,27.160000,44.690000,0.607800,0.013933,43.622603,109709.442978,7705.635059
2001-12-01,2001,1144.930000,15.740000,24.690000,176.700000,5.090000,30.500000,1983.560000,27.270000,42.770000,0.637505,0.013748,46.372215,111317.837590,7849.577003
2002-01-01,2002,1140.210000,15.736667,24.693333,177.100000,5.040000,30.280000,1970.920000,27.200000,42.680000,0.637284,0.013802,46.174811,110986.456373,7808.533294
2002-02-01,2002,1100.670000,15.733333,24.696667,177.800000,4.910000,29.090000,1895.080000,27.090000,42.520000,0.637063,0.014294,44.567553,107265.336510,7517.019645
2002-03-01,2002,1153.790000,15.730000,24.700000,178.800000,5.280000,30.290000,1975.430000,26.930000,42.290000,0.636842,0.013633,46.712146,112569.897777,7844.636053
2002-04-01,2002,1111.930000,15.833333,25.380000,179.800000,5.210000,29.010000,1893.170000,26.960000,43.210000,0.623851,0.014240,43.811269,108613.705102,7526.845192
2002-05-01,2002,1079.250000,15.936667,26.060000,179.800000,5.160000,28.130000,1837.530000,27.130000,44.370000,0.611537,0.014766,41.414045,105550.395241,7314.560204
2002-06-01,2002,1014.020000,16.040000,26.740000,179.900000,4.930000,26.390000,1725.510000,27.290000,45.500000,0.599850,0.015818,37.921466,99300.800159,6877.642968
2002-07-01,2002,903.590000,15.960000,27.840000,180.100000,4.650000,23.460000,1535.890000,27.130000,47.320000,0.573276,0.017663,32.456537,88617.524393,6130.895913
2002-08-01,2002,912.550000,15.880000,28.940000,180.700000,4.260000,23.590000,1545.970000,26.900000,49.030000,0.548721,0.017402,31.532481,89626.692629,6180.125015
2002-09-01,2002,867.810000,15.800000,30.040000,181.000000,3.870000,22.370000,1467.740000,26.720000,50.810000,0.525965,0.018207,28.888482,85362.496433,5876.335390
2002-10-01,2002,854.630000,15.890000,29.223333,181.300000,3.940000,21.960000,1443.050000,26.830000,49.340000,0.543744,0.018593,29.244782,84195.554649,5786.412636
2002-11-01,2002,909.930000,15.980000,28.406667,181.300000,4.050000,23.350000,1536.430000,26.980000,47.970000,0.562544,0.017562,32.032269,89773.995751,6169.795847
2002-12-01,2002,899.180000,16.070000,27.590000,180.900000,4.030000,23.100000,1521.630000,27.190000,46.690000,0.582457,0.017872,32.590794,88844.779859,6119.435915
2003-01-01,2003,895.840000,16.120000,28.500000,181.700000,4.050000,22.900000,1509.310000,27.160000,48.020000,0.565614,0.017994,31.432982,88647.084629,6078.936018
2003-02-01,2003,837.030000,16.170000,29.410000,183.100000,3.900000,21.210000,1399.440000,27.030000,49.170000,0.549813,0.019318,28.460728,82960.519547,5645.483744
2003-03-01,2003,846.630000,16.220000,30.320000,184.200000,3.810000,21.310000,1407.040000,26.960000,50.390000,0.534960,0.019158,27.923153,84045.558659,5685.166454
2003-04-01,2003,890.030000,16.203333,31.730000,183.800000,3.960000,22.430000,1482.390000,26.990000,52.850000,0.510663,0.018205,28.050110,88488.088248,5998.702827
2003-05-01,2003,935.960000,16.186667,33.140000,183.500000,3.570000,23.590000,1561.430000,27.000000,55.290000,0.488433,0.017294,28.242607,93188.762823,6327.694740
2003-06-01,2003,988.000000,16.170000,34.550000,183.700000,3.330000,24.830000,1646.460000,26.950000,57.580000,0.468017,0.016366,28.596237,98504.422150,6681.356015
2003-07-01,2003,992.540000,16.310000,35.893333,183.900000,3.980000,24.870000,1652.220000,27.150000,59.750000,0.454402,0.016433,27.652489,99091.410800,6713.860677
2003-08-01,2003,989.530000,16.450000,37.236667,184.600000,4.450000,24.640000,1640.970000,27.280000,61.750000,0.441769,0.016624,26.574076,98926.597891,6677.277409
2003-09-01,2003,1019.440000,16.590000,38.580000,185.200000,4.270000,25.240000,1685.090000,27.420000,63.770000,0.430016,0.016274,26.424054,102053.846606,6866.041732
2003-10-01,2003,1038.730000,16.856667,41.966667,185.000000,4.290000,25.680000,1718.830000,27.890000,69.440000,0.401668,0.016228,24.751311,104123.324108,7012.846586
2003-11-01,2003,1049.900000,17.123333,45.353333,184.500000,4.300000,25.950000,1742.020000,28.410000,75.250000,0.377554,0.016309,23.149346,105383.826719,7116.978216
2003-12-01,2003,1080.640000,17.390000,48.740000,184.300000,4.270000,26.640000,1794.970000,28.890000,80.960000,0.356791,0.016092,22.171522,108612.587267,7342.988808
2004-01-01,2004,1132.520000,17.600000,49.826667,185.200000,4.150000,27.660000,1872.010000,29.090000,82.360000,0.353225,0.015541,22.729195,113972.576503,7667.917404
2004-02-01,2004,1143.360000,17.810000,50.913333,186.200000,4.080000,27.650000,1879.770000,29.280000,83.710000,0.349810,0.015577,22.456986,115211.073403,7709.613183
2004-03-01,2004,1123.980000,18.020000,52.000000,187.400000,3.830000,26.890000,1836.080000,29.440000,84.940000,0.346538,0.016032,21.615000,113407.793449,7540.347419
2004-04-01,2004,1133.360000,18.213333,53.383333,188.000000,4.350000,26.900000,1845.490000,29.660000,86.930000,0.341180,0.016070,21.230596,114505.736300,7589.050395
2004-05-01,2004,1102.780000,18.406667,54.766667,189.100000,4.720000,25.900000,1785.250000,29.800000,88.660000,0.336093,0.016691,20.135971,111569.519075,7351.434202
2004-06-01,2004,1132.760000,18.600000,56.150000,189.700000,4.730000,26.400000,1827.990000,30.020000,90.610000,0.331256,0.016420,20.173820,114757.815406,7537.598207
2004-07-01,2004,1105.850000,18.786667,56.690000,189.400000,4.500000,25.700000,1787.390000,30.360000,91.630000,0.331393,0.016988,19.506968,112188.640824,7380.519877
2004-08-01,2004,1088.940000,18.973333,57.230000,189.500000,4.280000,25.170000,1759.130000,30.650000,92.450000,0.331528,0.017424,19.027433,110631.944739,7274.269295
2004-09-01,2004,1117.660000,19.160000,57.770000,189.900000,4.130000,25.670000,1801.720000,30.890000,93.130000,0.331660,0.017143,19.346720,113710.416326,7460.936216
2004-10-01,2004,1117.210000,19.253333,58.030000,190.900000,4.100000,25.410000,1791.560000,30.870000,93.060000,0.331782,0.017233,19.252283,113827.077872,7429.467733
2004-11-01,2004,1168.940000,19.346667,58.290000,191.000000,4.190000,26.470000,1873.530000,31.010000,93.420000,0.331904,0.016551,20.053869,119261.064286,7780.067335
2004-12-01,2004,1199.210000,19.440000,58.550000,190.300000,4.230000,27.140000,1929.120000,31.270000,94.190000,0.332024,0.016211,20.481810,122513.846938,8021.663336
2005-01-01,2005,1181.410000,19.703333,59.106667,190.700000,4.220000,26.590000,1896.500000,31.630000,94.880000,0.333352,0.016678,19.987762,120860.863688,7896.834617
2005-02-01,2005,1199.630000,19.966667,59.663333,191.800000,4.170000,26.740000,1914.700000,31.870000,95.230000,0.334656,0.016644,20.106654,122892.784664,7983.545865
2005-03-01,2005,1194.900000,20.230000,60.220000,193.300000,4.500000,26.340000,1892.350000,32.040000,95.370000,0.335935,0.016930,19.842245,122578.685373,7901.347231
2005-04-01,2005,1164.430000,20.463333,61.233333,194.600000,4.340000,25.410000,1831.780000,32.190000,96.330000,0.334186,0.017574,19.016277,119625.864794,7659.497818
2005-05-01,2005,1178.280000,20.696667,62.246667,194.400000,4.140000,25.650000,1855.470000,32.590000,98.020000,0.332494,0.017565,18.929206,121223.911526,7769.804206
2005-06-01,2005,1202.250000,20.930000,63.260000,194.500000,4.000000,26.070000,1892.250000,32.940000,99.570000,0.330857,0.017409,19.004900,123867.438306,7935.158259
2005-07-01,2005,1222.240000,21.110000,64.330000,195.400000,4.180000,26.290000,1914.850000,33.070000,100.780000,0.328152,0.017272,18.999534,126106.702642,8041.399769
2005-08-01,2005,1224.270000,21.290000,65.400000,196.400000,4.260000,26.100000,1908.260000,33.180000,101.940000,0.325535,0.017390,18.719725,126497.656394,8025.258649
2005-09-01,2005,1225.920000,21.470000,66.470000,198.800000,4.200000,25.730000,1887.770000,33.060000,102.360000,0.323003,0.017513,18.443207,126851.458300,7950.549147
2005-10-01,2005,1191.960000,21.720000,67.590000,199.200000,4.460000,24.880000,1831.790000,33.380000,103.870000,0.321349,0.018222,17.635153,123522.597425,7726.363273
2005-11-01,2005,1237.370000,21.970000,68.710000,197.600000,4.540000,25.930000,1916.970000,34.040000,106.450000,0.319750,0.017755,18.008587,128415.997414,8097.486477
2005-12-01,2005,1262.070000,22.220000,69.830000,196.800000,4.470000,26.440000,1963.180000,34.560000,108.620000,0.318201,0.017606,18.073464,131169.404580,8304.729579
2006-01-01,2006,1278.730000,22.406667,70.776667,198.300000,4.420000,26.470000,1974.050000,34.590000,109.260000,0.316583,0.017523,18.067113,133093.358318,8362.800023
2006-02-01,2006,1276.650000,22.593333,71.723333,198.700000,4.570000,26.250000,1966.870000,34.810000,110.500000,0.315007,0.017697,17.799647,133071.211884,8344.576246
2006-03-01,2006,1293.740000,22.780000,72.670000,199.800000,4.720000,26.330000,1982.230000,34.900000,111.340000,0.313472,0.017608,17.802945,135048.833418,8421.964286
2006-04-01,2006,1302.170000,23.000000,73.276667,201.500000,4.990000,26.150000,1978.310000,34.940000,111.330000,0.313879,0.017663,17.770595,136126.970732,8417.578438
2006-05-01,2006,1290.010000,23.220000,73.883333,202.500000,5.110000,25.650000,1950.160000,35.100000,111.690000,0.314279,0.018000,17.460095,135056.147462,8310.121469
2006-06-01,2006,1253.170000,23.440000,74.490000,202.900000,5.110000,24.750000,1890.730000,35.370000,112.390000,0.314673,0.018705,16.823332,131401.807707,8069.327373
2006-07-01,2006,1260.240000,23.660000,75.850000,203.500000,5.090000,24.700000,1895.790000,35.590000,114.100000,0.311931,0.018774,16.614898,132347.954129,8103.466872
2006-08-01,2006,1287.150000,23.880000,77.210000,203.900000,4.880000,25.050000,1932.480000,35.850000,115.920000,0.309286,0.018553,16.670768,135381.050599,8272.917560
2006-09-01,2006,1317.740000,24.100000,78.570000,202.900000,4.720000,25.640000,1988.150000,36.360000,118.540000,0.306733,0.018289,16.771541,138807.779907,8524.124877
2006-10-01,2006,1363.380000,24.360000,79.550000,201.800000,4.730000,26.540000,2068.230000,36.950000,120.680000,0.306223,0.017867,17.138655,143826.948610,8880.494448
2006-11-01,2006,1388.640000,24.620000,80.530000,201.500000,4.600000,26.930000,2109.680000,37.400000,122.340000,0.305725,0.017730,17.243760,146705.850624,9071.736470
2006-12-01,2006,1416.420000,24.880000,81.510000,201.800000,4.560000,27.280000,2148.690000,37.740000,123.650000,0.305239,0.017565,17.377254,149857.481020,9252.845458
2007-01-01,2007,1424.160000,25.083333,82.056667,202.420000,4.760000,27.210000,2153.850000,37.940000,124.100000,0.305683,0.017613,17.355811,150895.733384,9288.414376
2007-02-01,2007,1444.800000,25.286667,82.603333,203.500000,4.720000,27.320000,2173.440000,38.040000,124.260000,0.306122,0.017502,17.490820,153304.101781,9386.580384
2007-03-01,2007,1406.950000,25.490000,83.150000,205.350000,4.560000,26.230000,2097.400000,38.000000,123.960000,0.306554,0.018117,16.920625,149511.525339,9071.894842
2007-04-01,2007,1463.640000,25.716667,83.740000,206.690000,4.690000,26.980000,2167.830000,38.090000,124.030000,0.307101,0.017570,17.478385,155761.495679,9389.850676
2007-05-01,2007,1511.140000,25.943333,84.330000,207.950000,4.750000,27.550000,2224.590000,38.190000,124.140000,0.307641,0.017168,17.919364,161044.541089,9649.507006
2007-06-01,2007,1514.190000,26.170000,84.920000,208.350000,5.100000,27.420000,2224.770000,38.450000,124.770000,0.308172,0.017283,17.830782,161599.986118,9664.198834
2007-07-01,2007,1520.710000,26.440000,82.813333,208.300000,5.000000,27.410000,2234.920000,38.860000,121.710000,0.319272,0.017387,18.363106,162528.571399,9722.064329
2007-08-01,2007,1454.620000,26.710000,80.706667,207.920000,4.670000,26.150000,2141.720000,39.330000,118.830000,0.330952,0.018362,18.023542,155700.570883,9330.651756
2007-09-01,2007,1497.120000,26.980000,78.600000,208.490000,4.520000,26.730000,2198.230000,39.610000,115.410000,0.343257,0.018021,19.047328,160487.964005,9591.251530
2007-10-01,2007,1539.660000,27.230000,74.460000,208.940000,4.530000,27.320000,2255.870000,39.900000,109.100000,0.365700,0.017686,20.677679,165289.174614,9856.911629
2007-11-01,2007,1463.390000,27.480000,70.320000,210.180000,4.150000,25.730000,2131.460000,40.030000,102.420000,0.390785,0.018778,20.810438,157344.864401,9327.800031
2007-12-01,2007,1479.220000,27.730000,66.180000,210.040000,4.100000,25.960000,2155.960000,40.420000,96.460000,0.419009,0.018746,22.351466,159293.141308,9449.593128
2008-01-01,2008,1378.760000,27.920000,64.250000,211.080000,3.740000,24.020000,1999.600000,40.490000,93.180000,0.434553,0.020250,21.459300,148723.726972,8779.124683
2008-02-01,2008,1354.870000,28.110000,62.320000,211.690000,3.740000,23.500000,1959.270000,40.650000,90.120000,0.451059,0.020747,21.740533,146397.738910,8616.920151
2008-03-01,2008,1316.940000,28.300000,60.390000,213.530000,3.510000,22.610000,1888.050000,40.570000,86.580000,0.468621,0.021489,21.807253,142552.403540,8318.282902
2008-04-01,2008,1370.470000,28.436667,57.383333,214.820000,3.680000,23.360000,1952.950000,40.520000,81.770000,0.495556,0.020750,23.882719,148602.046080,8619.223043
2008-05-01,2008,1403.220000,28.573333,54.376667,216.630000,3.880000,23.700000,1982.920000,40.380000,76.840000,0.525470,0.020363,25.805554,152410.128402,8766.238286
2008-06-01,2008,1341.250000,28.710000,51.370000,218.810000,4.100000,22.420000,1876.440000,40.170000,71.870000,0.558887,0.021405,26.109597,145937.907220,8310.343787
2008-07-01,2008,1257.330000,28.756667,49.563333,219.960000,4.010000,20.910000,1749.850000,40.020000,68.980000,0.580200,0.022871,25.368148,137067.113012,7764.394563
2008-08-01,2008,1281.470000,28.803333,47.756667,219.090000,3.890000,21.400000,1790.590000,40.250000,66.730000,0.603127,0.022477,26.833322,139959.962316,7959.747731
2008-09-01,2008,1216.950000,28.850000,45.950000,218.780000,3.690000,20.360000,1702.790000,40.370000,64.290000,0.627856,0.023707,26.484222,133175.352468,7584.627899
2008-10-01,2008,968.800000,28.696667,35.593333,216.570000,3.810000,16.390000,1369.410000,40.560000,50.310000,0.806237,0.029621,27.218580,106282.474395,6114.787971
2008-11-01,2008,883.040000,28.543333,25.236667,212.430000,3.530000,15.260000,1272.560000,41.130000,36.370000,1.131026,0.032324,34.990358,97136.497644,5697.503934
2008-12-01,2008,877.560000,28.390000,14.880000,210.230000,2.420000,15.380000,1277.880000,41.340000,21.670000,1.907930,0.032351,58.975806,96795.337499,5736.906746
2009-01-01,2009,865.580000,28.013333,12.206667,211.140000,2.520000,15.170000,1254.970000,40.620000,17.700000,2.294921,0.032364,70.910431,95734.889772,5649.600865
2009-02-01,2009,805.230000,27.636667,9.533333,212.190000,2.870000,14.120000,1161.690000,39.870000,13.750000,2.898951,0.034321,84.464685,89318.252585,5244.853326
2009-03-01,2009,757.130000,27.260000,6.860000,212.710000,2.820000,13.320000,1089.650000,39.230000,9.870000,3.973761,0.036004,110.368805,84238.333741,4934.463064
2009-04-01,2009,848.150000,26.703333,7.076667,213.240000,2.930000,14.980000,1217.600000,38.340000,10.160000,3.773434,0.031484,119.851625,94617.970727,5528.699659
2009-05-01,2009,902.410000,26.146667,7.293333,213.860000,3.290000,16.000000,1291.770000,37.430000,10.440000,3.585009,0.028974,123.730804,100919.358877,5879.805535
2009-06-01,2009,926.120000,25.590000,7.510000,215.690000,3.720000,16.380000,1314.420000,36.320000,10.660000,3.407457,0.027631,123.318242,103814.595043,5997.171191
2009-07-01,2009,935.820000,25.026667,9.186667,215.350000,3.560000,16.690000,1330.290000,35.580000,13.060000,2.724238,0.026743,101.867199,105140.974126,6083.383040
2009-08-01,2009,1009.730000,24.463333,10.863333,215.830000,3.590000,18.090000,1432.150000,34.700000,15.410000,2.251918,0.024228,92.948450,113679.204491,6562.771107
2009-09-01,2009,1044.550000,23.900000,12.540000,215.970000,3.400000,18.830000,1480.610000,33.880000,17.770000,1.905901,0.022881,83.297448,117828.885683,6797.925247
2009-10-01,2009,1067.660000,23.403333,25.350000,216.180000,3.390000,19.360000,1511.910000,33.140000,35.900000,0.923208,0.021920,42.116765,120660.441293,6954.524463
2009-11-01,2009,1088.070000,22.906667,38.160000,216.330000,3.400000,19.810000,1539.720000,32.420000,54.000000,0.600280,0.021053,28.513365,123187.463925,7095.251701
2009-12-01,2009,1110.380000,22.410000,50.970000,215.950000,3.590000,20.320000,1574.070000,31.770000,72.250000,0.439670,0.020182,21.784972,125929.441465,7265.945083
2010-01-01,2010,1123.580000,22.240000,54.290000,216.690000,3.730000,20.530000,1587.350000,31.420000,76.700000,0.409652,0.019794,20.695892,127638.263543,7339.391590
2010-02-01,2010,1089.160000,22.070000,57.610000,216.740000,3.690000,19.920000,1538.340000,31.170000,81.370000,0.383093,0.020263,18.905746,123938.702512,7125.017225
2010-03-01,2010,1152.050000,21.900000,60.930000,217.630000,3.730000,21.000000,1620.510000,30.810000,85.710000,0.359429,0.019010,18.907763,131304.423739,7517.590037
2010-04-01,2010,1197.320000,21.946667,62.986667,218.010000,3.850000,21.800000,1681.270000,30.820000,88.450000,0.348434,0.018330,19.009102,136672.056946,7811.264756
2010-05-01,2010,1125.060000,21.993333,65.043333,218.180000,3.420000,20.480000,1578.580000,30.860000,91.260000,0.338134,0.019549,17.297084,128632.464499,7346.046877
2010-06-01,2010,1083.360000,22.040000,67.100000,217.970000,3.200000,19.740000,1521.560000,30.950000,94.240000,0.328465,0.020344,16.145455,124074.290671,7092.561645
2010-07-01,2010,1079.800000,22.143333,68.686667,218.010000,3.010000,19.670000,1516.240000,31.090000,96.450000,0.322382,0.020507,15.720664,123876.921965,7079.980036
2010-08-01,2010,1087.280000,22.246667,70.273333,218.310000,2.700000,19.770000,1524.640000,31.200000,98.540000,0.316573,0.020461,15.472156,124946.737401,7131.310284
2010-09-01,2010,1122.080000,22.350000,71.860000,218.440000,2.650000,20.380000,1572.520000,31.320000,100.710000,0.311021,0.019918,15.614807,129158.884989,7367.330649
2010-10-01,2010,1171.580000,22.476667,73.690000,218.710000,2.540000,21.240000,1639.850000,31.460000,103.140000,0.305017,0.019185,15.898765,135071.050994,7695.054160
2010-11-01,2010,1198.890000,22.603333,75.520000,218.800000,2.760000,21.700000,1677.370000,31.620000,105.660000,0.299303,0.018854,15.875132,138435.555326,7883.487291
2010-12-01,2010,1241.530000,22.730000,77.350000,219.180000,3.290000,22.400000,1734.050000,31.750000,108.030000,0.293859,0.018308,16.050808,143576.686563,8162.083742
2011-01-01,2011,1282.620000,22.963333,78.670000,220.220000,3.390000,22.980000,1782.940000,31.920000,109.360000,0.291894,0.017903,16.303801,148547.588776,8404.790465
2011-02-01,2011,1321.120000,23.196667,79.990000,221.310000,3.580000,23.490000,1827.450000,32.090000,110.650000,0.289995,0.017558,16.516065,153228.121190,8626.914238
2011-03-01,2011,1304.490000,23.430000,81.310000,223.470000,3.410000,22.900000,1787.020000,32.100000,111.390000,0.288156,0.017961,16.043414,151523.518138,8448.485416
2011-04-01,2011,1331.510000,23.733333,82.163333,224.910000,3.460000,23.140000,1812.370000,32.300000,111.840000,0.288856,0.017824,16.205647,154888.829584,8580.831518
2011-05-01,2011,1338.310000,24.036667,83.016667,225.960000,3.170000,23.060000,1813.090000,32.560000,112.470000,0.289540,0.017960,16.120980,155909.910708,8597.262734
2011-06-01,2011,1287.290000,24.340000,83.870000,225.720000,3.000000,22.100000,1745.840000,33.010000,113.750000,0.290211,0.018908,15.348635,150199.554040,8291.185732
2011-07-01,2011,1325.190000,24.620000,84.906667,225.920000,3.000000,22.610000,1795.650000,33.360000,115.050000,0.289965,0.018578,15.607608,154858.347210,8540.788802
2011-08-01,2011,1185.310000,24.900000,85.943333,226.540000,2.300000,20.050000,1601.690000,33.650000,116.130000,0.289726,0.021007,13.791762,138752.077243,7631.547993
2011-09-01,2011,1173.880000,25.180000,86.980000,226.890000,1.980000,19.700000,1583.840000,33.970000,117.360000,0.289492,0.021450,13.495976,137656.983400,7559.636886
2011-10-01,2011,1207.220000,25.596667,86.970000,226.420000,2.150000,20.160000,1632.200000,34.610000,117.590000,0.294316,0.021203,13.880878,141812.718282,7804.021154
2011-11-01,2011,1226.420000,26.013333,86.960000,226.230000,2.010000,20.350000,1659.550000,35.200000,117.670000,0.299141,0.021211,14.103266,144318.722654,7948.597818
2011-12-01,2011,1243.320000,26.430000,86.950000,225.670000,1.980000,20.520000,1686.580000,35.850000,117.950000,0.303968,0.021258,14.299252,146562.519504,8092.209833
2012-01-01,2012,1300.580000,26.736667,87.480000,226.660000,1.970000,21.210000,1756.530000,36.110000,118.150000,0.305632,0.020557,14.867170,153571.956990,8442.189112
2012-02-01,2012,1352.490000,27.043333,88.010000,227.660000,1.970000,21.800000,1818.630000,36.360000,118.340000,0.307276,0.019995,15.367458,159964.556553,8754.978365
2012-03-01,2012,1389.240000,27.350000,88.540000,229.390000,2.170000,22.050000,1853.960000,36.500000,118.160000,0.308900,0.019687,15.690535,164577.674103,8939.525783
2012-04-01,2012,1386.430000,27.673333,88.333333,230.090000,2.050000,21.780000,1844.640000,36.820000,117.530000,0.313283,0.019960,15.695434,164514.788414,8908.923741
2012-05-01,2012,1341.270000,27.996667,88.126667,229.810000,1.800000,20.940000,1786.650000,37.290000,117.390000,0.317687,0.020873,15.219797,159429.714906,8644.072267
2012-06-01,2012,1323.480000,28.320000,87.920000,229.480000,1.620000,20.550000,1765.540000,37.780000,117.290000,0.322111,0.021398,15.053230,157592.429165,8556.744237
2012-07-01,2012,1359.780000,28.743333,87.446667,229.100000,1.530000,21.000000,1816.930000,38.410000,116.850000,0.328696,0.021138,15.549821,162195.840861,8821.301515
2012-08-01,2012,1403.450000,29.166667,86.973333,230.380000,1.680000,21.410000,1864.900000,38.760000,115.570000,0.335352,0.020782,16.136555,167690.550640,9069.468969
2012-09-01,2012,1443.420000,29.590000,86.500000,231.410000,1.720000,21.780000,1909.500000,39.140000,114.430000,0.342081,0.020500,16.686936,172756.760700,9301.885132
2012-10-01,2012,1437.820000,30.143333,86.503333,231.320000,1.750000,21.580000,1902.830000,39.890000,114.480000,0.348464,0.020965,16.621556,172381.645709,9285.298744
2012-11-01,2012,1394.510000,30.696667,86.506667,230.220000,1.650000,20.900000,1854.300000,40.820000,115.030000,0.354847,0.022013,16.120260,167490.326936,9064.935599
2012-12-01,2012,1422.290000,31.250000,86.510000,229.600000,1.720000,21.240000,1896.340000,41.670000,115.340000,0.361230,0.021972,16.440758,171134.137911,9287.157484
2013-01-01,2013,1480.400000,31.536667,86.906667,230.280000,1.910000,21.900000,1968.000000,41.920000,115.530000,0.362880,0.021303,17.034366,178439.445951,9655.009104
2013-02-01,2013,1512.310000,31.823333,87.303333,232.170000,1.980000,22.050000,1994.090000,41.960000,115.120000,0.364515,0.021043,17.322477,182602.477224,9799.831443
2013-03-01,2013,1550.830000,32.110000,87.700000,232.770000,1.960000,22.420000,2039.550000,42.230000,115.340000,0.366135,0.020705,17.683352,187573.745713,10040.679089
2013-04-01,2013,1570.700000,32.496667,88.783333,232.530000,1.760000,22.600000,2067.830000,42.780000,116.880000,0.366022,0.020689,17.691384,190300.676717,10197.163514
2013-05-01,2013,1639.840000,32.883333,89.866667,232.940000,1.930000,23.410000,2155.020000,43.210000,118.100000,0.365912,0.020053,18.247478,199005.543077,10644.840159
2013-06-01,2013,1618.770000,33.270000,90.950000,233.500000,2.300000,22.930000,2122.230000,43.620000,119.240000,0.365805,0.020553,17.798461,196781.108788,10500.610773
2013-07-01,2013,1668.680000,33.646667,92.090000,233.600000,2.580000,23.490000,2186.800000,44.090000,120.680000,0.365367,0.020164,18.120100,203185.305038,10837.709336
2013-08-01,2013,1670.090000,34.023333,93.230000,233.880000,2.740000,23.360000,2186.020000,44.530000,122.030000,0.364940,0.020372,17.913654,203698.405392,10852.069998
2013-09-01,2013,1687.170000,34.400000,94.370000,234.150000,2.810000,23.440000,2205.810000,44.970000,123.380000,0.364523,0.020389,17.878245,206127.442346,10968.814570
2013-10-01,2013,1720.030000,34.596667,96.313333,233.550000,2.620000,23.830000,2254.580000,45.350000,126.250000,0.359210,0.020114,17.858690,210492.293798,11229.860761
2013-11-01,2013,1783.540000,34.793333,98.256667,233.070000,2.720000,24.640000,2342.610000,45.700000,129.060000,0.354107,0.019508,18.151847,218617.283801,11687.352968
2013-12-01,2013,1807.780000,34.990000,100.200000,233.050000,2.900000,24.860000,2374.660000,45.960000,131.620000,0.349202,0.019355,18.041717,221943.899200,11866.213190
2014-01-01,2014,1822.360000,35.403333,100.416667,233.920000,2.860000,24.860000,2384.940000,46.330000,131.420000,0.352564,0.019427,18.147983,224091.889260,11936.495127
2014-02-01,2014,1817.040000,35.816667,100.633333,234.780000,2.710000,24.590000,2369.210000,46.700000,131.210000,0.355913,0.019712,18.056045,223800.489355,11877.306829
2014-03-01,2014,1863.520000,36.230000,100.850000,236.290000,2.720000,24.960000,2414.270000,46.940000,130.660000,0.359246,0.019442,18.478136,229892.941387,12122.671504
2014-04-01,2014,1864.260000,36.613333,101.606667,237.070000,2.710000,24.790000,2407.290000,47.280000,131.200000,0.360344,0.019640,18.347812,230356.690572,12107.159761
2014-05-01,2014,1889.770000,36.996667,102.363333,237.900000,2.560000,24.940000,2431.740000,47.610000,131.720000,0.361425,0.019577,18.461396,233885.835131,12249.758326
2014-06-01,2014,1947.090000,37.380000,103.120000,238.340000,2.600000,25.560000,2500.840000,48.010000,132.450000,0.362490,0.019198,18.881788,241361.569793,12617.962405
2014-07-01,2014,1973.100000,37.750000,104.066667,238.250000,2.540000,25.820000,2535.240000,48.500000,133.720000,0.362748,0.019132,18.959962,244971.909182,12811.542449
2014-08-01,2014,1961.530000,38.120000,105.013333,237.850000,2.420000,25.620000,2524.590000,49.060000,135.160000,0.363002,0.019434,18.678866,243925.999602,12778.297057
2014-09-01,2014,1993.230000,38.490000,105.960000,238.030000,2.530000,25.920000,2563.460000,49.500000,136.270000,0.363250,0.019310,18.811155,248263.086356,12995.664647
2014-10-01,2014,1937.270000,38.806667,104.743333,237.430000,2.300000,25.160000,2497.760000,50.030000,135.050000,0.370493,0.020032,18.495401,241692.596014,12683.695179
2014-11-01,2014,2044.570000,39.123333,103.526667,236.150000,2.330000,26.610000,2650.420000,50.720000,134.200000,0.377906,0.019135,19.749211,255482.735000,13480.054534
2014-12-01,2014,2054.270000,39.440000,102.310000,234.810000,2.210000,26.790000,2678.180000,51.420000,133.380000,0.385495,0.019199,20.078878,257102.208637,13642.917762
2015-01-01,2015,2028.180000,39.896667,101.290000,233.710000,1.880000,26.490000,2656.670000,52.260000,132.680000,0.393886,0.019671,20.023497,254248.256934,13554.975317
2015-02-01,2015,2082.200000,40.353333,100.270000,234.720000,1.980000,27.000000,2715.630000,52.630000,130.770000,0.402447,0.019380,20.765932,261436.867249,13878.252241
2015-03-01,2015,2079.990000,40.810000,99.250000,236.120000,2.040000,26.730000,2696.700000,52.910000,128.680000,0.411184,0.019620,20.957078,261581.607721,13803.603389
2015-04-01,2015,2094.860000,41.120000,97.803333,236.600000,1.940000,26.790000,2710.470000,53.200000,126.540000,0.420436,0.019629,21.419106,263879.365863,13896.605658
2015-05-01,2015,2111.940000,41.430000,96.356667,237.810000,2.200000,26.810000,2718.710000,53.330000,124.040000,0.429965,0.019617,21.917944,266462.491321,13961.240662
2015-06-01,2015,2099.290000,41.740000,94.910000,238.640000,2.360000,26.500000,2692.990000,53.540000,121.750000,0.439785,0.019883,22.118744,265302.047007,13852.093135
2015-07-01,2015,2094.140000,41.996667,93.493333,238.650000,2.320000,26.380000,2686.210000,53.870000,119.930000,0.449194,0.020054,22.398816,265090.786729,13840.482726
2015-08-01,2015,2039.870000,42.253333,92.076667,238.320000,2.170000,25.690000,2620.300000,54.280000,118.280000,0.458893,0.020714,22.154038,258663.932327,13523.634595
2015-09-01,2015,1944.410000,42.510000,90.660000,237.940000,2.170000,24.500000,2501.580000,54.690000,116.640000,0.468895,0.021863,21.447276,247005.701884,12934.735839
2015-10-01,2015,2024.810000,42.803333,89.283333,237.840000,2.070000,25.490000,2606.190000,55.090000,114.920000,0.479410,0.021139,22.678477,257669.232791,13498.817022
2015-11-01,2015,2080.620000,43.096667,87.906667,237.340000,2.260000,26.230000,2683.680000,55.590000,113.390000,0.490255,0.020713,23.668512,265225.305568,13923.937420
2015-12-01,2015,2054.080000,43.390000,86.530000,236.530000,2.240000,25.970000,2658.540000,56.160000,111.990000,0.501445,0.021124,23.738357,262299.950436,13817.517365
2016-01-01,2016,1918.600000,43.553333,86.500000,236.920000,2.090000,24.210000,2479.090000,56.280000,111.770000,0.503507,0.022701,22.180347,245461.285739,12909.199816
2016-02-01,2016,1904.420000,43.716667,86.470000,237.110000,1.780000,24.000000,2458.740000,56.440000,111.640000,0.505570,0.022955,22.024055,244111.471848,12827.923492
2016-03-01,2016,2021.950000,43.880000,86.440000,238.130000,1.890000,25.370000,2599.290000,56.410000,111.120000,0.507635,0.021702,23.391370,259643.619662,13585.686394
2016-04-01,2016,2075.540000,44.073333,86.600000,239.260000,1.810000,25.920000,2655.590000,56.390000,110.800000,0.508930,0.021235,23.966975,266994.806262,13904.352111
2016-05-01,2016,2065.550000,44.266667,86.760000,240.230000,1.810000,25.690000,2632.160000,56.410000,110.560000,0.510220,0.021431,23.807630,266182.166890,13806.060024
2016-06-01,2016,2083.890000,44.460000,86.920000,241.020000,1.640000,25.840000,2646.840000,56.470000,110.400000,0.511505,0.021335,23.974804,269020.973686,13907.565066
2016-07-01,2016,2148.900000,44.650000,87.643333,240.630000,1.500000,26.690000,2733.840000,56.800000,111.500000,0.509451,0.020778,24.518693,277891.775987,14389.442417
2016-08-01,2016,2170.950000,44.840000,88.366667,240.850000,1.560000,26.950000,2759.350000,56.990000,112.320000,0.507431,0.020655,24.567522,281224.412519,14548.707411
2016-09-01,2016,2157.690000,45.030000,89.090000,241.430000,1.630000,26.730000,2735.920000,57.100000,112.960000,0.505444,0.020870,24.219217,279990.761895,14450.088610
2016-10-01,2016,2143.020000,45.253333,90.910000,241.730000,1.760000,26.530000,2713.940000,57.310000,115.130000,0.497782,0.021117,23.572984,278574.062025,14359.131315
2016-11-01,2016,2164.990000,45.476667,92.730000,241.350000,2.140000,26.850000,2746.030000,57.680000,117.620000,0.490420,0.021005,23.347245,281920.183799,14554.487218
2016-12-01,2016,2246.630000,45.700000,94.550000,241.430000,2.490000,27.870000,2848.650000,57.950000,119.890000,0.483342,0.020342,23.761290,293044.652268,15123.788954
2017-01-01,2017,2275.120000,45.926667,96.463333,242.840000,2.430000,28.060000,2868.060000,57.900000,121.600000,0.476105,0.020186,23.585335,297257.563989,15252.138228
2017-02-01,2017,2329.910000,46.153333,98.376667,243.600000,2.420000,28.660000,2927.920000,58.000000,123.630000,0.469149,0.019809,23.683563,304916.242514,15596.290565
2017-03-01,2017,2366.820000,46.380000,100.290000,243.800000,2.480000,29.090000,2971.890000,58.240000,125.930000,0.462459,0.019596,23.599761,310250.010882,15856.091614
2017-04-01,2017,2359.310000,46.660000,101.533333,244.520000,2.300000,28.900000,2953.700000,58.420000,127.110000,0.459554,0.019777,23.236802,309772.213124,15785.055519
2017-05-01,2017,2395.350000,46.940000,102.776667,244.730000,2.300000,29.310000,2996.260000,58.720000,128.560000,0.456718,0.019596,23.306360,315014.715459,16038.423383
2017-06-01,2017,2433.990000,47.220000,104.020000,244.960000,2.190000,29.750000,3041.830000,59.010000,130.000000,0.453951,0.019400,23.399250,320610.724880,16308.007969
2017-07-01,2017,2454.100000,47.536667,105.040000,244.790000,2.320000,30.000000,3069.080000,59.450000,131.360000,0.452558,0.019370,23.363481,323777.987227,16480.549536
2017-08-01,2017,2456.220000,47.853333,106.060000,245.520000,2.210000,29.910000,3062.560000,59.670000,132.240000,0.451191,0.019483,23.158778,324580.326111,16472.266468
2017-09-01,2017,2492.840000,48.170000,107.080000,246.820000,2.200000,30.170000,3091.850000,59.740000,132.810000,0.449851,0.019323,23.280164,329946.492722,16656.402639
2017-10-01,2017,2557.000000,48.423333,108.013333,246.660000,2.360000,30.920000,3173.430000,60.100000,134.050000,0.448309,0.018938,23.673003,338969.866539,17123.021718
2017-11-01,2017,2593.610000,48.676667,108.946667,246.670000,2.350000,31.300000,3218.790000,60.410000,135.210000,0.446794,0.018768,23.806235,344358.026251,17394.498752
2017-12-01,2017,2664.340000,48.930000,109.880000,246.520000,2.400000,32.090000,3308.510000,60.760000,136.450000,0.445304,0.018365,24.247725,354287.542743,17906.955957
2018-01-01,2018,2789.800000,49.286667,111.733333,247.870000,2.580000,33.310000,3445.540000,60.870000,138.000000,0.441110,0.017667,24.968377,371512.642605,18675.303695
2018-02-01,2018,2705.160000,49.643333,113.586667,248.990000,2.860000,32.040000,3325.920000,61.040000,139.650000,0.437052,0.018351,23.815823,360788.237598,18054.626453
2018-03-01,2018,2702.770000,50.000000,115.440000,249.550000,2.840000,31.810000,3315.480000,61.330000,141.610000,0.433125,0.018500,23.412769,361021.228256,18025.744356
2018-04-01,2018,2653.630000,50.330000,117.786667,250.550000,2.870000,30.970000,3242.320000,61.500000,143.920000,0.427298,0.018966,22.529120,355013.936463,17655.053476
2018-05-01,2018,2701.490000,50.660000,120.133333,251.590000,2.980000,31.240000,3287.120000,61.640000,146.180000,0.421698,0.018753,22.487431,361977.964839,17926.966262
2018-06-01,2018,2754.350000,50.990000,122.480000,251.990000,2.910000,31.630000,3346.110000,61.940000,148.790000,0.416313,0.018513,22.488161,369626.449760,18276.699726
2018-07-01,2018,2793.640000,51.440000,125.116667,252.010000,2.890000,31.890000,3393.610000,62.490000,151.990000,0.411136,0.018413,22.328280,375469.290212,18564.133789
2018-08-01,2018,2857.820000,51.890000,127.753333,252.150000,2.890000,32.390000,3469.650000,63.000000,155.100000,0.406173,0.018157,22.369827,384671.310063,19008.544610
2018-09-01,2018,2901.500000,52.340000,130.390000,252.440000,3.000000,32.620000,3518.590000,63.470000,158.120000,0.401411,0.018039,22.252473,391132.817674,19305.636619
2018-10-01,2018,2785.460000,52.810000,131.056667,252.880000,3.150000,31.040000,3371.910000,63.930000,158.650000,0.402955,0.018959,21.253860,376078.169668,18530.267297
2018-11-01,2018,2723.230000,53.280000,131.723333,252.040000,3.120000,30.200000,3307.660000,64.710000,159.990000,0.404484,0.019565,20.673862,368270.379517,18206.034474
2018-12-01,2018,2567.310000,53.750000,132.390000,251.230000,2.830000,28.290000,3128.270000,65.490000,161.320000,0.405997,0.020936,19.392024,347785.294861,17248.755220
2019-01-01,2019,2607.390000,54.146667,133.056667,251.710000,2.710000,28.380000,3171.060000,65.850000,161.820000,0.406944,0.020767,19.596087,353821.583006,17514.667372
2019-02-01,2019,2754.860000,54.543333,133.723333,252.780000,2.680000,29.540000,3336.310000,66.060000,161.950000,0.407882,0.019799,20.601192,374445.498283,18457.120455
2019-03-01,2019,2803.980000,54.940000,134.390000,254.200000,2.570000,29.580000,3376.750000,66.160000,161.840000,0.408810,0.019594,20.864499,381739.778819,18711.556428
2019-04-01,2019,2903.800000,55.319092,134.683333,255.550000,2.530000,30.130000,3478.540000,66.270000,161.340000,0.410735,0.019051,21.560203,395952.789139,19305.700460
2019-05-01,2019,2854.710000,55.698183,134.976667,256.090000,2.400000,29.240000,3412.470000,66.580000,161.350000,0.412650,0.019511,21.149655,389887.629681,18969.892873
2019-06-01,2019,2890.170000,56.077275,135.270000,256.140000,2.060000,29.280000,3454.170000,67.020000,161.670000,0.414558,0.019403,21.365935,395364.572954,19232.617237
2019-07-01,2019,2996.113636,56.458183,134.480000,256.570000,1.630000,29.990000,3574.810000,67.360000,160.450000,0.419826,0.018844,22.279251,410496.534464,19935.248936
2019-08-01,2019,2897.498182,56.839092,133.690000,256.560000,1.630000,28.710000,3457.320000,67.820000,159.520000,0.425156,0.019617,21.673260,397629.873526,19311.148363
2019-09-01,2019,2982.156000,57.220000,132.900000,256.760000,1.700000,29.230000,3555.550000,68.220000,158.450000,0.430549,0.019187,22.439097,409897.659516,19891.434949
2019-10-01,2019,2977.680000,57.560000,135.090000,257.350000,1.710000,28.840000,3542.120000,68.470000,160.700000,0.426086,0.019330,22.042194,409937.840764,19847.777330
2019-11-01,2019,3104.904500,57.900000,137.280000,257.210000,1.810000,29.840000,3695.440000,68.910000,163.390000,0.421766,0.018648,22.617311,428113.222940,20739.048862
2019-12-01,2019,3176.749524,58.240000,139.470000,256.970000,1.860000,30.330000,3784.390000,69.380000,166.150000,0.417581,0.018333,22.777296,438684.707827,21271.010077
2020-01-01,2020,3278.202857,58.686868,131.756667,257.970000,1.760000,30.990000,3890.160000,69.640000,156.350000,0.445419,0.017902,24.880736,453364.841925,21897.607979
2020-02-01,2020,3277.314211,59.133736,124.043333,258.680000,1.500000,30.730000,3878.470000,69.980000,146.800000,0.476718,0.018043,26.420720,453918.295294,21864.164061
2020-03-01,2020,2652.393636,59.580604,116.330000,258.120000,0.870000,24.820000,3145.770000,70.660000,137.970000,0.512169,0.022463,22.800599,368047.353440,17766.426561
2020-04-01,2020,2761.975238,59.613736,110.630000,256.390000,0.660000,25.930000,3297.790000,71.180000,132.090000,0.538857,0.021584,24.965879,383941.899238,18658.746693
2020-05-01,2020,2919.615000,59.646868,104.930000,256.390000,0.670000,27.330000,3485.940000,71.220000,125.280000,0.568444,0.020430,27.824407,406545.961587,19757.255281
2020-06-01,2020,3104.660909,59.680000,99.230000,257.800000,0.730000,28.840000,3686.710000,70.870000,117.830000,0.601431,0.019223,31.287523,433005.077996,20928.018898
2020-07-01,2020,3207.619091,59.403333,98.893333,259.100000,0.620000,29.600000,3789.800000,70.180000,116.840000,0.600681,0.018519,32.435140,448058.217616,21546.913900
2020-08-01,2020,3391.710000,59.126667,98.556667,259.920000,0.650000,31.160000,3994.700000,69.640000,116.080000,0.599926,0.017433,34.413806,474464.550426,22744.799547
2020-09-01,2020,3365.516667,58.850000,98.220000,260.280000,0.680000,30.840000,3958.340000,69.220000,115.520000,0.599165,0.017486,34.265085,471489.645188,22570.927382
2020-10-01,2020,3418.701364,58.659615,96.856667,260.390000,0.790000,31.280000,4019.230000,68.960000,113.870000,0.605633,0.017158,35.296500,479627.562904,22950.802388
2020-11-01,2020,3548.992500,58.469231,95.493333,260.230000,0.870000,32.470000,4174.950000,68.780000,112.340000,0.612286,0.016475,37.164820,498592.595919,23872.972928
2020-12-01,2020,3695.310000,58.278846,94.130000,260.470000,0.930000,33.770000,4342.990000,68.490000,110.630000,0.619131,0.015771,39.257516,519833.041656,24867.046873
2021-01-01,2021,3793.748421,58.063693,105.486667,261.580000,1.080000,34.510000,4439.800000,67.950000,123.450000,0.550436,0.015305,35.964246,534363.933422,25453.683808
2021-02-01,2021,3883.432105,57.848540,116.843333,263.010000,1.260000,35.100000,4520.010000,67.330000,136.000000,0.495095,0.014896,33.236232,547677.763423,25946.028411
2021-03-01,2021,3910.508261,57.633387,128.200000,264.880000,1.610000,35.040000,4519.510000,66.610000,148.170000,0.449558,0.014738,30.503185,552176.156715,25974.459803
2021-04-01,2021,4141.176190,57.710605,138.386667,267.050000,1.640000,36.720000,4747.080000,66.150000,158.630000,0.417024,0.013936,29.924676,585425.367309,27314.735355
2021-05-01,2021,4167.849500,57.787824,148.573333,269.190000,1.620000,36.550000,4739.660000,65.720000,168.960000,0.388952,0.013865,28.052474,589875.955470,27303.593763
2021-06-01,2021,4238.489545,57.865042,158.760000,271.700000,1.520000,36.700000,4775.620000,65.200000,178.880000,0.364481,0.013652,26.697465,600555.204233,27541.103588
2021-07-01,2021,4363.712857,58.328189,164.316667,273.000000,1.320000,37.440000,4893.180000,65.410000,184.250000,0.354974,0.013367,26.556727,618981.447837,28250.948132
2021-08-01,2021,4454.206364,58.791336,169.873333,273.570000,1.280000,37.970000,4984.360000,65.790000,190.090000,0.346089,0.013199,26.220751,632507.194338,28808.128236
2021-09-01,2021,4445.543333,59.254483,175.430000,274.310000,1.370000,37.620000,4961.190000,66.130000,195.780000,0.337767,0.013329,25.340839,631972.733152,28706.136324
2021-10-01,2021,4460.707143,59.635361,182.910000,276.590000,1.580000,37.250000,4937.090000,66.000000,202.440000,0.326037,0.013369,24.387443,634830.362613,28598.236806
2021-11-01,2021,4667.386667,60.016239,190.390000,277.950000,1.560000,38.580000,5140.590000,66.100000,209.690000,0.315228,0.012859,24.514873,664951.438538,29808.580407
2021-12-01,2021,4674.772727,60.397117,197.870000,278.800000,1.470000,38.300000,5132.950000,66.320000,217.260000,0.305236,0.012920,23.625475,666716.243826,29796.572446
2022-01-01,2022,4573.815500,60.921403,197.883333,281.150000,1.760000,36.940000,4980.190000,66.330000,215.460000,0.307865,0.013320,23.113697,653035.540580,28941.215848
2022-02-01,2022,4435.980526,61.445689,197.896667,283.720000,1.930000,35.290000,4786.390000,66.300000,213.530000,0.310494,0.013852,22.415640,634080.727811,27846.630017
2022-03-01,2022,4391.265217,61.969974,197.910000,287.500000,2.130000,34.270000,4675.720000,65.980000,210.730000,0.313122,0.014112,22.188193,628421.027197,27235.220866
2022-04-01,2022,4391.296000,62.653316,196.026667,289.110000,2.750000,33.890000,4649.790000,66.340000,207.570000,0.319616,0.014268,22.401524,629164.460775,27115.593308
2022-05-01,2022,4040.360000,63.336658,194.143333,292.300000,2.900000,30.670000,4231.550000,66.330000,203.330000,0.326237,0.015676,20.811222,579632.039698,24708.228582
2022-06-01,2022,3898.946667,64.020000,192.260000,296.310000,3.140000,29.050000,4028.120000,66.140000,198.630000,0.332987,0.016420,20.279552,560102.005457,23552.600277
2022-07-01,2022,3911.729500,64.452768,190.583333,296.280000,2.900000,29.000000,4041.800000,66.600000,196.920000,0.338187,0.016477,20.525035,562704.717330,23664.441670
2022-08-01,2022,4158.563043,64.885537,188.906667,296.170000,2.900000,30.700000,4298.360000,67.070000,195.260000,0.343479,0.015603,22.013850,598984.506713,25199.537271
2022-09-01,2022,3850.520476,65.318305,187.230000,296.810000,3.520000,28.230000,3971.420000,67.370000,193.110000,0.348867,0.016964,20.565724,555393.983406,23315.282616
2022-10-01,2022,3726.050952,65.852204,182.403333,298.010000,3.980000,27.080000,3827.520000,67.650000,187.370000,0.361025,0.017673,20.427538,538225.782665,22503.584618
2022-11-01,2022,3917.488571,66.386102,177.576667,297.710000,3.890000,28.380000,4028.240000,68.260000,182.600000,0.373845,0.016946,22.060830,566671.522274,23716.795430
2022-12-01,2022,3912.380952,66.920000,172.750000,296.800000,3.620000,28.320000,4035.380000,69.020000,178.180000,0.387381,0.017105,22.647647,566732.935051,23792.090198
2023-01-01,2023,3960.656500,67.350000,173.556667,299.170000,3.530000,28.330000,4052.770000,68.920000,177.590000,0.388058,0.017005,22.820538,574533.766267,23928.504622
2023-02-01,2023,4079.684737,67.780000,174.363333,300.840000,3.750000,28.920000,4151.390000,68.970000,177.430000,0.388729,0.016614,23.397607,592614.180957,24544.517666
2023-03-01,2023,3968.559130,68.210000,175.170000,301.670000,3.660000,27.950000,4027.130000,69.220000,177.760000,0.389393,0.017188,22.655473,577292.573572,23844.152440
2023-04-01,2023,4121.467368,68.376667,177.170000,303.360000,3.460000,28.760000,4159.030000,69.000000,178.780000,0.385938,0.016590,23.262784,600362.462271,24658.874868
2023-05-01,2023,4146.173182,68.543333,179.170000,304.130000,3.570000,28.760000,4173.450000,68.990000,180.350000,0.382560,0.016532,23.141001,604791.307630,24777.890024
2023-06-01,2023,4345.372857,68.710000,181.170000,305.110000,3.750000,29.940000,4359.880000,68.940000,181.770000,0.379257,0.015812,23.985057,634681.223230,25918.940846
