Date,SP500,Dividend,Earnings,CPI,Rate10Y,RealPrice,RealDiv,RealEarn,CAPE,Year,Payout,DivYield,EarnYield,PE,TRIndex,RealTRIndex
1871-01-01,4.44,0.26,0.4,12.46,5.32,109.05,6.39,9.82,,1871,0.65,0.05855855855855856,0.09009009009009009,11.1,1.0,1.0
1871-02-01,4.5,0.26,0.4,12.84,5.32,107.25,6.2,9.53,,1871,0.65,0.05777777777777778,0.08888888888888889,11.25,1.0183933933933933,0.9882540250530905
1871-03-01,4.61,0.26,0.4,13.03,5.33,108.27,6.11,9.39,,1871,0.65,0.05639913232104121,0.08676789587852494,11.525,1.0481908297186076,1.0023375086948465
1871-04-01,4.74,0.26,0.4,12.56,5.33,115.54,6.34,9.75,,1871,0.65,0.05485232067510548,0.08438818565400844,11.85,1.082675777478692,1.0740557474032246
1871-05-01,4.86,0.26,0.4,12.27,5.33,121.22,6.48,9.98,,1871,0.65,0.053497942386831275,0.0823045267489712,12.15,1.115034230743702,1.1323004494756745
1871-06-01,4.82,0.26,0.4,12.08,5.34,122.11,6.59,10.13,,1871,0.65,0.05394190871369294,0.08298755186721991,12.05,1.1108279973629815,1.1457712621806913
1871-07-01,4.73,0.26,0.4,12.08,5.34,119.83,6.59,10.13,,1871,0.65,0.05496828752642706,0.08456659619450317,11.825000000000001,1.0950797442883335,1.1295276170391255
1871-08-01,4.79,0.26,0.4,11.89,5.34,123.29,6.69,10.3,,1871,0.65,0.054279749478079335,0.08350730688935282,11.975,1.113987040789436,1.1673909611636981
1871-09-01,4.84,0.26,0.4,12.18,5.35,121.66,6.54,10.05,,1871,0.65,0.05371900826446281,0.08264462809917356,12.1,1.1306542094581713,1.1566462602503131
1871-10-01,4.59,0.26,0.4,12.37,5.35,113.6,6.43,9.9,,1871,0.65,0.056644880174291944,0.08714596949891068,11.475,1.077314117620785,1.085152296326191
1871-11-01,4.64,0.26,0.4,12.37,5.35,114.84,6.43,9.9,,1871,0.65,0.0560344827586207,0.08620689655172414,11.599999999999998,1.0941349262837095,1.1020954875905433
1871-12-01,4.74,0.26,0.4,12.65,5.36,114.67,6.29,9.68,,1871,0.65,0.05485232067510548,0.08438818565400844,11.85,1.1228245274398556,1.1059599693202056
1872-01-01,4.86,0.2633,0.4025,12.65,5.36,117.57,6.37,9.74,,1872,0.6541614906832297,0.05417695473251028,0.08281893004115226,12.074534161490684,1.15638292576348,1.1390143284595224
1872-02-01,4.88,0.2667,0.405,12.65,5.38,118.05,6.45,9.8,,1872,0.6585185185185185,0.054651639344262294,0.08299180327868853,12.049382716049381,1.1663624786876352,1.1488439908654493
1872-03-01,5.04,0.27,0.4075,12.84,5.4,120.12,6.43,9.71,,1872,0.6625766871165645,0.053571428571428575,0.0808531746031746,12.368098159509204,1.2099158398923187,1.1741083617646646
1872-04-01,5.18,0.2733,0.41,13.13,5.42,120.77,6.37,9.56,,1872,0.6665853658536586,0.05276061776061776,0.07915057915057915,12.634146341463415,1.2489260232221802,1.1851956016259226
1872-05-01,5.18,0.2767,0.4125,13.13,5.43,120.77,6.45,9.62,,1872,0.6707878787878788,0.05341698841698842,0.07963320463320463,12.557575757575757,1.2544171989323896,1.190406572635002
1872-06-01,5.13,0.28,0.415,13.03,5.45,120.48,6.58,9.75,,1872,0.674698795180723,0.05458089668615985,0.08089668615984405,12.361445783132531,1.2478928572268742,1.1933035303950001
1872-07-01,5.1,0.2833,0.4175,12.84,5.47,121.55,6.75,9.95,,1872,0.678562874251497,0.05554901960784314,0.08186274509803922,12.215568862275449,1.2462711641050719,1.209387749591059
1872-08-01,5.04,0.2867,0.42,12.94,5.49,119.24,6.78,9.94,,1872,0.6826190476190477,0.056884920634920635,0.08333333333333333,12.0,1.2373782455206817,1.1914785888089408
1872-09-01,4.95,0.29,0.4225,13.03,5.51,116.25,6.81,9.92,,1872,0.6863905325443787,0.05858585858585858,0.08535353535353535,11.715976331360947,1.2211478856964166,1.16772852308345
1872-10-01,4.97,0.2933,0.425,12.75,5.52,119.33,7.04,10.2,,1872,0.6901176470588236,0.05901408450704226,0.08551307847082495,11.694117647058823,1.232043649659701,1.204020696059598
1872-11-01,4.95,0.2967,0.4275,13.13,5.54,115.41,6.92,9.97,,1872,0.6940350877192983,0.05993939393939394,0.08636363636363636,11.578947368421053,1.2331447215330555,1.1702195910359385
1872-12-01,5.07,0.3,0.43,12.94,5.56,119.95,7.1,10.17,,1872,0.6976744186046512,0.05917159763313609,0.08481262327416172,11.790697674418606,1.2691986346287871,1.2221186234524488
1873-01-01,5.11,0.3025,0.4325,12.94,5.58,120.89,7.16,10.23,,1873,0.6994219653179191,0.059197651663405085,0.08463796477495107,11.815028901734104,1.285470411995823,1.2377868109326085
1873-02-01,5.15,0.305,0.435,13.23,5.57,119.21,7.06,10.07,,1873,0.7011494252873564,0.059223300970873784,0.08446601941747572,11.839080459770116,1.3018742051691223,1.2261037487836177
1873-03-01,5.11,0.3075,0.4375,13.23,5.56,118.28,7.12,10.13,,1873,0.7028571428571428,0.06017612524461839,0.08561643835616438,11.680000000000001,1.2981876681803748,1.2226317721487128
1873-04-01,5.04,0.31,0.44,13.23,5.55,116.66,7.18,10.18,,1873,0.7045454545454546,0.061507936507936505,0.0873015873015873,11.454545454545455,1.2869142674415284,1.2120144952623917
1873-05-01,5.05,0.3125,0.4425,12.94,5.54,119.47,7.39,10.47,,1873,0.7062146892655368,0.06188118811881188,0.08762376237623763,11.412429378531073,1.2960639555202298,1.2479873945735753
1873-06-01,4.98,0.315,0.445,12.56,5.53,121.39,7.68,10.85,,1873,0.7078651685393258,0.06325301204819277,0.08935742971887549,11.191011235955058,1.284782210692888,1.2745530529644413
1873-07-01,4.97,0.3175,0.4475,12.56,5.53,121.14,7.74,10.91,,1873,0.7094972067039106,0.06388329979879276,0.09004024144869216,11.106145251396647,1.2889745221233615,1.2787119861191945
1873-08-01,4.97,0.32,0.45,12.56,5.52,121.14,7.8,10.97,,1873,0.7111111111111111,0.06438631790744467,0.09054325955734407,11.044444444444444,1.295836517609179,1.2855193478829912
1873-09-01,4.59,0.3225,0.4525,12.56,5.51,111.88,7.86,11.03,,1873,0.712707182320442,0.07026143790849673,0.09858387799564271,10.143646408839778,1.2037113191741873,1.194127630327259
1873-10-01,4.19,0.325,0.455,12.27,5.5,104.5,8.11,11.35,,1873,0.7142857142857143,0.07756563245823389,0.10859188544152744,9.20879120879121,1.1058606032772662,1.1229847690981856
1873-11-01,4.04,0.3275,0.4575,11.89,5.49,103.99,8.43,11.78,,1873,0.7158469945355191,0.08106435643564357,0.11324257425742575,8.830601092896174,1.0734193862956836,1.1248785158321462
1873-12-01,4.42,0.33,0.46,12.18,5.48,111.1,8.3,11.56,,1873,0.717391304347826,0.0746606334841629,0.10407239819004525,9.608695652173912,1.1816359137404062,1.2087999577344386
1874-01-01,4.66,0.33,0.46,12.37,5.47,115.33,8.17,11.38,,1874,0.717391304347826,0.07081545064377683,0.09871244635193133,10.130434782608695,1.253148946981483,1.2622664413410896
1874-02-01,4.8,0.33,0.46,12.37,5.44,118.8,8.17,11.38,,1874,0.717391304347826,0.06875,0.09583333333333334,10.43478260869565,1.2981923908912252,1.3076376063463757
1874-03-01,4.73,0.33,0.46,12.37,5.4,117.07,8.17,11.38,,1874,0.717391304347826,0.06976744186046512,0.09725158562367864,10.282608695652174,1.286697979096876,1.296059565040184
1874-04-01,4.6,0.33,0.46,12.18,5.37,115.63,8.3,11.56,,1874,0.717391304347826,0.07173913043478261,0.1,9.999999999999998,1.2588149890635925,1.2877532646742498
1874-05-01,4.48,0.33,0.46,12.08,5.34,113.5,8.36,11.65,,1874,0.717391304347826,0.07366071428571429,0.10267857142857142,9.73913043478261,1.2335018615661182,1.2723040724431982
1874-06-01,4.46,0.33,0.46,11.8,5.3,115.72,8.56,11.94,,1874,0.717391304347826,0.07399103139013453,0.1031390134529148,9.695652173913043,1.2355668758432934,1.304674853644698
1874-07-01,4.46,0.33,0.46,11.89,5.27,114.8,8.49,11.84,,1874,0.717391304347826,0.07399103139013453,0.1031390134529148,9.695652173913043,1.2431852814678876,1.302782893783842
1874-08-01,4.47,0.33,0.46,11.8,5.24,115.98,8.56,11.94,,1874,0.717391304347826,0.0738255033557047,0.10290827740492171,9.717391304347824,1.2536380725116198,1.323756812160575
1874-09-01,4.54,0.33,0.46,11.8,5.2,117.8,8.56,11.94,,1874,0.717391304347826,0.07268722466960353,0.10132158590308371,9.869565217391305,1.2809825271133835,1.3526307023587083
1874-10-01,4.53,0.33,0.46,11.61,5.17,119.47,8.7,12.13,,1874,0.717391304347826,0.0728476821192053,0.10154525386313466,9.847826086956522,1.2859202350923449,1.38006598873821
1874-11-01,4.57,0.33,0.46,11.51,5.14,121.52,8.77,12.23,,1874,0.717391304347826,0.07221006564551422,0.10065645514223194,9.934782608695652,1.3050812981980255,1.4127986946609383
1874-12-01,4.54,0.33,0.46,11.51,5.1,120.72,8.77,12.23,,1874,0.717391304347826,0.07268722466960353,0.10132158590308371,9.869565217391305,1.3043673587569982,1.412025828854231
1875-01-01,4.54,0.3275,0.4517,11.51,5.07,120.72,8.71,12.01,,1875,0.7250387425282268,0.07213656387665199,0.09949339207048458,10.050918751383662,1.3122682623618038,1.4205788487426652
1875-02-01,4.53,0.325,0.4433,11.51,5.03,120.46,8.64,11.79,,1875,0.7331378299120235,0.07174392935982339,0.09785871964679911,10.218813444619895,1.3172663472450652,1.4259894601801488
1875-03-01,4.59,0.3225,0.435,11.51,4.99,122.05,8.58,11.57,,1875,0.7413793103448276,0.07026143790849673,0.09477124183006536,10.551724137931034,1.3425890722794853,1.4534022450566801
1875-04-01,4.65,0.32,0.4267,11.61,4.95,122.63,8.44,11.25,,1875,0.749941410827279,0.06881720430107527,0.09176344086021505,10.8975861260839,1.368000276125734,1.4681553351013477
1875-05-01,4.47,0.3175,0.4183,11.32,4.91,120.86,8.58,11.31,,1875,0.7590246234759742,0.07102908277404922,0.09357941834451902,10.686110447047573,1.3228905896011576,1.4561145535715923
1875-06-01,4.38,0.315,0.41,11.13,4.87,120.45,8.66,11.27,,1875,0.7682926829268293,0.07191780821917808,0.09360730593607305,10.682926829268293,1.3040855173682926,1.4599196357959503
1875-07-01,4.39,0.3125,0.4017,11.13,4.83,120.72,8.59,11.05,,1875,0.7779437391087877,0.07118451025056947,0.09150341685649203,10.928553647000248,1.3148784625748222,1.4720023040145809
1875-08-01,4.41,0.31,0.3933,11.23,4.79,120.25,8.45,10.72,,1875,0.7882023900330537,0.07029478458049887,0.08918367346938774,11.212814645308926,1.3286687122060408,1.4741952051725082
1875-09-01,4.37,0.3075,0.385,11.13,4.75,120.17,8.46,10.59,,1875,0.7987012987012987,0.07036613272311212,0.08810068649885583,11.35064935064935,1.3244005020572307,1.4826621972716167
1875-10-01,4.3,0.305,0.3767,11.13,4.71,118.25,8.39,10.36,,1875,0.8096628616936554,0.07093023255813953,0.0876046511627907,11.414919033713831,1.3109519271650591,1.4676065599709467
1875-11-01,4.37,0.3025,0.3683,11.04,4.67,121.21,8.39,10.22,,1875,0.8213412978550094,0.06922196796338673,0.084279176201373,11.865327178930219,1.3400418488046717,1.512402303995128
1875-12-01,4.37,0.3,0.36,10.94,4.63,122.26,8.39,10.07,,1875,0.8333333333333334,0.06864988558352403,0.08237986270022883,12.13888888888889,1.347771876631968,1.5350308576631009
1876-01-01,4.46,0.3,0.3533,10.85,4.59,125.88,8.47,9.97,,1876,0.8491367110104726,0.06726457399103139,0.0792152466367713,12.62383243702236,1.3832395575959673,1.588494459690853
1876-02-01,4.52,0.3,0.3467,10.85,4.58,127.57,8.47,9.79,,1876,0.8653014133256417,0.06637168141592921,0.07670353982300886,13.037207960773001,1.4096017464739172,1.6187684572410148
1876-03-01,4.51,0.3,0.34,10.85,4.57,127.29,8.47,9.6,,1876,0.8823529411764705,0.06651884700665188,0.07538802660753881,13.26470588235294,1.4142796283759325,1.6241404764575227
1876-04-01,4.34,0.3,0.3333,10.75,4.56,123.57,8.54,9.49,,1876,0.9000900090009001,0.06912442396313365,0.07679723502304148,13.021302130213021,1.3688094407673934,1.5865456401824858
1876-05-01,4.18,0.3,0.3267,10.37,4.54,123.38,8.86,9.64,,1876,0.9182736455463728,0.07177033492822966,0.0781578947368421,12.794612794612794,1.326231266918638,1.5935237787662713
1876-06-01,4.15,0.3,0.32,10.09,4.53,125.97,9.11,9.71,,1876,0.9375,0.07228915662650602,0.07710843373493975,12.96875,1.324644865881654,1.635785433982697
1876-07-01,4.1,0.3,0.3133,10.09,4.52,124.45,9.11,9.51,,1876,0.957548675390999,0.07317073170731708,0.07641463414634148,13.086498563676985,1.3166650775329691,1.6259313048623187
1876-08-01,3.93,0.3,0.3067,10.18,4.51,118.17,9.02,9.22,,1876,0.9781545484186502,0.07633587786259541,0.07804071246819337,12.813824584284319,1.2701000930836326,1.5545625893734836
1876-09-01,3.69,0.3,0.3,10.28,4.5,109.93,8.94,8.94,,1876,1.0,0.08130081300813008,0.08130081300813008,12.3,1.2006162457520853,1.455221636388228
1876-10-01,3.67,0.3,0.2933,10.47,4.49,107.35,8.77,8.58,,1876,1.0228435049437437,0.08174386920980926,0.07991825613079019,12.512785543811797,1.202243097033592,1.4307496646646185
1876-11-01,3.6,0.3,0.2867,10.56,4.47,104.35,8.7,8.31,,1876,1.0463899546564353,0.08333333333333333,0.07963888888888888,12.556679455877223,1.1875016966612457,1.401162039810523
1876-12-01,3.58,0.3,0.28,10.75,4.46,101.93,8.54,7.97,,1876,1.0714285714285714,0.08379888268156424,0.0782122905027933,12.785714285714285,1.1891510045732752,1.3783089783240008
1877-01-01,3.55,0.2908,0.2817,10.94,4.45,99.32,8.14,7.88,,1877,1.0323038693645723,0.08191549295774649,0.07935211267605634,12.602058927937522,1.1874901791478933,1.352479673874109
1877-02-01,3.34,0.2817,0.2833,10.66,4.44,95.95,8.09,8.14,,1877,0.9943522767384398,0.08434131736526947,0.08482035928143712,11.789622308506884,1.1253504348437506,1.3153720842545154
1877-03-01,3.17,0.2725,0.285,10.18,4.43,95.32,8.19,8.57,,1877,0.9561403508771932,0.0859621451104101,0.08990536277602523,11.12280701754386,1.0759815808121695,1.3169676323103765
1877-04-01,2.94,0.2633,0.2867,10.47,4.42,85.99,7.7,8.39,,1877,0.9183815835367979,0.0895578231292517,0.09751700680272109,10.254621555633065,1.0056213236546967,1.1967566086664299
1877-05-01,2.94,0.2542,0.2883,10.66,4.41,84.46,7.3,8.28,,1877,0.8817204301075268,0.0864625850340136,0.09806122448979591,10.197710718002082,1.0131264283746026,1.1841984331658113
1877-06-01,2.73,0.245,0.29,10.09,4.4,82.87,7.44,8.8,,1877,0.8448275862068966,0.08974358974358974,0.10622710622710622,9.413793103448276,0.9480600490829028,1.1707461062014837
1877-07-01,2.85,0.2358,0.2917,10.18,4.39,85.7,7.09,8.77,,1877,0.8083647583133357,0.08273684210526316,0.10235087719298246,9.77031196434693,0.9968232109481253,1.2200802758756033
1877-08-01,3.05,0.2267,0.2933,9.8,4.39,95.27,7.08,9.16,,1877,0.772928741902489,0.07432786885245903,0.09616393442622952,10.39890896692806,1.0736485506971625,1.3650674430292493
1877-09-01,3.24,0.2175,0.295,9.7,4.38,102.2,6.86,9.31,,1877,0.7372881355932204,0.06712962962962962,0.09104938271604937,10.983050847457628,1.1471817425559763,1.473596341468811
1877-10-01,3.31,0.2083,0.2967,9.7,4.37,104.41,6.57,9.36,,1877,0.7020559487698012,0.06293051359516616,0.08963746223564956,11.156049882035726,1.1783840237481815,1.5136767975157055
1877-11-01,3.26,0.1992,0.2983,9.51,4.36,104.89,6.41,9.6,,1877,0.6677841099564197,0.06110429447852761,0.09150306748466258,10.928595373784779,1.1667633535039175,1.5286931003847333
1877-12-01,3.25,0.19,0.3,9.51,4.35,104.57,6.11,9.65,,1877,0.6333333333333334,0.05846153846153846,0.0923076923076923,10.833333333333334,1.1691255124404591,1.5317880005266165
1878-01-01,3.25,0.1892,0.3008,9.23,4.34,107.8,6.28,9.98,,1878,0.6289893617021276,0.05821538461538462,0.09255384615384615,10.804521276595745,1.1748212521164512,1.5859450489025984
1878-02-01,3.18,0.1883,0.3017,9.13,4.33,106.58,6.31,10.11,,1878,0.6241299303944315,0.05921383647798742,0.094874213836478,10.540271793172025,1.155216799017031,1.5765609327220378
1878-03-01,3.24,0.1875,0.3025,8.94,4.32,110.9,6.42,10.35,,1878,0.6198347107438017,0.057870370370370364,0.09336419753086418,10.710743801652894,1.1827137439475122,1.6483907438015664
1878-04-01,3.33,0.1867,0.3033,8.85,4.31,115.21,6.46,10.49,,1878,0.6155621496867788,0.05606606606606607,0.09108108108108108,10.979228486646884,1.2212705770353072,1.7194385751254158
1878-05-01,3.34,0.1858,0.3042,8.56,4.3,119.4,6.64,10.88,,1878,0.6107823800131492,0.05562874251497006,0.09107784431137726,10.979618671926362,1.2306440426503404,1.79133466955879
1878-06-01,3.41,0.185,0.305,8.37,4.29,124.68,6.76,11.15,,1878,0.6065573770491803,0.054252199413489736,0.08944281524926685,11.18032786885246,1.2621409153786518,1.8788859982817208
1878-07-01,3.48,0.1842,0.3058,8.47,4.28,125.81,6.66,11.06,,1878,0.6023544800523217,0.05293103448275862,0.08787356321839081,11.379986919555265,1.2937561264799011,1.9032114918464662
1878-08-01,3.45,0.1833,0.3067,8.56,4.27,123.34,6.55,10.96,,1878,0.5976524290837952,0.05313043478260869,0.08889855072463766,11.248777306814478,1.2883097106026222,1.8752732469753122
1878-09-01,3.52,0.1825,0.3075,8.56,4.26,125.84,6.52,10.99,,1878,0.5934959349593496,0.051846590909090905,0.08735795454545454,11.447154471544716,1.3201533658407782,1.9216251096233758
1878-10-01,3.48,0.1817,0.3083,8.47,4.25,125.81,6.57,11.15,,1878,0.5893610120012974,0.05221264367816092,0.08859195402298851,11.287706779111254,1.3108554106718002,1.9283658107403343
1878-11-01,3.47,0.1808,0.3092,8.37,4.24,126.87,6.61,11.3,,1878,0.5847347994825356,0.052103746397694516,0.08910662824207491,11.222509702457957,1.3127921869849817,1.9542880107327207
1878-12-01,3.45,0.18,0.31,8.18,4.23,129.07,6.73,11.6,,1878,0.5806451612903225,0.05217391304347826,0.08985507246376812,11.129032258064516,1.310925777343543,1.9968380422616807
1879-01-01,3.58,0.1817,0.3158,8.28,4.22,132.4,6.72,11.68,,1879,0.5753641545281823,0.050754189944134075,0.0882122905027933,11.336288790373654,1.3660226578405903,2.0556331300354778
1879-02-01,3.71,0.1833,0.3217,8.37,4.2,135.64,6.7,11.76,,1879,0.5697855144544607,0.04940700808625337,0.08671159029649596,11.532483680447623,1.4214044470203144,2.1159736451461315
1879-03-01,3.65,0.185,0.3275,8.28,4.19,134.99,6.84,12.11,,1879,0.564885496183206,0.050684931506849315,0.08972602739726028,11.14503816793893,1.4042690524399954,2.113187487125887
1879-04-01,3.77,0.1867,0.3333,8.18,4.17,141.04,6.98,12.47,,1879,0.5601560156015601,0.049522546419098146,0.08840848806366047,11.311131113111312,1.456368075504265,2.2183797335920716
1879-05-01,3.94,0.1883,0.3392,8.18,4.15,147.4,7.04,12.69,,1879,0.555129716981132,0.047791878172588835,0.08609137055837564,11.61556603773585,1.5280501001224205,2.3275677564211934
1879-06-01,3.96,0.19,0.345,8.09,4.14,149.9,7.19,13.06,,1879,0.5507246376811594,0.04797979797979798,0.08712121212121211,11.478260869565219,1.5418923983009827,2.3747811227231455
1879-07-01,4.04,0.1917,0.3508,8.18,4.12,151.15,7.17,13.12,,1879,0.5464652223489168,0.04745049504950495,0.08683168316831683,11.516533637400228,1.5792067134955559,2.4054909107768494
1879-08-01,4.07,0.1933,0.3567,8.18,4.1,152.27,7.23,13.35,,1879,0.5419119708438463,0.04749385749385749,0.08764127764127765,11.410148584244464,1.5971780077165851,2.4328652782577818
1879-09-01,4.22,0.195,0.3625,8.47,4.09,152.56,7.05,13.1,,1879,0.5379310344827587,0.04620853080568721,0.08590047393364929,11.641379310344828,1.6623634074459352,2.4454602192179875
1879-10-01,4.68,0.1967,0.3683,8.94,4.07,160.19,6.73,12.61,,1879,0.5340754819440674,0.04202991452991454,0.07869658119658121,12.707032310616343,1.8499701782507045,2.57837006946351
1879-11-01,4.93,0.1983,0.3742,9.42,4.05,160.22,6.44,12.16,,1879,0.5299305184393373,0.04022312373225152,0.0759026369168357,13.174772848743988,1.955272878906225,2.5862738929056865
1879-12-01,4.92,0.2,0.38,9.7,4.04,155.2,6.31,11.99,,1879,0.5263157894736842,0.04065040650406505,0.07723577235772358,12.947368421052632,1.9578607400694836,2.5149427650789455
1880-01-01,5.11,0.205,0.3892,9.99,4.02,156.58,6.28,11.93,,1880,0.52672147995889,0.040117416829745595,0.07616438356164383,13.129496402877699,2.0401015028637306,2.5445109835517603
1880-02-01,5.2,0.21,0.3983,9.99,3.99,159.34,6.43,12.2,,1880,0.5272407732864675,0.04038461538461538,0.07659615384615384,13.05548581471253,2.082853140684668,2.5978328461392355
1880-03-01,5.3,0.215,0.4075,10.09,3.97,160.87,6.53,12.37,,1880,0.5276073619631902,0.040566037735849055,0.07688679245283019,13.006134969325155,2.1299176106905233,2.6302054934790804
1880-04-01,5.18,0.22,0.4167,9.7,3.94,163.4,6.94,13.14,,1880,0.5279577633789296,0.042471042471042476,0.08044401544401546,12.431005519558434,2.088893254195305,2.6832587574508766
1880-05-01,4.77,0.225,0.4258,9.42,3.91,155.02,7.31,13.84,,1880,0.5284170972287459,0.04716981132075472,0.08926624737945493,11.202442461249412,1.930949266185042,2.554100621726712
1880-06-01,4.79,0.23,0.435,9.23,3.89,158.88,7.63,14.43,,1880,0.5287356321839081,0.048016701461377875,0.09081419624217119,11.011494252873563,1.9466356989030025,2.6278527419644
1880-07-01,5.01,0.235,0.4442,9.23,3.86,166.18,7.79,14.73,,1880,0.5290409725348941,0.046906187624750496,0.0886626746506986,11.278703286807744,2.043832018594227,2.7590625083081335
1880-08-01,5.19,0.24,0.4533,9.23,3.83,172.15,7.96,15.04,,1880,0.5294506949040371,0.046242774566473986,0.08734104046242773,11.449371277299802,2.1252521397607804,2.868975261258865
1880-09-01,5.18,0.245,0.4625,9.32,3.81,170.07,8.04,15.18,,1880,0.5297297297297296,0.0472972972972973,0.0892857142857143,11.2,2.129347037910608,2.8467450742882163
1880-10-01,5.33,0.25,0.4717,9.32,3.78,174.99,8.21,15.49,,1880,0.5299978800084799,0.04690431519699812,0.08849906191369607,11.299554801780793,2.1994003630799646,2.940400056220639
1880-11-01,5.61,0.255,0.4808,9.42,3.75,182.32,8.29,15.63,,1880,0.5303660565723793,0.045454545454545456,0.08570409982174687,11.668053244592347,2.3235378757553664,3.0733844938335317
1880-12-01,5.84,0.26,0.49,9.51,3.73,187.9,8.37,15.77,,1880,0.5306122448979592,0.044520547945205484,0.0839041095890411,11.918367346938776,2.427600066714999,3.1806410968737002
1881-01-01,6.19,0.265,0.4858,9.42,3.7,201.17,8.61,15.79,18.47,1881,0.5454919720049404,0.04281098546042003,0.07848142164781906,12.741869081926719,2.5820963038375573,3.4153842829953254
1881-02-01,6.17,0.27,0.4817,9.51,3.69,198.52,8.69,15.5,18.15,1881,0.560514843263442,0.04376012965964344,0.07807131280388979,12.808802159020136,2.5829653454045456,3.3842006523386585
1881-03-01,6.24,0.275,0.4775,9.51,3.69,200.77,8.85,15.36,18.27,1881,0.5759162303664922,0.044070512820512824,0.07652243589743589,13.068062827225132,2.6216888939377587,3.4349362374831207
1881-04-01,6.22,0.28,0.4733,9.61,3.68,198.15,8.92,15.08,17.95,1881,0.5915909571096557,0.045016077170418015,0.07609324758842444,13.141770547221634,2.6229143094197003,3.4007817164796537
1881-05-01,6.5,0.285,0.4692,9.51,3.67,209.13,9.17,15.1,18.87,1881,0.6074168797953964,0.04384615384615384,0.07218461538461539,13.853367433930094,2.7508270651309505,3.604133042222045
1881-06-01,6.58,0.29,0.465,9.51,3.67,211.71,9.33,14.96,19.03,1881,0.6236559139784945,0.044072948328267476,0.07066869300911854,14.150537634408602,2.7947344971320796,3.661660550395974
1881-07-01,6.35,0.295,0.4608,9.61,3.66,202.29,9.4,14.68,18.12,1881,0.6401909722222222,0.046456692913385826,0.07256692913385827,13.780381944444445,2.7073105583286825,3.5102070298413515
1881-08-01,6.2,0.3,0.4567,9.8,3.65,193.67,9.37,14.27,17.29,1881,0.6568863586599518,0.04838709677419355,0.07366129032258065,13.575651412305671,2.6538393983511934,3.3741672350465173
1881-09-01,6.25,0.305,0.4525,10.18,3.65,187.94,9.17,13.61,16.72,1881,0.6740331491712707,0.048799999999999996,0.0724,13.812154696132596,2.6859422942989903,3.287508937815857
1881-10-01,6.15,0.31,0.4483,10.28,3.64,183.22,9.24,13.36,16.26,1881,0.6915012268570154,0.050406504065040644,0.07289430894308942,13.71849208119563,2.6538900495870226,3.2166799628262943
1881-11-01,6.19,0.315,0.4442,10.18,3.63,186.13,9.47,13.36,16.48,1881,0.7091400270148582,0.05088852988691438,0.07176090468497576,13.935164340387214,2.6822988997113284,3.283049537367697
1881-12-01,6.01,0.32,0.44,10.18,3.63,180.72,9.62,13.23,15.96,1881,0.7272727272727273,0.05324459234608985,0.07321131447587355,13.659090909090908,2.615674754989096,3.2015036785033537
1882-01-01,5.92,0.32,0.4392,10.18,3.62,178.01,9.62,13.21,15.68,1882,0.7285974499089254,0.05405405405405406,0.07418918918918918,13.479052823315119,2.5881107947313073,3.1677662575984376
1882-02-01,5.79,0.32,0.4383,10.28,3.62,172.49,9.53,13.06,15.15,1882,0.730093543235227,0.055267702936096716,0.07569948186528498,13.210130047912388,2.5429354373908395,3.082196065164384
1882-03-01,5.78,0.32,0.4375,10.28,3.62,172.19,9.53,13.03,15.09,1882,0.7314285714285714,0.05536332179930796,0.07569204152249134,13.211428571428572,2.5502553436585162,3.091068247274817
1882-04-01,5.78,0.32,0.4367,10.37,3.62,170.61,9.45,12.89,14.92,1882,0.7327684909548889,0.05536332179930796,0.07555363321799308,13.235630867872683,2.562021227596964,3.0783784470451474
1882-05-01,5.71,0.32,0.4358,10.47,3.62,167.02,9.36,12.75,14.57,1882,0.7342817806333181,0.05604203152364273,0.07632224168126095,13.102340523175767,2.542813455994449,3.02611801926369
1882-06-01,5.68,0.32,0.435,10.56,3.62,164.64,9.28,12.61,14.33,1882,0.735632183908046,0.056338028169014086,0.07658450704225353,13.057471264367816,2.541329034829245,2.998575736171628
1882-07-01,6.0,0.32,0.4342,10.47,3.62,175.5,9.36,12.7,15.24,1882,0.7369875633348688,0.05333333333333334,0.07236666666666666,13.81851681252879,2.696433623809434,3.20893628965287
1882-08-01,6.18,0.32,0.4333,10.56,3.63,179.13,9.28,12.56,15.53,1882,0.7385183475651973,0.05177993527508091,0.07011326860841424,14.262635587352872,2.7893107819628704,3.291175411293311
1882-09-01,6.24,0.32,0.4325,10.28,3.63,185.9,9.53,12.88,16.08,1882,0.7398843930635839,0.05128205128205128,0.06931089743589744,14.427745664739884,2.8284273301457374,3.428230012997655
1882-10-01,6.07,0.32,0.4317,10.18,3.63,182.52,9.62,12.98,15.76,1882,0.7412555015056753,0.05271828665568369,0.07112026359143327,14.060690294185779,2.763458112626364,3.382385862802014
1882-11-01,5.81,0.32,0.4308,10.09,3.63,176.35,9.71,13.08,15.19,1882,0.7428040854224698,0.055077452667814115,0.07414802065404476,13.486536675951717,2.657229629439189,3.281375736651367
1882-12-01,5.84,0.32,0.43,9.99,3.63,178.95,9.81,13.18,15.38,1882,0.7441860465116279,0.05479452054794521,0.07363013698630137,13.581395348837209,2.6831463842874195,3.3465469417638887
1883-01-01,5.81,0.3208,0.4275,9.99,3.63,178.03,9.83,13.1,15.27,1883,0.7504093567251462,0.055215146299483646,0.07358003442340792,13.5906432748538,2.68161490804068,3.3446368122309185
1883-02-01,5.68,0.3217,0.425,10.09,3.63,172.41,9.76,12.9,14.76,1883,0.7569411764705882,0.05663732394366197,0.07482394366197183,13.364705882352942,2.6339520108226075,3.252630530708592
1883-03-01,5.75,0.3225,0.4225,9.99,3.63,176.19,9.88,12.95,15.05,1883,0.7633136094674556,0.05608695652173913,0.07347826086956522,13.609467455621303,2.6788443531197412,3.34118124523243
1883-04-01,5.87,0.3233,0.42,9.9,3.63,181.6,10.0,12.99,15.48,1883,0.7697619047619048,0.055076660988074955,0.07155025553662692,13.976190476190476,2.747271355617909,3.4576768778787015
1883-05-01,5.77,0.3242,0.4175,9.8,3.63,180.24,10.13,13.04,15.34,1883,0.7765269461077844,0.056187175043327556,0.07235701906412478,13.820359281437126,2.7130786696799443,3.4494857371645002
1883-06-01,5.82,0.325,0.415,9.51,3.63,187.26,10.46,13.35,15.9,1883,0.783132530120482,0.055841924398625425,0.07130584192439862,14.02409638554217,2.7492922356319696,3.602122108935262
1883-07-01,5.73,0.3258,0.4125,9.32,3.62,188.12,10.7,13.54,15.95,1883,0.7898181818181819,0.05685863874345549,0.07198952879581151,13.890909090909092,2.7195712213435654,3.6358216113670414
1883-08-01,5.47,0.3267,0.41,9.32,3.62,179.59,10.73,13.46,15.2,1883,0.796829268292683,0.059725776965265084,0.07495429616087751,13.341463414634147,2.6090560103680245,3.488072734891157
1883-09-01,5.53,0.3275,0.4075,9.23,3.62,183.43,10.86,13.52,15.49,1883,0.8036809815950922,0.05922242314647378,0.0736889692585895,13.570552147239265,2.650660198760045,3.5782476789328452
1883-10-01,5.38,0.3283,0.405,9.23,3.62,178.45,10.89,13.43,15.05,1883,0.8106172839506172,0.06102230483271375,0.07527881040892194,13.28395061728395,2.591843183349042,3.498847894315175
1883-11-01,5.46,0.3292,0.4025,9.13,3.62,182.99,11.03,13.49,15.41,1883,0.8178881987577639,0.06029304029304029,0.07371794871794872,13.565217391304348,2.643563622833376,3.607754955148287
1883-12-01,5.34,0.33,0.4,9.23,3.62,177.13,10.95,13.27,14.9,1883,0.825,0.06179775280898877,0.0749063670411985,13.35,2.598745697432837,3.5081659144109585
1884-01-01,5.18,0.3283,0.3925,9.23,3.62,171.82,10.89,13.02,14.43,1884,0.8364331210191082,0.06337837837837838,0.07577220077220077,13.197452229299362,2.5342637114946625,3.4211187264597505
1884-02-01,5.32,0.3267,0.385,9.23,3.61,176.46,10.84,12.77,14.81,1884,0.8485714285714285,0.06140977443609022,0.07236842105263158,13.818181818181818,2.616142119020318,3.5316501411693566
1884-03-01,5.3,0.325,0.3775,9.23,3.6,175.8,10.78,12.52,14.74,1884,0.8609271523178809,0.06132075471698114,0.07122641509433962,14.039735099337747,2.6196950563906034,3.536446414152429
1884-04-01,5.06,0.3233,0.37,9.04,3.59,171.37,10.95,12.53,14.35,1884,0.8737837837837837,0.06389328063241106,0.07312252964426878,13.675675675675675,2.5144541622227106,3.4657189005857276
1884-05-01,4.65,0.3217,0.3625,8.85,3.59,160.87,11.13,12.54,13.47,1884,0.887448275862069,0.06918279569892473,0.07795698924731181,12.827586206896553,2.3241018656566843,3.272125338540372
1884-06-01,4.46,0.32,0.355,8.85,3.58,154.3,11.07,12.28,12.91,1884,0.9014084507042254,0.07174887892376682,0.0795964125560538,12.563380281690142,2.242537552332034,3.1572901584245363
1884-07-01,4.46,0.3183,0.3475,8.75,3.57,155.98,11.13,12.15,13.04,1884,0.9159712230215828,0.07136771300448431,0.07791479820627802,12.83453237410072,2.255945848609057,3.2124668884192973
1884-08-01,4.74,0.3167,0.34,8.75,3.56,165.77,11.08,11.89,13.86,1884,0.931470588235294,0.06681434599156118,0.07172995780590717,13.941176470588236,2.410991543955445,3.4332519585925536
1884-09-01,4.59,0.315,0.3325,8.66,3.55,162.29,11.14,11.76,13.57,1884,0.9473684210526315,0.06862745098039216,0.0724400871459695,13.804511278195488,2.348118411797408,3.378470601731606
1884-10-01,4.44,0.3133,0.325,8.56,3.54,158.73,11.2,11.62,13.27,1884,0.9640000000000001,0.07056306306306306,0.0731981981981982,13.661538461538463,2.284811297753851,3.325788407711797
1884-11-01,4.35,0.3117,0.3175,8.37,3.54,159.04,11.4,11.61,13.3,1884,0.9817322834645669,0.0716551724137931,0.07298850574712644,13.700787401574802,2.2519328288726967,3.3523396711772766
1884-12-01,4.34,0.31,0.31,8.28,3.53,160.5,11.46,11.46,13.43,1884,1.0,0.07142857142857142,0.07142857142857142,14.0,2.2602028580545914,3.4012231414686247
1885-01-01,4.24,0.3042,0.3067,8.28,3.52,156.8,11.25,11.34,13.13,1885,0.9918487120965114,0.07174528301886793,0.07233490566037735,13.824584284316924,2.2215780396277753,3.343099320502667
1885-02-01,4.37,0.2983,0.3033,8.37,3.51,159.78,10.91,11.09,13.38,1885,0.9835146719419716,0.06826086956521739,0.0694050343249428,14.408176722716782,2.302974772754232,3.428323257887423
1885-03-01,4.38,0.2925,0.3,8.18,3.5,163.87,10.94,11.22,13.73,1885,0.975,0.06678082191780822,0.0684931506849315,14.6,2.321344992957189,3.5359362606658413
1885-04-01,4.37,0.2867,0.2967,8.28,3.48,161.61,10.6,10.97,13.55,1885,0.9662959218065386,0.06560640732265446,0.06789473684210527,14.728682170542635,2.3289635624260843,3.504696375341668
1885-05-01,4.32,0.2808,0.2933,8.09,3.47,163.52,10.63,11.1,13.71,1885,0.9573815206273439,0.06499999999999999,0.06789351851851852,14.728946471189909,2.3150492930876387,3.56557653793226
1885-06-01,4.3,0.275,0.29,7.9,3.46,166.69,10.66,11.24,13.98,1885,0.9482758620689656,0.06395348837209303,0.06744186046511627,14.827586206896552,2.316871322623865,3.654204643024476
1885-07-01,4.46,0.2692,0.2867,7.99,3.44,170.83,10.31,10.98,14.33,1885,0.9389605859783745,0.060358744394618837,0.06428251121076234,15.55633065922567,2.4154281550494345,3.7667377737066277
1885-08-01,4.71,0.2633,0.2833,7.99,3.43,180.41,10.09,10.85,15.13,1885,0.9294034592304976,0.05590233545647558,0.060148619957537154,16.62548535121779,2.5629714608134035,3.996824080317273
1885-09-01,4.65,0.2575,0.28,7.9,3.42,180.26,9.98,10.85,15.12,1885,0.9196428571428571,0.0553763440860215,0.060215053763440864,16.607142857142858,2.5422618170385722,4.009693954468432
1885-10-01,4.92,0.2517,0.2767,7.9,3.41,190.72,9.76,10.73,15.99,1885,0.9096494398265268,0.05115853658536585,0.05623983739837399,17.780990242139502,2.7016087830796542,4.2610184097686705
1885-11-01,5.24,0.2458,0.2733,7.99,3.4,200.71,9.41,10.47,16.82,1885,0.8993779729235273,0.04690839694656488,0.05215648854961832,19.173069886571536,2.8888407047891227,4.505000648519709
1885-12-01,5.2,0.24,0.27,8.18,3.38,194.54,8.98,10.1,16.3,1885,0.8888888888888888,0.04615384615384615,0.051923076923076926,19.25925925925926,2.8780810595432316,4.3839718828739205
1886-01-01,5.2,0.2383,0.275,7.99,3.37,199.18,9.13,10.53,16.69,1886,0.8665454545454545,0.04582692307692308,0.052884615384615384,18.909090909090907,2.8891506020799365,4.505483917636547
1886-02-01,5.3,0.2367,0.28,7.99,3.38,203.01,9.07,10.72,17.01,1886,0.8453571428571428,0.044660377358490565,0.05283018867924529,18.928571428571427,2.9557445974480707,4.609333877872712
1886-03-01,5.19,0.235,0.285,7.9,3.4,201.19,9.11,11.05,16.84,1886,0.8245614035087719,0.04527938342967244,0.054913294797687855,18.210526315789476,2.905399343950972,4.582439977927736
1886-04-01,5.12,0.2333,0.29,7.8,3.41,200.9,9.15,11.38,16.8,1886,0.8044827586206897,0.045566406250000004,0.05664062499999999,17.655172413793107,2.877175731184589,4.5961037962256395
1886-05-01,5.02,0.2317,0.295,7.61,3.42,201.9,9.32,11.86,16.86,1886,0.7854237288135594,0.046155378486055776,0.05876494023904383,17.016949152542374,2.831906105869873,4.636734570189043
1886-06-01,5.25,0.23,0.3,7.52,3.43,213.82,9.37,12.22,17.83,1886,0.7666666666666667,0.04380952380952381,0.05714285714285714,17.5,2.9725471001748356,4.925257562257773
1886-07-01,5.33,0.2283,0.305,7.61,3.44,214.36,9.18,12.27,17.85,1886,0.7485245901639345,0.042833020637898685,0.05722326454033771,17.475409836065573,3.028695212067027,4.958941175079522
1886-08-01,5.37,0.2267,0.31,7.71,3.46,213.31,9.0,12.31,17.72,1886,0.7312903225806452,0.042216014897579146,0.05772811918063315,17.322580645161292,3.062235312422047,4.948826458207355
1886-09-01,5.51,0.225,0.315,7.71,3.47,218.87,8.94,12.51,18.15,1886,0.7142857142857143,0.04083484573502723,0.05716878402903811,17.49206349206349,3.15284307266716,5.0952561200301965
1886-10-01,5.65,0.2233,0.32,7.71,3.48,224.43,8.87,12.71,18.56,1886,0.6978125,0.03952212389380531,0.05663716814159292,17.65625,3.24368042979709,5.242056829477527
1886-11-01,5.79,0.2217,0.325,7.71,3.5,229.99,8.81,12.91,18.97,1886,0.6821538461538461,0.03829015544041451,0.05613126079447323,17.815384615384616,3.3347379071132073,5.389213271417712
1886-12-01,5.64,0.22,0.33,7.8,3.51,221.3,8.63,12.95,18.19,1886,0.6666666666666666,0.03900709219858156,0.05851063829787235,17.09090909090909,3.2589863694218315,5.206021815768722
1887-01-01,5.58,0.2225,0.3325,7.99,3.52,213.73,8.52,12.74,17.51,1887,0.6691729323308271,0.039874551971326166,0.059587813620071685,16.781954887218046,3.2349099334775215,5.044678068977462
1887-02-01,5.54,0.225,0.335,8.09,3.53,209.7,8.52,12.68,17.13,1887,0.6716417910447761,0.04061371841155235,0.06046931407942239,16.53731343283582,3.222469830313387,4.963161197244105
1887-03-01,5.67,0.2275,0.3375,8.09,3.55,214.62,8.61,12.78,17.47,1887,0.674074074074074,0.04012345679012346,0.05952380952380953,16.799999999999997,3.308993726930556,5.0964229712675815
1887-04-01,5.8,0.23,0.34,8.09,3.56,219.54,8.71,12.87,17.82,1887,0.676470588235294,0.039655172413793106,0.05862068965517242,17.058823529411764,3.3959253302063988,5.230312684100338
1887-05-01,5.9,0.2325,0.3425,8.09,3.57,223.33,8.8,12.96,18.08,1887,0.6788321167883211,0.039406779661016945,0.05805084745762712,17.226277372262775,3.465697933973571,5.337774568270791
1887-06-01,5.73,0.235,0.345,7.99,3.58,219.48,9.0,13.21,17.71,1887,0.6811594202898551,0.04101221640488656,0.06020942408376963,16.608695652173914,3.377219840532085,5.266603155573189
1887-07-01,5.59,0.2375,0.3475,7.9,3.59,216.69,9.21,13.47,17.43,1887,0.6834532374100719,0.042486583184257604,0.06216457960644007,16.086330935251798,3.3062471431852427,5.214663215707358
1887-08-01,5.45,0.24,0.35,7.99,3.61,208.75,9.19,13.41,16.74,1887,0.6857142857142857,0.04403669724770642,0.06422018348623852,15.571428571428573,3.2351490289329363,5.045050926220825
1887-09-01,5.38,0.2425,0.3525,7.9,3.62,208.55,9.4,13.66,16.68,1887,0.6879432624113475,0.04507434944237918,0.06552044609665428,15.26241134751773,3.2054687626124503,5.055714023057106
1887-10-01,5.2,0.245,0.355,7.99,3.63,199.18,9.38,13.6,15.88,1887,0.6901408450704225,0.047115384615384615,0.06826923076923076,14.647887323943664,3.1102629640946473,4.8502974383753825
1887-11-01,5.3,0.2475,0.3575,8.09,3.65,200.62,9.37,13.53,15.95,1887,0.6923076923076923,0.04669811320754717,0.06745283018867924,14.825174825174825,3.1822874830548513,4.90127342878411
1887-12-01,5.27,0.25,0.36,8.28,3.66,194.9,9.25,13.31,15.46,1887,0.6944444444444444,0.04743833017077799,0.0683111954459203,14.638888888888888,3.1766584367994475,4.780333831222357
1888-01-01,5.31,0.2483,0.3517,8.37,3.67,194.14,9.08,12.86,15.36,1888,0.7059994313335228,0.04676082862523541,0.06623352165725048,15.098094967301677,3.2133276439288525,4.78352000517963
1888-02-01,5.28,0.2467,0.3433,8.28,3.65,195.27,9.12,12.7,15.42,1888,0.7186134576172444,0.04672348484848485,0.06501893939393939,15.380133993591611,3.2076947390665356,4.827038218450367
1888-03-01,5.08,0.245,0.335,8.28,3.63,187.87,9.06,12.39,14.81,1888,0.7313432835820894,0.04822834645669291,0.06594488188976379,15.164179104477611,3.0986807068438087,4.662990532279451
1888-04-01,5.1,0.2433,0.3267,8.18,3.62,190.8,9.1,12.22,15.02,1888,0.7447199265381084,0.047705882352941174,0.06405882352941177,15.610651974288338,3.1233339244097413,4.75754776260946
1888-05-01,5.17,0.2417,0.3183,8.09,3.6,195.7,9.15,12.05,15.39,1888,0.7593465284322966,0.0467504835589942,0.06156673114119923,16.242538485705307,3.1786199969638766,4.895624865533981
1888-06-01,5.01,0.24,0.31,7.99,3.58,191.9,9.19,11.87,15.08,1888,0.7741935483870968,0.04790419161676647,0.061876247504990024,16.161290322580644,3.0926322803148683,4.8228032806912715
1888-07-01,5.14,0.2383,0.3017,8.09,3.56,194.56,9.02,11.42,15.28,1888,0.7898574743122306,0.04636186770428016,0.058696498054474716,17.036791514749748,3.185226061162619,4.905799347600277
1888-08-01,5.25,0.2367,0.2933,8.09,3.54,198.73,8.96,11.1,15.6,1888,0.8070235254006136,0.045085714285714285,0.05586666666666667,17.899761336515514,3.265698463417965,5.029740773076372
1888-09-01,5.38,0.235,0.285,8.09,3.52,203.65,8.9,10.79,15.99,1888,0.8245614035087719,0.04368029739776952,0.05297397769516728,18.87719298245614,3.3588330734056324,5.173184189695203
1888-10-01,5.35,0.2333,0.2767,8.18,3.5,200.16,8.73,10.35,15.72,1888,0.8431514275388508,0.04360747663551402,0.0517196261682243,19.335019877123237,3.3523297565813492,5.106360484963767
1888-11-01,5.24,0.2317,0.2683,8.28,3.49,193.79,8.57,9.92,15.22,1888,0.8635855385762207,0.044217557251908395,0.05120229007633587,19.530376444278794,3.295585570499154,4.959299058987858
1888-12-01,5.14,0.23,0.26,8.28,3.47,190.09,8.51,9.62,14.95,1888,0.8846153846153846,0.044747081712062264,0.050583657587548646,19.769230769230766,3.244836278070491,4.882929954680956
1889-01-01,5.24,0.2292,0.2633,7.99,3.45,200.71,8.78,10.09,15.8,1889,0.8704899354348652,0.04374045801526717,0.05024809160305343,19.90125332320547,3.320065134711879,5.177473288924908
1889-02-01,5.3,0.2283,0.2667,7.9,3.45,205.45,8.85,10.34,16.19,1889,0.8560179977502812,0.04307547169811321,0.05032075471698113,19.872515935508062,3.3701829118408306,5.315503681207184
1889-03-01,5.19,0.2275,0.27,7.8,3.44,203.64,8.93,10.59,16.07,1889,0.8425925925925926,0.04383429672447013,0.05202312138728324,19.22222222222222,3.312333404217299,5.291240284172763
1889-04-01,5.18,0.2267,0.2733,7.8,3.44,203.25,8.9,10.72,16.05,1889,0.8294914013904136,0.04376447876447877,0.05276061776061776,18.953530918404685,3.3180507427040253,5.300373365909252
1889-05-01,5.32,0.2258,0.2767,7.61,3.44,213.96,9.08,11.13,16.92,1889,0.8160462594868089,0.04244360902255639,0.05201127819548872,19.226599204915072,3.419828853243179,5.59935184118397
1889-06-01,5.41,0.225,0.28,7.61,3.44,217.58,9.05,11.26,17.22,1889,0.8035714285714285,0.041589648798521256,0.051756007393715345,19.32142857142857,3.489778923991377,5.713882443223727
1889-07-01,5.3,0.2242,0.2833,7.61,3.44,213.16,9.02,11.39,16.89,1889,0.7913872220261208,0.042301886792452836,0.053452830188679246,18.70808330391811,3.43091712605899,5.61750688445401
1889-08-01,5.37,0.2233,0.2867,7.61,3.43,215.97,8.98,11.53,17.13,1889,0.77886292291594,0.0415828677839851,0.05338919925512104,18.730380188350193,3.488325648158864,5.711502966630676
1889-09-01,5.5,0.2225,0.29,7.71,3.43,218.47,8.84,11.52,17.35,1889,0.7672413793103449,0.04045454545454546,0.05272727272727273,18.965517241379313,3.5848608922364815,5.7934327778555845
1889-10-01,5.4,0.2217,0.2933,7.71,3.43,214.5,8.81,11.65,17.05,1889,0.7558813501534265,0.041055555555555553,0.05431481481481481,18.411183088987386,3.531766929779495,5.7076285272441645
1889-11-01,5.35,0.2208,0.2967,7.71,3.43,212.51,8.77,11.79,16.91,1889,0.7441860465116279,0.04127102803738318,0.05545794392523365,18.03168183350185,3.511148605249624,5.674307603295761
1889-12-01,5.32,0.22,0.3,7.8,3.42,208.74,8.63,11.77,16.61,1889,0.7333333333333334,0.041353383458646614,0.05639097744360902,17.733333333333334,3.5035356475260926,5.596673611304503
1890-01-01,5.38,0.22,0.2992,7.61,3.42,216.37,8.85,12.03,17.22,1890,0.7352941176470588,0.040892193308550186,0.05561338289962826,17.981283422459892,3.5551227952183626,5.820871225810881
1890-02-01,5.32,0.22,0.2983,7.61,3.44,213.96,8.85,12.0,17.03,1890,0.7375125712370098,0.041353383458646614,0.05607142857142857,17.8343949044586,3.5275893163210705,5.775790128956707
1890-03-01,5.28,0.22,0.2975,7.61,3.45,212.35,8.85,11.96,16.9,1890,0.7394957983193278,0.041666666666666664,0.05634469696969696,17.747899159663866,3.513222567852344,5.752267174170855
1890-04-01,5.39,0.22,0.2967,7.61,3.47,216.78,8.85,11.93,17.26,1890,0.7414897202561509,0.04081632653061225,0.05504638218923934,18.166498146275696,3.598613394154311,5.892079223543064
1890-05-01,5.62,0.22,0.2958,7.71,3.49,223.24,8.74,11.75,17.79,1890,0.7437457741717376,0.03914590747330961,0.05263345195729537,18.999323867478026,3.7644122178181934,6.083602624385822
1890-06-01,5.58,0.22,0.295,7.71,3.5,221.65,8.74,11.72,17.68,1890,0.7457627118644068,0.03942652329749104,0.0528673835125448,18.91525423728814,3.7498993593271983,6.060148640365355
1890-07-01,5.54,0.22,0.2942,7.71,3.52,220.06,8.74,11.69,17.59,1890,0.7477906186267844,0.039711191335740074,0.053104693140794225,18.830727396329028,3.7353388182067526,6.036617597257606
1890-08-01,5.41,0.22,0.2933,7.99,3.54,207.22,8.43,11.23,16.6,1890,0.7500852369587453,0.04066543438077634,0.054214417744916824,18.44527787248551,3.660047692809685,5.707658855119984
1890-09-01,5.32,0.22,0.2925,8.09,3.55,201.38,8.33,11.07,16.17,1890,0.7521367521367522,0.041353383458646614,0.05498120300751879,18.18803418803419,3.6115627726646395,5.562431662225144
1890-10-01,5.08,0.22,0.2917,8.09,3.57,192.29,8.33,11.04,15.48,1890,0.7541995200548508,0.04330708661417323,0.05742125984251969,17.415152553993828,3.4610809904702795,5.330663676299096
1890-11-01,4.71,0.22,0.2908,7.9,3.59,182.58,8.53,11.27,14.75,1890,0.7565337001375516,0.046709129511677286,0.06174097664543524,16.196698762035762,3.221485160749404,5.080975329485769
1890-12-01,4.6,0.22,0.29,7.9,3.6,178.32,8.53,11.24,14.44,1890,0.7586206896551725,0.04782608695652174,0.06304347826086956,15.862068965517242,3.1587881742521575,4.982088690023024
1891-01-01,4.84,0.22,0.2942,7.8,3.62,189.91,8.63,11.54,15.43,1891,0.7477906186267844,0.045454545454545456,0.060785123966942155,16.451393609789257,3.3361838869366087,5.329339901439763
1891-02-01,4.9,0.22,0.2983,7.9,3.62,189.95,8.53,11.56,15.48,1891,0.7375125712370098,0.044897959183673466,0.06087755102040816,16.426416359369764,3.390178598605349,5.3470411821041335
1891-03-01,4.81,0.22,0.3025,7.99,3.62,184.24,8.43,11.59,15.05,1891,0.7272727272727273,0.04573804573804574,0.0628898128898129,15.900826446280991,3.3405943537958147,5.209487565493849
1891-04-01,4.97,0.22,0.3067,8.09,3.61,188.13,8.33,11.61,15.41,1891,0.7173133355070102,0.044265593561368215,0.061710261569416495,16.204760352135636,3.4644486836143016,5.335850506530804
1891-05-01,4.95,0.22,0.3108,7.99,3.61,189.6,8.43,11.9,15.57,1891,0.7078507078507078,0.044444444444444446,0.0627878787878788,15.926640926640927,3.463286896664733,5.40082036701409
1891-06-01,4.85,0.22,0.315,7.8,3.61,190.3,8.63,12.36,15.66,1891,0.6984126984126984,0.04536082474226805,0.06494845360824743,15.396825396825395,3.4061484933190855,5.441103875225104
1891-07-01,4.77,0.22,0.3192,7.71,3.61,189.47,8.74,12.68,15.62,1891,0.6892230576441103,0.04612159329140462,0.06691823899371069,14.943609022556391,3.36284007605008,5.434628709154863
1891-08-01,4.93,0.22,0.3233,7.71,3.61,195.83,8.74,12.84,16.16,1891,0.6804825239715435,0.04462474645030426,0.06557809330628803,15.248994741725951,3.4885647050288915,5.637810145870296
1891-09-01,5.33,0.22,0.3275,7.61,3.61,214.36,8.85,13.17,17.71,1891,0.6717557251908397,0.04127579737335835,0.06144465290806755,16.27480916030534,3.78458557756515,6.19657507180838
1891-10-01,5.33,0.22,0.3317,7.61,3.6,214.36,8.85,13.34,17.72,1891,0.6632499246306904,0.04127579737335835,0.062232645403377106,16.06873681037082,3.7976032265186257,6.217889119897777
1891-11-01,5.25,0.22,0.3358,7.52,3.6,213.82,8.96,13.68,17.67,1891,0.6551518761167362,0.0419047619047619,0.06396190476190476,15.634306134603932,3.75366597843195,6.219505065327407
1891-12-01,5.41,0.22,0.34,7.52,3.6,220.34,8.96,13.85,18.21,1891,0.6470588235294117,0.04066543438077634,0.06284658040665435,15.911764705882351,3.881171457699321,6.4307707929432905
1892-01-01,5.51,0.2217,0.3425,7.33,3.6,230.24,9.26,14.31,19.02,1892,0.6472992700729927,0.040235934664246825,0.06215970961887478,16.08759124087591,3.966064610347704,6.741768764656534
1892-02-01,5.52,0.2233,0.345,7.33,3.61,230.65,9.33,14.42,19.04,1892,0.6472463768115942,0.04045289855072464,0.0625,16.0,3.986560742794101,6.776609393617258
1892-03-01,5.58,0.225,0.3475,7.14,3.62,239.38,9.65,14.91,19.74,1892,0.6474820143884893,0.04032258064516129,0.062275985663082435,16.057553956834532,4.0433319195555395,7.05601060471457
1892-04-01,5.57,0.2267,0.35,7.04,3.64,242.18,9.86,15.22,19.94,1892,0.6477142857142858,0.04070017953321364,0.06283662477558348,15.914285714285716,4.049672269787817,7.167459727493778
1892-05-01,5.57,0.2283,0.3525,7.04,3.65,242.18,9.93,15.33,19.91,1892,0.6476595744680852,0.04098743267504488,0.06328545780969479,15.801418439716313,4.063407468823737,7.191769468969285
1892-06-01,5.54,0.23,0.355,7.04,3.66,240.88,10.0,15.44,19.77,1892,0.647887323943662,0.04151624548736462,0.06407942238267147,15.605633802816902,4.055401024125292,7.177598971676297
1892-07-01,5.54,0.2317,0.3575,7.23,3.67,234.54,9.81,15.13,19.21,1892,0.6481118881118881,0.041823104693140795,0.06453068592057762,15.496503496503497,4.0694314428309,7.013155709221717
1892-08-01,5.62,0.2333,0.36,7.33,3.69,234.83,9.75,15.04,19.2,1892,0.6480555555555556,0.041512455516014235,0.06405693950177936,15.611111111111112,4.142378817235557,7.041478862585954
1892-09-01,5.48,0.235,0.3625,7.33,3.7,228.98,9.82,15.15,18.69,1892,0.6482758620689655,0.04288321167883211,0.06614963503649635,15.117241379310347,4.053517912210429,6.890427446949788
1892-10-01,5.59,0.2367,0.365,7.33,3.71,233.58,9.89,15.25,19.04,1892,0.6484931506849315,0.042343470483005366,0.06529516994633273,15.315068493150685,4.149369803230613,7.053362585027753
1892-11-01,5.57,0.2383,0.3675,7.52,3.73,226.85,9.71,14.97,18.46,1892,0.6484353741496599,0.042782764811490126,0.06597845601436265,15.156462585034015,4.1491656750202575,6.874814403025587
1892-12-01,5.51,0.24,0.37,7.61,3.74,221.6,9.65,14.88,18.01,1892,0.6486486486486487,0.043557168784029036,0.06715063520871144,14.891891891891891,4.119263623768652,6.744549901728963
1893-01-01,5.61,0.2408,0.3608,7.9,3.75,217.47,9.33,13.99,17.66,1893,0.6674057649667405,0.04292335115864527,0.06431372549019608,15.548780487804878,4.208975354231853,6.638459862497329
1893-02-01,5.51,0.2417,0.3517,7.99,3.75,211.05,9.26,13.47,17.13,1893,0.6872334375888541,0.043865698729582576,0.06382940108892922,15.66676144441285,4.149004332844759,6.470161950844267
1893-03-01,5.31,0.2425,0.3425,7.8,3.74,208.35,9.52,13.44,16.9,1893,0.7080291970802919,0.045668549905838046,0.0645009416195857,15.503649635036494,4.013571845676294,6.411423743221363
1893-04-01,5.31,0.2433,0.3333,7.71,3.74,210.92,9.66,13.24,17.1,1893,0.72997299729973,0.045819209039548024,0.06276836158192091,15.93159315931593,4.028846346187539,6.510950126264167
1893-05-01,4.84,0.2442,0.3242,7.61,3.73,194.66,9.82,13.04,15.78,1893,0.7532387415175817,0.05045454545454545,0.06698347107438017,14.929056138186304,3.6876273399654695,6.037823476474344
1893-06-01,4.61,0.245,0.315,7.42,3.73,190.16,10.11,12.99,15.42,1893,0.7777777777777778,0.05314533622559652,0.06832971800433839,14.634920634920636,3.527893647439899,5.924198766455681
1893-07-01,4.18,0.2458,0.3058,7.23,3.73,176.96,10.41,12.95,14.35,1893,0.803793328973185,0.05880382775119617,0.07315789473684212,13.669064748201437,3.2144519034564007,5.539705493370229
1893-08-01,4.08,0.2467,0.2967,6.95,3.72,179.83,10.87,13.08,14.59,1893,0.8314796090326929,0.0604656862745098,0.07272058823529412,13.751263902932255,3.1533029798862637,5.653259730846453
1893-09-01,4.37,0.2475,0.2875,7.23,3.72,185.0,10.48,12.17,15.01,1893,0.8608695652173913,0.05663615560640732,0.06578947368421052,15.200000000000001,3.39332369506482,5.847968636308114
1893-10-01,4.5,0.2483,0.2783,7.33,3.71,188.03,10.38,11.63,15.27,1893,0.892202659001078,0.05517777777777778,0.061844444444444445,16.169601149838304,3.51028465194563,5.967005015449188
1893-11-01,4.57,0.2492,0.2692,7.14,3.71,196.05,10.69,11.55,15.94,1893,0.9257057949479941,0.054529540481400435,0.05890590809628008,16.976225854383358,3.5810298887366003,6.249248237207009
1893-12-01,4.41,0.25,0.26,7.04,3.7,191.74,10.87,11.3,15.61,1893,0.9615384615384615,0.056689342403628114,0.05895691609977324,16.96153846153846,3.4719273223963176,6.144916823445755
1894-01-01,4.32,0.2467,0.2517,6.85,3.7,193.05,11.02,11.25,15.74,1894,0.9801350814461661,0.05710648148148148,0.05826388888888888,17.163289630512516,3.417473435820563,6.2163093445728785
1894-02-01,4.38,0.2433,0.2433,6.76,3.68,198.49,11.03,11.03,16.2,1894,1.0,0.055547945205479454,0.055547945205479454,18.002466091245378,3.4812016682744154,6.416534435902252
1894-03-01,4.51,0.24,0.235,6.57,3.66,210.3,11.19,10.96,17.19,1894,1.0212765957446808,0.05321507760532151,0.052106430155210645,19.19148936170213,3.6006394720871864,6.828610018600661
1894-04-01,4.57,0.2367,0.2267,6.57,3.64,213.1,11.04,10.57,17.43,1894,1.0441111601235111,0.05179431072210065,0.049606126914660834,20.15880017644464,3.6645089083991547,6.949738355959432
1894-05-01,4.4,0.2333,0.2183,6.57,3.62,205.17,10.88,10.18,16.81,1894,1.0687127805771874,0.05302272727272727,0.04961363636363636,20.155748969308295,3.544009110541456,6.72121058102687
1894-06-01,4.34,0.23,0.21,6.57,3.6,202.37,10.72,9.79,16.61,1894,1.0952380952380953,0.05299539170506913,0.04838709677419355,20.666666666666668,3.511341132622885,6.659255785765775
1894-07-01,4.25,0.2267,0.2017,6.57,3.58,198.18,10.57,9.41,16.29,1894,1.1239464551313834,0.05334117647058824,0.04745882352941176,21.070897372335153,3.4540323775781565,6.550569775437417
1894-08-01,4.41,0.2233,0.1933,6.76,3.56,199.85,10.12,8.76,16.46,1894,1.1551991722710813,0.05063492063492063,0.04383219954648526,22.81427832384894,3.5994200502241767,6.634433997898409
1894-09-01,4.48,0.22,0.185,6.85,3.54,200.2,9.83,8.27,16.52,1894,1.1891891891891893,0.049107142857142856,0.041294642857142856,24.216216216216218,3.6717417308629408,6.678817805336094
1894-10-01,4.34,0.2167,0.1767,6.66,3.52,199.48,9.96,8.12,16.5,1894,1.2263723825693267,0.04993087557603687,0.04071428571428572,24.561403508771928,3.5720255305828084,6.682798515174443
1894-11-01,4.34,0.2133,0.1683,6.66,3.5,199.48,9.8,7.74,16.54,1894,1.267379679144385,0.049147465437788015,0.03877880184331797,25.78728461081402,3.586888394109638,6.710605013604518
1894-12-01,4.3,0.21,0.16,6.57,3.48,200.51,9.79,7.46,16.67,1894,1.3125,0.04883720930232558,0.037209302325581395,26.875,3.5685200543494795,6.7676955673051005
1895-01-01,4.25,0.2083,0.1675,6.57,3.46,198.18,9.71,7.81,16.52,1895,1.2435820895522387,0.04901176470588236,0.039411764705882354,25.37313432835821,3.5415486818456756,6.716544379877796
1895-02-01,4.19,0.2067,0.175,6.57,3.47,195.38,9.64,8.16,16.33,1895,1.1811428571428573,0.04933174224343675,0.04176610978520286,23.942857142857147,3.506015143404491,6.649155051266356
1895-03-01,4.19,0.205,0.1825,6.57,3.48,195.38,9.56,8.51,16.36,1895,1.1232876712328768,0.048926014319809065,0.04355608591885441,22.958904109589042,3.520428296350826,6.676489584860166
1895-04-01,4.37,0.2033,0.19,6.85,3.5,195.28,9.08,8.49,16.39,1895,1.07,0.04652173913043478,0.043478260869565216,23.0,3.6860172565908758,6.704784674032455
1895-05-01,4.61,0.2017,0.1975,6.95,3.51,203.18,8.89,8.7,17.08,1895,1.02126582278481,0.0437527114967462,0.042841648590021694,23.341772151898734,3.9027429813667465,6.996860078824412
1895-06-01,4.7,0.2,0.205,7.04,3.52,204.35,8.7,8.91,17.21,1895,0.9756097560975611,0.0425531914893617,0.04361702127659574,22.926829268292686,3.993164992921659,7.06744826872214
1895-07-01,4.72,0.1983,0.2125,6.95,3.53,208.03,8.74,9.37,17.55,1895,0.9331764705882354,0.04201271186440678,0.045021186440677964,22.211764705882352,4.024317343930267,7.214819295736853
1895-08-01,4.79,0.1967,0.22,6.85,3.54,214.05,8.79,9.83,18.07,1895,0.8940909090909092,0.04106471816283925,0.04592901878914405,21.772727272727273,4.098089390155599,7.4543348615093095
1895-09-01,4.82,0.195,0.2275,6.85,3.55,215.39,8.71,10.17,18.2,1895,0.8571428571428571,0.04045643153526971,0.04719917012448133,21.186813186813186,4.13777982793395,7.526530898694455
1895-10-01,4.75,0.1933,0.235,6.85,3.56,212.26,8.64,10.5,17.94,1895,0.8225531914893618,0.04069473684210526,0.049473684210526316,20.21276595744681,4.091637573628669,7.442599148527478
1895-11-01,4.59,0.1917,0.2425,6.85,3.58,205.11,8.57,10.84,17.34,1895,0.7905154639175258,0.04176470588235295,0.0528322440087146,18.927835051546392,3.967689668393851,7.217140623093049
1895-12-01,4.32,0.19,0.25,6.76,3.59,195.77,8.61,11.33,16.55,1895,0.76,0.04398148148148148,0.057870370370370364,17.28,3.748105274491074,6.908489899431773
1896-01-01,4.27,0.1892,0.2467,6.66,3.6,196.27,8.7,11.34,16.58,1896,0.7669233887312525,0.04430913348946137,0.05777517564402811,17.30847182813133,3.718461694966742,6.956761669562403
1896-02-01,4.45,0.1883,0.2433,6.57,3.58,207.5,8.78,11.35,17.52,1896,0.7739416358405261,0.04231460674157303,0.05467415730337078,18.290176736539255,3.8889419879764193,7.375375520576283
1896-03-01,4.38,0.1875,0.24,6.57,3.57,204.24,8.74,11.19,17.23,1896,0.78125,0.04280821917808219,0.0547945205479452,18.25,3.8414808738647293,7.285365553783032
1896-04-01,4.42,0.1867,0.2367,6.47,3.55,209.14,8.83,11.2,17.64,1896,0.7887621461765949,0.042239819004524885,0.05355203619909502,18.673426277989016,3.890266803912384,7.491920305525241
1896-05-01,4.4,0.1858,0.2333,6.37,3.53,211.3,8.92,11.2,17.83,1896,0.7963994856408058,0.042227272727272724,0.05302272727272727,18.859837119588512,3.886357467173159,7.601886034690355
1896-06-01,4.32,0.185,0.23,6.28,3.52,210.6,9.02,11.21,17.78,1896,0.8043478260869564,0.04282407407407407,0.05324074074074074,18.782608695652176,3.8293722787056317,7.597767291826778
1896-07-01,4.04,0.1842,0.2267,6.28,3.5,196.95,8.98,11.05,16.64,1896,0.8125275694750772,0.04559405940594059,0.056113861386138615,17.820908689898545,3.594838000447715,7.132433357576199
1896-08-01,3.81,0.1833,0.2233,6.28,3.48,185.74,8.94,10.89,15.7,1896,0.8208687863860278,0.04811023622047244,0.058608923884514434,17.062248096730855,3.403839986389274,6.7534786991099285
1896-09-01,4.01,0.1825,0.22,6.28,3.47,195.49,8.9,10.72,16.54,1896,0.8295454545454545,0.04551122194513716,0.054862842892768084,18.227272727272727,3.596165879583486,7.135067971275515
1896-10-01,4.1,0.1817,0.2167,6.47,3.45,193.99,8.6,10.25,16.44,1896,0.838486386709737,0.04431707317073171,0.05285365853658537,18.920166128287953,3.6905166572845287,7.107239188526311
1896-11-01,4.38,0.1808,0.2133,6.66,3.43,201.32,8.31,9.8,17.09,1896,0.8476324425691514,0.041278538812785384,0.0486986301369863,20.534458509142056,3.9561813492582005,7.4015044462097865
1896-12-01,4.22,0.18,0.21,6.66,3.42,193.97,8.27,9.65,16.5,1896,0.8571428571428571,0.04265402843601896,0.04976303317535545,20.095238095238095,3.8252720912172973,7.156590128613742
1897-01-01,4.22,0.18,0.2183,6.47,3.4,199.67,8.52,10.33,17.03,1897,0.8245533669262483,0.04265402843601896,0.05172985781990522,19.331195602382042,3.8388690299301547,7.392937884533189
1897-02-01,4.18,0.18,0.2267,6.47,3.4,197.78,8.52,10.73,16.89,1897,0.7940008822232024,0.0430622009569378,0.05423444976076556,18.4384649316277,3.8161269148239336,7.349140859150883
1897-03-01,4.19,0.18,0.235,6.47,3.39,198.25,8.52,11.12,16.96,1897,0.7659574468085106,0.04295942720763723,0.056085918854415266,17.829787234042556,3.838950640391063,7.393095050892217
1897-04-01,4.06,0.18,0.2433,6.37,3.39,194.97,8.64,11.68,16.7,1897,0.7398273736128237,0.04433497536945813,0.05992610837438424,16.6872174270448,3.733585646681045,7.3030576385629224
1897-05-01,4.08,0.18,0.2517,6.28,3.38,198.9,8.77,12.27,17.05,1897,0.7151370679380215,0.044117647058823525,0.06169117647058823,16.209773539928488,3.765771729842089,7.471578941693061
1897-06-01,4.27,0.18,0.26,6.28,3.38,208.16,8.77,12.67,17.85,1897,0.6923076923076923,0.042154566744730684,0.060889929742388764,16.42307692307692,3.954983299601311,7.846989158126167
1897-07-01,4.46,0.18,0.2683,6.28,3.38,217.42,8.77,13.08,18.65,1897,0.6708907938874394,0.04035874439461883,0.06015695067264574,16.62318300409989,4.1448595470060585,8.223718145811382
1897-08-01,4.75,0.18,0.2767,6.57,3.37,221.49,8.39,12.9,19.01,1897,0.6505240332490061,0.03789473684210526,0.05825263157894737,17.166606432959885,4.428308462216115,8.398283628495097
1897-09-01,4.98,0.18,0.285,6.76,3.37,225.68,8.16,12.92,19.37,1897,0.6315789473684211,0.03614457831325301,0.05722891566265059,17.47368421052632,4.656715951319893,8.583236797847023
1897-10-01,4.82,0.18,0.2933,6.66,3.36,221.55,8.27,13.48,19.03,1897,0.6137061029662462,0.03734439834024896,0.060850622406639,16.433685646096148,4.521128840287487,8.458448250748061
1897-11-01,4.65,0.18,0.3017,6.66,3.36,213.73,8.27,13.87,18.36,1897,0.5966191581040768,0.038709677419354833,0.06488172043010752,15.41266158435532,4.375739842311437,8.186444209489565
1897-12-01,4.75,0.18,0.31,6.66,3.35,218.33,8.27,14.25,18.75,1897,0.5806451612903225,0.03789473684210526,0.06526315789473684,15.32258064516129,4.483957064218064,8.388904657681243
1898-01-01,4.88,0.1817,0.3133,6.66,3.35,224.3,8.35,14.4,19.25,1898,0.5799553143951484,0.03723360655737705,0.06420081967213115,15.576125119693582,4.620835753546825,8.644987010389405
1898-02-01,4.87,0.1833,0.3167,6.76,3.33,220.69,8.31,14.35,18.92,1898,0.5787811809283233,0.03763860369609856,0.06503080082135523,15.37732870224187,4.625704359523497,8.52607637864834
1898-03-01,4.65,0.185,0.32,6.76,3.31,210.72,8.38,14.5,18.04,1898,0.578125,0.039784946236559135,0.06881720430107527,14.53125,4.431249056648046,8.167657284886783
1898-04-01,4.57,0.1867,0.3233,6.76,3.29,207.1,8.46,14.65,17.71,1898,0.5774822146613053,0.04085339168490153,0.07074398249452953,14.135477884317973,4.3697039308612675,8.054217600374468
1898-05-01,4.87,0.1883,0.3267,7.23,3.27,206.17,7.97,13.83,17.6,1898,0.57636975818794,0.0386652977412731,0.06708418891170431,14.906642179369452,4.671431827925314,8.050628018803517
1898-06-01,5.06,0.19,0.33,6.76,3.25,229.3,8.61,14.95,19.54,1898,0.5757575757575757,0.03754940711462451,0.06521739130434784,15.333333333333332,4.86873667359383,8.974032389493953
1898-07-01,5.08,0.1917,0.3333,6.66,3.23,233.5,8.81,15.32,19.86,1898,0.5751575157515753,0.03773622047244095,0.06561023622047243,15.241524152415243,4.90321554002409,9.173283127432455
1898-08-01,5.27,0.1933,0.3367,6.66,3.2,242.23,8.88,15.48,20.54,1898,0.5741015741015741,0.03667931688804554,0.0638899430740038,15.651915651915651,5.102022591373787,9.545225448726335
1898-09-01,5.26,0.195,0.34,6.66,3.18,241.77,8.96,15.63,20.44,1898,0.5735294117647058,0.03707224334600761,0.06463878326996199,15.470588235294116,5.107936226034567,9.55628909555416
1898-10-01,5.15,0.1967,0.3433,6.66,3.16,236.71,9.04,15.78,19.95,1898,0.5729682493445966,0.038194174757281554,0.06666019417475727,15.001456452082728,5.016896488165605,9.385965501883398
1898-11-01,5.32,0.1983,0.3467,6.66,3.14,244.53,9.11,15.94,20.53,1898,0.5719642342082492,0.037274436090225564,0.06516917293233082,15.344678396308048,5.1984707984419805,9.72566758987794
1898-12-01,5.65,0.2,0.35,6.76,3.12,256.04,9.06,15.86,21.4,1898,0.5714285714285715,0.035398230088495575,0.06194690265486725,16.142857142857146,5.537079838560421,10.205919347405748
1899-01-01,6.08,0.2008,0.3608,6.76,3.1,275.52,9.1,16.35,22.93,1899,0.5565410199556541,0.03302631578947368,0.0593421052631579,16.851441241685144,5.9748194836147555,11.012758989029566
1899-02-01,6.31,0.2017,0.3717,6.95,3.1,278.11,8.89,16.38,23.05,1899,0.5426419155232715,0.03196513470681458,0.05890649762282092,16.976055959106805,6.217284471650481,11.146383383707192
1899-03-01,6.4,0.2025,0.3825,6.95,3.11,282.08,8.93,16.86,23.28,1899,0.5294117647058824,0.031640625,0.059765624999999996,16.73202614379085,6.322523424467628,11.335056384009588
1899-04-01,6.48,0.2033,0.3933,7.04,3.11,281.75,8.84,17.1,23.15,1899,0.5169082125603865,0.031373456790123454,0.06069444444444444,16.475972540045767,6.418225683334081,11.359530115673673
1899-05-01,6.21,0.2042,0.4042,7.04,3.12,270.01,8.88,17.57,22.09,1899,0.5051954477981198,0.03288244766505636,0.06508856682769726,15.363681345868383,6.167579773707273,10.915915338123952
1899-06-01,6.07,0.205,0.415,7.14,3.12,260.4,8.79,17.8,21.21,1899,0.4939759036144578,0.03377265238879736,0.06836902800658978,14.626506024096386,6.045436533905379,10.549879441521153
1899-07-01,6.28,0.2058,0.4258,7.23,3.12,265.86,8.71,18.03,21.56,1899,0.4833255049318929,0.03277070063694268,0.06780254777070063,14.74870831376233,6.271600929222406,10.808319167096982
1899-08-01,6.44,0.2067,0.4367,7.33,3.13,269.1,8.64,18.25,21.73,1899,0.4733226471261736,0.032096273291925465,0.06781055900621118,14.746965880467142,6.448514003205169,10.961594062747121
1899-09-01,6.37,0.2075,0.4475,7.61,3.13,256.19,8.35,18.0,20.59,1899,0.4636871508379888,0.032574568288854,0.07025117739403454,14.23463687150838,6.395669232006543,10.47175277671505
1899-10-01,6.34,0.2083,0.4583,7.71,3.14,251.84,8.27,18.2,20.15,1899,0.4545057822387083,0.032854889589905366,0.07228706624605678,13.833733362426358,6.382909687816577,10.315311894966866
1899-11-01,6.46,0.2092,0.4692,7.8,3.14,253.47,8.21,18.41,20.2,1899,0.4458653026427962,0.03238390092879257,0.07263157894736842,13.768115942028984,6.521197674651856,10.417195259764377
1899-12-01,6.02,0.21,0.48,7.9,3.15,233.36,8.14,18.61,18.51,1899,0.4375,0.03488372093023256,0.079734219269103,12.541666666666666,6.09462789693482,9.612539695671881
1900-01-01,6.1,0.2175,0.48,7.9,3.15,236.46,8.43,18.61,18.67,1900,0.453125,0.035655737704918034,0.07868852459016394,12.708333333333334,6.193336571345309,9.768224516324375
1900-02-01,6.21,0.225,0.48,7.99,3.15,237.86,8.62,18.39,18.7,1900,0.46875000000000006,0.036231884057971016,0.07729468599033816,12.9375,6.323422021870492,9.861056119212307
1900-03-01,6.26,0.2325,0.48,7.99,3.14,239.78,8.91,18.39,18.78,1900,0.48437500000000006,0.03714057507987221,0.07667731629392971,13.041666666666666,6.393427700454001,9.970226426490221
1900-04-01,6.34,0.24,0.48,7.99,3.14,242.84,9.19,18.39,18.94,1900,0.5,0.03785488958990536,0.07570977917981073,13.208333333333334,6.494920811912886,10.128499789290935
1900-05-01,6.04,0.2475,0.48,7.8,3.13,236.99,9.71,18.83,18.4,1900,0.515625,0.04097682119205298,0.07947019867549669,12.583333333333334,6.208078883311055,9.91700806231484
1900-06-01,5.86,0.255,0.48,7.71,3.13,232.77,10.13,19.07,17.99,1900,0.53125,0.04351535836177474,0.08191126279863481,12.208333333333334,6.044268854829649,9.768040198596294
1900-07-01,5.86,0.2625,0.48,7.8,3.12,229.93,10.3,18.83,17.69,1900,0.546875,0.04479522184300341,0.08191126279863481,12.208333333333334,6.066187065267384,9.690344978619438
1900-08-01,5.94,0.27,0.48,7.71,3.12,235.95,10.72,19.07,18.07,1900,0.5625000000000001,0.045454545454545456,0.0808080808080808,12.375000000000002,6.171646588693,9.973893190027857
1900-09-01,5.8,0.2775,0.48,7.8,3.12,227.58,10.89,18.83,17.34,1900,0.5781250000000001,0.0478448275862069,0.08275862068965517,12.083333333333334,6.049564353984005,9.663791262902656
1900-10-01,6.01,0.285,0.48,7.71,3.11,238.73,11.32,19.07,18.1,1900,0.59375,0.04742096505823627,0.07986688851913477,12.520833333333334,6.292720335022371,10.169558414316308
1900-11-01,6.48,0.2925,0.48,7.71,3.11,257.4,11.62,19.07,19.42,1900,0.609375,0.04513888888888888,0.07407407407407407,13.500000000000002,6.809697151231573,11.005035863079819
1900-12-01,6.87,0.3,0.48,7.61,3.1,276.3,12.07,19.3,20.74,1900,0.625,0.043668122270742356,0.06986899563318777,14.3125,7.245155215589841,11.862632586892172
1901-01-01,7.07,0.3017,0.4817,7.71,3.1,280.83,11.98,19.13,20.98,1901,0.626323437824372,0.042673267326732676,0.06813295615275813,14.677184969898278,7.482441958458503,12.092247315485467
1901-02-01,7.25,0.3033,0.4833,7.61,3.11,291.58,12.2,19.44,21.68,1901,0.6275605214152701,0.04183448275862069,0.06666206896551724,15.00103455410718,7.699550956208825,12.606623510428642
1901-03-01,7.51,0.305,0.485,7.61,3.11,302.04,12.27,19.51,22.35,1901,0.6288659793814433,0.04061251664447404,0.06458055925432757,15.484536082474227,8.002515011247787,13.102672410006234
1901-04-01,8.14,0.3067,0.4867,7.52,3.12,331.52,12.49,19.82,24.41,1901,0.630162317649476,0.03767813267813267,0.05979115479115479,16.724881857407027,8.700914706803312,14.416675165793787
1901-05-01,7.73,0.3083,0.4883,7.52,3.13,314.82,12.56,19.89,23.06,1901,0.6313741552324391,0.039883570504527815,0.06316946959896506,15.830432111406923,8.2899817643699,13.735794253198
1901-06-01,8.5,0.31,0.49,7.52,3.13,346.18,12.63,19.96,25.24,1901,0.6326530612244898,0.036470588235294116,0.05764705882352941,17.346938775510203,9.143315452174267,15.149695549746195
1901-07-01,7.93,0.3117,0.4917,7.61,3.14,318.93,12.54,19.78,23.14,1901,0.6339231238560097,0.03930643127364439,0.062005044136191685,16.12772015456579,8.557963982539972,14.012119740137722
1901-08-01,8.04,0.3133,0.4933,7.71,3.15,319.36,12.44,19.59,23.08,1901,0.6351104804378674,0.038967661691542296,0.061355721393034836,16.29839854044192,8.704706624724823,14.067528475236225
1901-09-01,8.0,0.315,0.495,7.8,3.15,313.9,12.36,19.42,22.59,1901,0.6363636363636364,0.039375,0.061875,16.161616161616163,8.689666465164898,13.881185148199313
1901-10-01,7.91,0.3167,0.4967,7.8,3.16,310.37,12.43,19.49,22.25,1901,0.6376082142138112,0.040037926675094815,0.06279393173198483,15.925105697604188,8.620420685520616,13.770569454049602
1901-11-01,8.08,0.3183,0.4983,7.9,3.17,313.22,12.34,19.32,22.38,1901,0.6387718242022878,0.039393564356435644,0.06167079207920792,16.215131446919525,8.834450873358442,13.933830111651417
1901-12-01,7.95,0.32,0.5,7.99,3.17,304.51,12.26,19.15,21.68,1901,0.64,0.04025157232704402,0.06289308176100629,15.9,8.72131414017518,13.600447332488454
1902-01-01,8.12,0.3208,0.5108,7.9,3.18,314.77,12.44,19.8,22.34,1902,0.6280344557556773,0.03950738916256158,0.06290640394088672,15.896632732967891,8.937061533999216,14.095669204256993
1902-02-01,8.19,0.3217,0.5217,7.9,3.19,317.48,12.47,20.22,22.46,1902,0.6166379145102548,0.03927960927960928,0.0636996336996337,15.698677400805058,9.043528498579125,14.26359051801214
1902-03-01,8.2,0.3225,0.5325,7.9,3.2,317.87,12.5,20.64,22.41,1902,0.6056338028169015,0.039329268292682934,0.0649390243902439,15.39906103286385,9.084172846745815,14.327695401323147
1902-04-01,8.48,0.3233,0.5433,7.99,3.21,324.81,12.38,20.81,22.82,1902,0.5950671820357076,0.03812499999999999,0.0640683962264151,15.608319528805449,9.42413693727571,14.696463859631459
1902-05-01,8.46,0.3242,0.5542,8.09,3.22,320.23,12.27,20.98,22.43,1902,0.5849873691808011,0.03832151300236406,0.06550827423167849,15.26524720317575,9.431851467610569,14.526683471746317
1902-06-01,8.41,0.325,0.565,8.18,3.23,314.64,12.16,21.14,21.96,1902,0.5752212389380532,0.03864447086801427,0.06718192627824018,14.884955752212392,9.406227899498207,14.327823915372576
1902-07-01,8.6,0.3258,0.5758,8.18,3.24,321.75,12.19,21.54,22.39,1902,0.5658214657867315,0.03788372093023256,0.06695348837209303,14.935741576936437,9.649026390165991,14.69766122511837
1902-08-01,8.83,0.3267,0.5867,8.09,3.25,334.24,12.37,22.21,23.17,1902,0.5568433611726606,0.03699886749716874,0.06644394110985277,15.050281234020794,9.937543499030083,15.305536711732367
1902-09-01,8.85,0.3275,0.5975,8.18,3.26,331.1,12.25,22.35,22.86,1902,0.5481171548117155,0.037005649717514126,0.06751412429378531,14.811715481171547,9.990691912590865,15.218095504997823
1902-10-01,8.57,0.3283,0.6083,8.75,3.27,299.71,11.48,21.27,20.6,1902,0.5397008055235903,0.03830805134189031,0.07098016336056008,14.088443202367255,9.705411562073618,13.820506064392832
1902-11-01,8.24,0.3292,0.6192,8.47,3.28,297.89,11.9,22.38,20.41,1902,0.5316537467700259,0.03995145631067961,0.07514563106796115,13.30749354005168,9.36267388052964,13.773189675489883
1902-12-01,8.05,0.33,0.63,8.56,3.29,287.78,11.8,22.52,19.63,1902,0.5238095238095238,0.040993788819875775,0.07826086956521738,12.777777777777779,9.17795802083974,13.359504315381212
1903-01-01,8.46,0.3317,0.6217,8.66,3.3,299.12,11.73,21.98,20.32,1903,0.5335370757600129,0.0392080378250591,0.0734869976359338,13.60784944506997,9.676760087189727,13.922913474178293
1903-02-01,8.41,0.3333,0.6133,8.66,3.31,297.35,11.78,21.68,20.11,1903,0.5434534485569869,0.039631391200951244,0.07292508917954815,13.712701777270505,9.651186065012885,13.886117594695214
1903-03-01,8.08,0.335,0.605,8.37,3.32,295.42,12.25,22.12,19.88,1903,0.5537190082644629,0.04146039603960396,0.07487623762376237,13.355371900826446,9.30435732440664,13.850930975162095
1903-04-01,7.75,0.3367,0.5967,8.37,3.33,283.36,12.31,21.82,18.98,1903,0.5642701525054467,0.04344516129032258,0.07699354838709678,12.988101223395342,8.956499493332236,13.333092435713223
1903-05-01,7.6,0.3383,0.5883,8.18,3.33,284.33,12.66,22.01,18.95,1903,0.5750467448580655,0.044513157894736845,0.07740789473684212,12.918578956314803,8.815574270659193,13.42812413354689
1903-06-01,7.18,0.34,0.58,8.18,3.34,268.62,12.72,21.7,17.82,1903,0.5862068965517242,0.04735376044568246,0.0807799442896936,12.379310344827587,8.361098551927194,12.735854273473453
1903-07-01,6.85,0.3417,0.5717,8.18,3.35,256.27,12.78,21.39,16.92,1903,0.5976910967290537,0.04988321167883212,0.08345985401459854,11.981808640895574,8.009808199582992,12.200759189095855
1903-08-01,6.63,0.3433,0.5633,8.18,3.36,248.04,12.84,21.07,16.3,1903,0.6094443458192792,0.05177978883861237,0.08496229260935144,11.769927214628083,7.785855131637717,11.859627743301465
1903-09-01,6.47,0.345,0.555,8.28,3.37,239.28,12.76,20.53,15.65,1903,0.6216216216216215,0.05332302936630603,0.0857805255023184,11.657657657657657,7.631557019696375,11.484202954760487
1903-10-01,6.26,0.3467,0.5467,8.18,3.37,234.2,12.97,20.45,15.25,1903,0.6341686482531553,0.05538338658146965,0.08733226837060702,11.45052130967624,7.417767265473815,11.298946225892879
1903-11-01,6.28,0.3483,0.5383,8.09,3.38,237.71,13.18,20.38,15.41,1903,0.6470369682333271,0.055461783439490445,0.08571656050955413,11.666357049972135,7.47570129176047,11.513873682983371
1903-12-01,6.57,0.35,0.53,8.09,3.39,248.69,13.25,20.06,16.04,1903,0.660377358490566,0.0532724505327245,0.0806697108066971,12.39622641509434,7.855468107780197,12.098780299498303
1904-01-01,6.68,0.3467,0.5267,8.28,3.4,247.04,12.82,19.48,15.86,1904,0.6582494778811468,0.05190119760479042,0.07884730538922155,12.682741598633,8.021863741214911,12.071548576755774
1904-02-01,6.5,0.3433,0.5233,8.47,3.41,234.98,12.41,18.92,15.02,1904,0.6560290464360787,0.05281538461538461,0.08050769230769231,12.421173323141602,7.840401097478073,11.53381318471981
1904-03-01,6.48,0.34,0.52,8.37,3.41,236.92,12.43,19.01,15.08,1904,0.6538461538461539,0.05246913580246913,0.08024691358024691,12.461538461538462,7.850784603034092,11.687070030323154
1904-04-01,6.64,0.3367,0.5167,8.28,3.42,245.56,12.45,19.11,15.57,1904,0.6516353783626863,0.050707831325301204,0.07781626506024097,12.850783820398682,8.078958126733385,12.157465973321013
1904-05-01,6.5,0.3333,0.5133,8.09,3.43,246.04,12.62,19.43,15.53,1904,0.6493278784336646,0.051276923076923074,0.07896923076923076,12.663159945451003,7.9427575186555615,12.233221097954056
1904-06-01,6.51,0.33,0.51,8.09,3.43,246.42,12.49,19.3,15.47,1904,0.6470588235294118,0.05069124423963134,0.0783410138248848,12.76470588235294,7.9889171594659025,12.30431493287332
1904-07-01,6.78,0.3267,0.5067,8.09,3.44,256.64,12.37,19.18,16.04,1904,0.644760213143872,0.0481858407079646,0.07473451327433629,13.380698638247484,8.35400208341999,12.866608894859468
1904-08-01,7.01,0.3233,0.5033,8.18,3.45,262.26,12.1,18.83,16.3,1904,0.6423604212199483,0.046119828815977176,0.07179743223965764,13.928074706934234,8.670942818804606,13.207817545514109
1904-09-01,7.32,0.32,0.5,8.28,3.45,270.71,11.83,18.49,16.74,1904,0.64,0.04371584699453552,0.06830601092896174,14.64,9.087719127640469,13.675480716231915
1904-10-01,7.75,0.3167,0.4967,8.28,3.46,286.61,11.71,18.37,17.63,1904,0.6376082142138112,0.040864516129032254,0.06409032258064516,15.602979665794242,9.654666996714578,14.528641398437639
1904-11-01,8.17,0.3133,0.4933,8.47,3.47,295.36,11.33,17.83,18.08,1904,0.6351104804378674,0.03834761321909425,0.060379436964504284,16.561929860125684,10.210765434362976,15.020795432368676
1904-12-01,8.25,0.31,0.49,8.47,3.47,298.25,11.21,17.71,18.16,1904,0.6326530612244898,0.037575757575757575,0.059393939393939395,16.836734693877553,10.343378323261122,15.215878855706444
1905-01-01,8.43,0.3117,0.505,8.47,3.48,304.76,11.27,18.26,18.46,1905,0.6172277227722772,0.036975088967971526,0.059905100830367736,16.693069306930692,10.60144038849804,15.595507348369017
1905-02-01,8.8,0.3133,0.52,8.47,3.48,318.13,11.33,18.8,19.17,1905,0.6025,0.035602272727272725,0.05909090909090909,16.923076923076923,11.099412554314828,16.328061443537514
1905-03-01,9.05,0.315,0.535,8.37,3.47,330.89,11.52,19.56,19.83,1905,0.5887850467289719,0.034806629834254144,0.05911602209944751,16.91588785046729,11.447667134013797,17.041568995198556
1905-04-01,8.94,0.3167,0.55,8.37,3.47,326.86,11.58,20.11,19.48,1905,0.5758181818181818,0.035425055928411636,0.06152125279642059,16.254545454545454,11.341728777939357,16.883863867756798
1905-05-01,8.5,0.3183,0.565,8.28,3.46,314.35,11.77,20.89,18.63,1905,0.5633628318584072,0.03744705882352942,0.06647058823529411,15.04424778761062,10.81700466865947,16.27776306419046
1905-06-01,8.6,0.32,0.58,8.28,3.46,318.05,11.83,21.45,18.74,1905,0.5517241379310346,0.037209302325581395,0.06744186046511627,14.827586206896552,10.978018964624425,16.520062354978304
1905-07-01,8.87,0.3217,0.595,8.28,3.46,328.03,11.9,22.0,19.21,1905,0.540672268907563,0.03626832018038332,0.06708004509582864,14.907563025210083,11.356718068442863,17.089940474975613
1905-08-01,9.2,0.3233,0.61,8.37,3.45,336.37,11.82,22.3,19.57,1905,0.53,0.035141304347826086,0.06630434782608696,15.081967213114753,11.813558163836058,17.586252654886177
1905-09-01,9.23,0.325,0.625,8.28,3.45,341.35,12.02,23.11,19.74,1905,0.52,0.035211267605633804,0.06771397616468039,14.768,11.88667595634828,17.887437489867096
1905-10-01,9.36,0.3267,0.64,8.28,3.44,346.15,12.08,23.67,19.9,1905,0.51046875,0.03490384615384615,0.06837606837606838,14.624999999999998,12.088972671567822,18.1918598415139
1905-11-01,9.31,0.3283,0.655,8.37,3.44,340.39,12.0,23.95,19.44,1905,0.5012213740458015,0.03526315789473684,0.07035445757250268,14.213740458015268,12.059557462957251,17.952459496827643
1905-12-01,9.54,0.33,0.67,8.47,3.43,344.88,11.93,24.22,19.58,1905,0.4925373134328358,0.034591194968553465,0.07023060796645704,14.23880597014925,12.39292240489111,18.230910645211715
1906-01-01,9.87,0.3358,0.6775,8.47,3.43,356.81,12.14,24.49,20.13,1906,0.4956457564575646,0.034022289766970616,0.06864235055724417,14.568265682656826,12.857332232956997,18.91409204517641
1906-02-01,9.8,0.3417,0.685,8.47,3.45,354.28,12.35,24.76,19.87,1906,0.4988321167883211,0.03486734693877551,0.06989795918367347,14.306569343065693,12.802598469770095,18.833574608422122
1906-03-01,9.56,0.3475,0.6925,8.47,3.47,345.61,12.56,25.03,19.26,1906,0.5018050541516245,0.03634937238493723,0.07243723849372384,13.80505415162455,12.526264832900898,18.42706727484595
1906-04-01,9.43,0.3533,0.7,8.47,3.49,340.91,12.77,25.31,18.88,1906,0.5047142857142858,0.03746553552492047,0.07423117709437964,13.471428571428572,12.393872084383704,18.232307694382637
1906-05-01,9.18,0.3592,0.7075,8.56,3.51,328.18,12.84,25.29,18.05,1906,0.5077031802120141,0.039128540305010895,0.07706971677559914,12.975265017667844,12.103991726962898,17.618660854901602
1906-06-01,9.3,0.365,0.715,8.56,3.53,332.47,13.05,25.56,18.17,1906,0.5104895104895105,0.03924731182795699,0.07688172043010752,13.006993006993008,12.301681468385844,17.906419520570985
1906-07-01,9.06,0.3708,0.7225,8.28,3.55,335.06,13.71,26.72,18.2,1906,0.5132179930795848,0.04092715231788079,0.07974613686534217,12.539792387543253,12.024452714864424,18.094768215846706
1906-08-01,9.73,0.3767,0.73,8.47,3.57,351.75,13.62,26.39,18.97,1906,0.5160273972602739,0.0387153134635149,0.0750256937307297,13.328767123287673,12.954688797408407,19.05731079288179
1906-09-01,10.03,0.3825,0.7375,8.56,3.59,358.57,13.67,26.37,19.2,1906,0.5186440677966101,0.038135593220338986,0.07352941176470588,13.599999999999998,13.395909343320138,19.499185796468332
1906-10-01,9.73,0.3883,0.745,8.75,3.61,340.28,13.58,26.05,18.1,1906,0.5212080536912751,0.03990750256937307,0.07656731757451181,13.060402684563758,13.037805834578593,18.565835508439918
1906-11-01,9.93,0.3942,0.7525,8.85,3.63,343.54,13.64,26.03,18.14,1906,0.5238538205980067,0.03969788519637462,0.0757804632426989,13.196013289036545,13.349156588334637,18.794405772954757
1906-12-01,9.84,0.4,0.76,8.94,3.65,336.81,13.69,26.01,17.66,1906,0.5263157894736842,0.04065040650406505,0.07723577235772358,12.947368421052632,13.27232836083984,18.498122077859556
1907-01-01,9.56,0.4033,0.7517,8.85,3.67,330.74,13.95,26.01,17.22,1907,0.5365172276174005,0.042186192468619245,0.07862970711297071,12.717839563655714,12.939620942580305,18.217816603904026
1907-02-01,9.26,0.4067,0.7433,9.04,3.69,313.62,13.77,25.17,16.22,1907,0.5471545809229114,0.04392008639308855,0.08026997840172787,12.457957755953181,12.579055337043812,17.337945741102423
1907-03-01,8.35,0.41,0.735,8.94,3.7,285.81,14.03,25.16,14.69,1907,0.5578231292517006,0.04910179640718563,0.08802395209580839,11.360544217687075,11.38892410526787,15.873153730608243
1907-04-01,8.39,0.4133,0.7267,8.94,3.72,287.18,14.15,24.87,14.67,1907,0.56873537911105,0.04926102502979737,0.0866150178784267,11.545341956790974,11.490083211592106,16.01414282063061
1907-05-01,8.1,0.4167,0.7183,9.13,3.74,271.47,13.97,24.07,13.79,1907,0.5801197271335097,0.051444444444444445,0.08867901234567903,11.276625365446192,11.140096737764239,15.203242645404426
1907-06-01,7.84,0.42,0.71,9.23,3.75,260.05,13.93,23.55,13.14,1907,0.5915492957746479,0.05357142857142857,0.09056122448979592,11.04225352112676,10.830271392998826,14.620279691957245
1907-07-01,8.14,0.4233,0.7017,9.23,3.77,270.0,14.04,23.28,13.59,1907,0.6032492518170158,0.052002457002457,0.0862039312039312,11.600399030924898,11.293044469102734,15.244998275733485
1907-08-01,7.53,0.4267,0.6933,9.23,3.79,249.77,14.15,23.0,12.51,1907,0.6154622818404731,0.05666666666666667,0.09207171314741036,10.861099091302467,10.495698648156166,14.16862461062035
1907-09-01,7.45,0.43,0.685,9.23,3.8,247.12,14.26,22.72,12.33,1907,0.6277372262773722,0.05771812080536912,0.09194630872483223,10.875912408759124,10.43375358298284,14.085002128273693
1907-10-01,6.64,0.4333,0.6767,9.32,3.82,218.0,14.23,22.22,10.83,1907,0.6403132850598493,0.06525602409638555,0.10191265060240964,9.812324516033692,9.34953019611583,12.499479210687044
1907-11-01,6.25,0.4367,0.6683,8.94,3.84,213.93,14.95,22.87,10.59,1907,0.6534490498279215,0.06987199999999999,0.106928,9.352087385904534,8.851228867252313,12.336276474940027
1907-12-01,6.57,0.44,0.66,8.75,3.85,229.77,15.39,23.08,11.33,1907,0.6666666666666666,0.0669710806697108,0.1004566210045662,9.954545454545455,9.355949540540022,13.322872145728994
1908-01-01,6.85,0.4367,0.6533,8.66,3.87,242.19,15.44,23.1,11.9,1908,0.6684524720649012,0.06375182481751825,0.09537226277372263,10.48522883820603,9.806895865426528,14.110152711687592
1908-02-01,6.6,0.4333,0.6467,8.56,3.86,235.95,15.49,23.12,11.55,1908,0.6700170094325034,0.06565151515151516,0.0979848484848485,10.20565950208752,9.50108058353057,13.829843933503609
1908-03-01,6.87,0.43,0.64,8.56,3.85,245.6,15.37,22.88,11.98,1908,0.671875,0.06259097525473072,0.09315866084425037,10.734375,9.941741180847274,14.471272793616475
1908-04-01,7.24,0.4267,0.6333,8.66,3.84,255.98,15.09,22.39,12.45,1908,0.6737723038054635,0.05893646408839779,0.08747237569060773,11.432180641086374,10.529032296212705,15.149161941202115
1908-05-01,7.63,0.4233,0.6267,8.66,3.83,269.77,14.97,22.16,13.08,1908,0.6754427955959789,0.055478374836173,0.08213630406290957,12.174884314664112,11.14791591991286,16.039611127264923
1908-06-01,7.64,0.42,0.62,8.66,3.82,270.13,14.85,21.92,13.05,1908,0.6774193548387096,0.0549738219895288,0.08115183246073299,12.32258064516129,11.21406557827119,16.134787194602662
1908-07-01,7.92,0.4167,0.6133,8.75,3.81,276.98,14.57,21.45,13.35,1908,0.6794390999510844,0.05261363636363637,0.07743686868686868,12.913745312245231,11.676425611930279,16.62723007138872
1908-08-01,8.26,0.4133,0.6067,8.75,3.81,288.87,14.45,21.22,13.88,1908,0.6812263062469095,0.0500363196125908,0.07345036319612591,13.614636558430854,12.22888124165636,17.41392688811866
1908-09-01,8.17,0.41,0.6,8.75,3.8,285.72,14.34,20.98,13.7,1908,0.6833333333333333,0.05018359853121175,0.07343941248470012,13.616666666666667,12.146627457114267,17.29679749893072
1908-10-01,8.27,0.4067,0.5933,8.85,3.79,286.11,14.07,20.53,13.69,1908,0.6854879487611664,0.04917775090689239,0.07174123337363968,13.938985336254843,12.346097777452435,17.38218963921552
1908-11-01,8.83,0.4033,0.5867,8.94,3.78,302.24,13.8,20.08,14.44,1908,0.6874041247656383,0.04567383918459796,0.06644394110985277,15.050281234020794,13.23270534527358,18.442898053927163
1908-12-01,9.03,0.4,0.58,9.04,3.77,305.83,13.55,19.64,14.58,1908,0.6896551724137931,0.044296788482835,0.06423034330011074,15.568965517241379,13.582792575307607,18.72141543012531
1909-01-01,9.06,0.4033,0.595,8.94,3.76,310.11,13.8,20.37,14.76,1909,0.6778151260504202,0.04451434878587196,0.06567328918322295,15.226890756302522,13.678057639512424,19.063601587060944
1909-02-01,8.8,0.4067,0.61,9.04,3.77,298.04,13.77,20.66,14.17,1909,0.6667213114754098,0.046215909090909085,0.0693181818181818,14.426229508196723,13.336269751458127,18.38162844061596
1909-03-01,8.92,0.41,0.625,9.04,3.78,302.1,13.89,21.17,14.34,1909,0.6559999999999999,0.04596412556053812,0.07006726457399103,14.272,13.569490294545416,18.703080649340254
1909-04-01,9.32,0.4133,0.64,9.23,3.8,309.14,13.71,21.23,14.65,1909,0.64578125,0.04434549356223176,0.06866952789699571,14.5625,14.229963430145022,19.209679776772152
1909-05-01,9.63,0.4167,0.655,9.32,3.81,316.17,13.68,21.5,14.95,1909,0.6361832061068702,0.043271028037383176,0.0680166147455867,14.702290076335878,14.75586389371636,19.7272600982517
1909-06-01,9.8,0.42,0.67,9.42,3.82,318.5,13.65,21.77,15.04,1909,0.626865671641791,0.04285714285714285,0.06836734693877551,14.626865671641792,15.06956007602592,19.93277266956295
1909-07-01,9.94,0.4233,0.685,9.42,3.83,323.05,13.76,22.26,15.23,1909,0.617956204379562,0.042585513078470826,0.06891348088531188,14.510948905109487,15.338659363097811,20.288715038662286
1909-08-01,10.18,0.4267,0.7,9.51,3.85,327.54,13.73,22.52,15.42,1909,0.6095714285714287,0.0419155206286837,0.06876227897838899,14.542857142857143,15.7634430106005,20.653259717358807
1909-09-01,10.19,0.43,0.715,9.61,3.86,324.61,13.7,22.78,15.25,1909,0.6013986013986015,0.042198233562315994,0.07016683022571148,14.251748251748252,15.833988805409726,20.52981274874144
1909-10-01,10.23,0.4333,0.73,9.8,3.87,319.56,13.54,22.8,14.99,1909,0.5935616438356165,0.04235581622678397,0.07135874877810361,14.013698630136988,15.951824345260256,20.281605238973754
1909-11-01,10.18,0.4367,0.745,9.9,3.88,314.94,13.51,23.05,14.75,1909,0.5861744966442953,0.04289783889980354,0.0731827111984283,13.664429530201343,15.930162817740257,20.049477647378144
1909-12-01,10.3,0.44,0.76,9.99,3.9,315.62,13.48,23.29,14.75,1909,0.5789473684210527,0.04271844660194175,0.07378640776699029,13.55263157894737,16.17489216089721,20.174089722200122
1910-01-01,10.08,0.4425,0.7575,9.9,3.91,311.85,13.69,23.43,14.55,1910,0.5841584158415842,0.04389880952380952,0.07514880952380952,13.306930693069308,15.886989549619102,19.995140382651922
1910-02-01,9.72,0.445,0.755,9.9,3.92,300.71,13.77,23.36,14.0,1910,0.5894039735099338,0.045781893004115226,0.07767489711934156,12.874172185430464,15.37771539304959,19.354175131050294
1910-03-01,9.96,0.4475,0.7525,10.09,3.92,302.32,13.58,22.84,14.05,1910,0.5946843853820598,0.044929718875502005,0.07555220883534135,13.235880398671098,15.816080479485546,19.531056766540132
1910-04-01,9.72,0.45,0.75,10.18,3.93,292.28,13.53,22.55,13.56,1910,0.6,0.046296296296296294,0.07716049382716049,12.96,15.494187777290527,18.964398792243614
1910-05-01,9.56,0.4525,0.7475,9.99,3.93,292.94,13.87,22.91,13.57,1910,0.6053511705685618,0.0473326359832636,0.07819037656903766,12.789297658862877,15.298916377833933,19.081531338119202
1910-06-01,9.1,0.455,0.745,9.9,3.94,281.53,14.08,23.05,13.02,1910,0.610738255033557,0.05,0.08186813186813187,12.21476510067114,14.623120886684408,18.404453156372497
1910-07-01,8.64,0.4575,0.7425,9.9,3.95,267.3,14.15,22.97,12.34,1910,0.6161616161616161,0.05295138888888889,0.0859375,11.636363636363637,13.944859830905502,17.55080338313965
1910-08-01,8.85,0.46,0.74,9.8,3.95,276.45,14.37,23.12,12.75,1910,0.6216216216216216,0.05197740112994351,0.08361581920903954,11.95945945945946,14.345330704232284,18.239063323952475
1910-09-01,8.91,0.4625,0.7375,9.7,3.96,281.06,14.59,23.26,12.94,1910,0.6271186440677966,0.05190796857463524,0.08277216610549944,12.081355932203389,14.504723267612645,18.631840403551916
1910-10-01,9.32,0.465,0.735,9.42,3.96,302.9,15.11,23.89,13.92,1910,0.6326530612244898,0.049892703862660946,0.078862660944206,12.680272108843537,15.234911005995786,20.15148525846152
1910-11-01,9.31,0.4675,0.7325,9.23,3.97,308.81,15.51,24.3,14.16,1910,0.6382252559726962,0.05021482277121375,0.07867883995703545,12.709897610921502,15.281907110225655,20.629746759849585
1910-12-01,9.05,0.47,0.73,9.23,3.97,300.19,15.59,24.21,13.74,1910,0.6438356164383562,0.05193370165745856,0.08066298342541435,12.397260273972604,14.919078085790698,20.13994723173912
1911-01-01,9.27,0.47,0.7183,9.23,3.98,307.48,15.59,23.83,14.05,1911,0.6543227063900876,0.05070118662351672,0.07748651564185546,12.905471251566196,15.346318719739216,20.71669894343994
1911-02-01,9.43,0.47,0.7067,8.94,3.98,322.77,16.09,24.19,14.72,1911,0.6650629687278902,0.04984093319194061,0.07494167550371156,13.343710202348946,15.676035563861623,21.84825538318969
1911-03-01,9.32,0.47,0.695,9.04,3.98,315.65,15.92,23.54,14.37,1911,0.6762589928057554,0.05042918454935622,0.07457081545064377,13.410071942446045,15.558285208353649,21.44427363894762
1911-04-01,9.28,0.47,0.6833,8.75,3.99,324.54,16.44,23.9,14.75,1911,0.6878384311429825,0.050646551724137935,0.07363146551724138,13.581150300014633,15.556894088431584,22.153017181926575
1911-05-01,9.48,0.47,0.6717,8.75,3.99,331.54,16.44,23.49,15.05,1911,0.6997171356260236,0.049578059071729956,0.07085443037974683,14.1134435015632,15.957830565028194,22.72395072460015
1911-06-01,9.67,0.47,0.66,8.75,3.99,338.18,16.44,23.08,15.33,1911,0.712121212121212,0.048603929679420885,0.06825232678386764,14.65151515151515,16.343590358047074,23.273272669859036
1911-07-01,9.63,0.47,0.6483,8.85,4.0,333.16,16.26,22.43,15.08,1911,0.7249730063242326,0.04880581516095534,0.0673208722741433,14.854234150856087,16.342181913514324,23.00831487484616
1911-08-01,9.17,0.47,0.6367,9.13,4.0,307.33,15.75,21.34,13.9,1911,0.7381812470551279,0.05125408942202835,0.06943293347873501,14.402387309564944,15.628024604209655,21.32805986510978
1911-09-01,8.67,0.47,0.625,9.23,4.0,287.58,15.59,20.73,13.0,1911,0.752,0.05420991926182237,0.07208765859284891,13.872,14.842646777407772,20.03676910579641
1911-10-01,8.72,0.47,0.6133,9.23,4.0,289.24,15.59,20.34,13.07,1911,0.7663459970650579,0.053899082568807336,0.07033256880733944,14.218164030653842,14.995296066641016,20.24283737706902
1911-11-01,9.07,0.47,0.6017,9.13,4.0,303.98,15.75,20.17,13.73,1911,0.7811201595479474,0.05181918412348401,0.06633958103638368,15.073957121489114,15.664524207229828,21.377872028705767
1911-12-01,9.11,0.47,0.59,9.04,4.01,308.54,15.92,19.98,13.93,1911,0.7966101694915254,0.05159165751920966,0.06476399560922064,15.440677966101696,15.801250576183044,21.77915732071247
1912-01-01,9.12,0.4708,0.5992,9.13,4.01,305.66,15.78,20.08,13.79,1912,0.7857142857142858,0.05162280701754386,0.06570175438596491,15.220293724966622,15.886529919761056,21.680850251941155
1912-02-01,9.04,0.4717,0.6083,9.23,4.05,299.86,15.65,20.18,13.53,1912,0.7754397501232945,0.05217920353982301,0.06728982300884956,14.861088278809797,15.815516666501304,21.35009075456189
1912-03-01,9.3,0.4725,0.6175,9.42,4.08,302.25,15.36,20.07,13.64,1912,0.7651821862348177,0.05080645161290322,0.06639784946236559,15.06072874493927,16.339157809671224,21.612091964809288
1912-04-01,9.59,0.4733,0.6267,9.7,4.12,302.51,14.93,19.77,13.65,1912,0.755225785862454,0.04935349322210636,0.06534932221063608,15.30237753310994,16.91783631543041,21.73157118456319
1912-05-01,9.58,0.4742,0.6358,9.7,4.16,302.19,14.96,20.06,13.65,1912,0.7458320226486316,0.049498956158663884,0.06636743215031315,15.067631330607108,16.969774719759936,21.7982879389906
1912-06-01,9.58,0.475,0.645,9.61,4.19,305.18,15.13,20.55,13.79,1912,0.7364341085271318,0.049582463465553235,0.06732776617954071,14.852713178294573,17.03977356433292,22.093192363328637
1912-07-01,9.59,0.4758,0.6542,9.61,4.23,305.5,15.16,20.84,13.8,1912,0.7273005197187404,0.049614181438998955,0.06821689259645464,14.659125649648425,17.127966546855344,22.20754039269694
1912-08-01,9.81,0.4767,0.6633,9.7,4.27,309.44,15.04,20.92,13.98,1912,0.7186793306196292,0.048593272171253823,0.06761467889908257,14.789687924016283,17.59170758062917,22.597183139653556
1912-09-01,9.86,0.4775,0.6725,9.8,4.3,308.0,14.92,21.01,13.93,1912,0.7100371747211895,0.048427991886409734,0.06820486815415822,14.661710037174721,17.752606251645677,22.571170805663787
1912-10-01,9.84,0.4783,0.6817,9.8,4.34,307.38,14.94,21.29,13.91,1912,0.7016282822355875,0.04860772357723577,0.06927845528455284,14.43450198034326,17.78824049762916,22.616477204128504
1912-11-01,9.73,0.4792,0.6908,9.8,4.38,303.94,14.97,21.58,13.75,1912,0.6936884771279677,0.049249743062692704,0.07099691675231243,14.0851187029531,17.66144203872965,22.455262020670553
1912-12-01,9.38,0.48,0.7,9.7,4.41,295.88,15.14,22.08,13.39,1912,0.6857142857142857,0.05117270788912579,0.07462686567164178,13.400000000000002,17.09862349181542,21.963798835878368
1913-01-01,9.3,0.48,0.6942,9.8,4.45,290.51,14.99,21.69,13.15,1913,0.6914433880726015,0.051612903225806445,0.07464516129032257,13.396715643906655,17.025708253044353,21.64697192172782
1913-02-01,8.97,0.48,0.6883,9.8,4.43,280.2,14.99,21.5,12.68,1913,0.6973703327037628,0.05351170568561872,0.07673355629877368,13.03210809240157,16.494799070960173,20.97195881879222
1913-03-01,8.8,0.48,0.6825,9.8,4.4,274.89,14.99,21.32,12.44,1913,0.7032967032967032,0.054545454545454536,0.07755681818181817,12.893772893772894,16.25574401196075,20.66801738663581
1913-04-01,8.79,0.48,0.6767,9.8,4.38,274.58,14.99,21.14,12.43,1913,0.7093246638096645,0.05460750853242321,0.07698521046643914,12.989507906014481,16.31116132109243,20.73847653681752
1913-05-01,8.55,0.48,0.6708,9.7,4.35,269.83,15.15,21.17,12.22,1913,0.7155635062611807,0.05614035087719298,0.07845614035087718,12.745974955277283,15.940031370669397,20.47554545139595
1913-06-01,8.12,0.48,0.665,9.8,4.33,253.65,14.99,20.77,11.49,1913,0.7218045112781954,0.05911330049261084,0.08189655172413794,12.210526315789473,15.212942220428335,19.342169394544598
1913-07-01,8.23,0.48,0.6592,9.9,4.3,254.49,14.84,20.38,11.53,1913,0.7281553398058253,0.058323207776427695,0.08009720534629404,12.484830097087379,15.49396947819487,19.50049087861698
1913-08-01,8.45,0.48,0.6533,9.9,4.28,261.29,14.84,20.2,11.85,1913,0.7347313638450941,0.056804733727810655,0.07731360946745562,12.934333384356345,15.983450895488994,20.116545268463927
1913-09-01,8.53,0.48,0.6475,10.0,4.26,261.13,14.69,19.82,11.84,1913,0.7413127413127413,0.05627198124267292,0.07590855803048066,13.173745173745173,16.210434813531442,20.19820177766018
1913-10-01,8.26,0.48,0.6417,10.0,4.23,252.86,14.69,19.64,11.47,1913,0.7480130902290789,0.05811138014527845,0.07768765133171913,12.872058594358734,15.773342198395191,19.65358437920041
1913-11-01,8.05,0.48,0.6358,10.1,4.21,243.99,14.55,19.27,11.07,1913,0.7549543881723811,0.059627329192546576,0.07898136645962732,12.661214218307645,15.448709247580764,19.05850665592637
1913-12-01,8.04,0.48,0.63,10.0,4.18,246.13,14.69,19.29,11.17,1913,0.7619047619047619,0.05970149253731344,0.07835820895522388,12.761904761904761,15.506282077074852,19.32082746803527
1914-01-01,8.37,0.475,0.6208,10.0,4.16,256.23,14.54,19.0,11.64,1914,0.7651417525773195,0.05675029868578256,0.07416965352449224,13.482603092783503,16.2198796353482,20.20997002564386
1914-02-01,8.48,0.47,0.6117,9.9,4.17,262.22,14.53,18.91,11.91,1914,0.7683504986104299,0.05542452830188679,0.07213443396226416,13.863004740886055,16.50975104061951,20.778939188496878
1914-03-01,8.32,0.465,0.6025,9.9,4.17,257.27,14.38,18.63,11.69,1914,0.7717842323651453,0.05588942307692308,0.07241586538461539,13.809128630705393,16.274500067654706,20.482855640704813
1914-04-01,8.12,0.46,0.5933,9.8,4.18,253.65,14.37,18.53,11.52,1914,0.7753244564301365,0.056650246305418726,0.0730665024630542,13.686162143940669,15.95908382535791,20.29083514938363
1914-05-01,8.17,0.455,0.5842,9.9,4.19,252.63,14.07,18.06,11.48,1914,0.7788428620335501,0.05569155446756426,0.07150550795593635,13.984936665525504,16.132694548417017,20.30438121952283
1914-06-01,8.13,0.45,0.575,9.9,4.19,251.4,13.91,17.78,11.43,1914,0.782608695652174,0.05535055350553505,0.07072570725707256,14.139130434782611,16.128580744217604,20.29920364373246
1914-07-01,7.68,0.445,0.5658,10.0,4.2,235.11,13.62,17.32,10.69,1914,0.7864969954047367,0.057942708333333336,0.073671875,13.573700954400849,15.310248695387372,19.07656987445267
1914-08-01,7.68,0.44,0.5567,10.2,4.21,230.5,13.21,16.71,10.49,1914,0.7903718340219149,0.05729166666666667,0.07248697916666666,13.795581102927969,15.384175134943007,18.792825704057833
1914-09-01,7.68,0.435,0.5475,10.2,4.21,230.5,13.06,16.43,10.5,1914,0.7945205479452055,0.056640625,0.0712890625,14.027397260273972,15.457623887757405,18.882548396221303
1914-10-01,7.68,0.43,0.5383,10.1,4.22,232.78,13.03,16.32,10.61,1914,0.7988110718929965,0.055989583333333336,0.07009114583333334,14.267137284042356,15.530584677592197,19.159513374534534
1914-11-01,7.68,0.425,0.5292,10.2,4.23,230.5,12.76,15.88,10.52,1914,0.8030990173847317,0.055338541666666664,0.06890625,14.512471655328797,15.603047258010651,19.060193023020858
1914-12-01,7.35,0.42,0.52,10.1,4.23,222.78,12.73,15.76,10.17,1914,0.8076923076923076,0.05714285714285714,0.0707482993197279,14.134615384615383,15.004557977877537,18.510573505381597
1915-01-01,7.48,0.4208,0.55,10.1,4.24,226.72,12.75,16.67,10.36,1915,0.765090909090909,0.056256684491978605,0.07352941176470588,13.6,15.341394993707443,18.9261169922371
1915-02-01,7.38,0.4217,0.58,10.0,4.22,225.92,12.91,17.76,10.33,1915,0.7270689655172414,0.0571409214092141,0.07859078590785908,12.724137931034484,15.208217464974188,18.949438961357842
1915-03-01,7.57,0.4225,0.61,9.9,4.21,234.08,13.06,18.86,10.71,1915,0.6926229508196722,0.05581241743725231,0.08058124174372523,12.40983606557377,15.672174568916382,19.724777285727082
1915-04-01,8.14,0.4233,0.64,10.0,4.19,249.19,12.96,19.59,11.4,1915,0.66140625,0.052002457002457,0.07862407862407862,12.71875,16.92513766674504,21.088721532764325
1915-05-01,7.95,0.4242,0.67,10.1,4.18,240.96,12.86,20.31,11.03,1915,0.6331343283582089,0.05335849056603774,0.08427672955974844,11.865671641791044,16.60342489948618,20.483037054217604
1915-06-01,8.04,0.425,0.7,10.1,4.16,243.69,12.88,21.22,11.15,1915,0.6071428571428572,0.05286069651741294,0.08706467661691543,11.485714285714286,16.865216007807007,20.805999154185674
1915-07-01,8.01,0.4258,0.73,10.1,4.14,242.78,12.91,22.13,11.11,1915,0.5832876712328767,0.05315855181023721,0.09113607990012484,10.972602739726028,16.876578352754223,20.820016462902736
1915-08-01,8.35,0.4267,0.76,10.1,4.13,253.09,12.93,23.04,11.58,1915,0.5614473684210527,0.05110179640718563,0.09101796407185629,10.986842105263158,17.667698689227795,21.79599264037409
1915-09-01,8.66,0.4275,0.79,10.1,4.11,262.48,12.96,23.94,12.01,1915,0.5411392405063291,0.049364896073903,0.09122401847575058,10.962025316455696,18.398862822507443,22.69800304638047
1915-10-01,9.14,0.4283,0.82,10.2,4.1,274.31,12.85,24.61,12.55,1915,0.5223170731707317,0.04685995623632385,0.08971553610503281,11.146341463414636,19.494349386347558,23.81368562293045
1915-11-01,9.46,0.4292,0.85,10.3,4.08,281.16,12.76,25.26,12.86,1915,0.5049411764705882,0.04536997885835095,0.08985200845665961,11.129411764705884,20.252990264226362,24.500219290510728
1915-12-01,9.48,0.43,0.88,10.3,4.07,281.76,12.78,26.15,12.88,1915,0.48863636363636365,0.04535864978902953,0.09282700421940927,10.772727272727273,20.372381570470377,24.644647996899117
1916-01-01,9.33,0.4408,0.9342,10.4,4.05,274.63,12.98,27.5,12.54,1916,0.47184757011346606,0.0472454448017149,0.10012861736334405,9.987154784842646,20.12703907089632,24.113741040708476
1916-02-01,9.2,0.4517,0.9883,10.4,4.06,270.81,13.3,29.09,12.35,1916,0.4570474552261459,0.04909782608695652,0.10742391304347826,9.308914297278154,19.925840588151168,23.872689781573417
1916-03-01,9.17,0.4625,1.042,10.5,4.08,267.35,13.48,30.38,12.18,1916,0.44385796545105566,0.05043620501635769,0.11363140676117776,8.800383877159309,19.942391309002016,23.664971020015727
1916-04-01,9.07,0.4733,1.097,10.6,4.09,261.94,13.67,31.68,11.91,1916,0.43144940747493166,0.052183020948180815,0.12094818081587651,8.268003646308113,19.808735242204587,23.28460765262917
1916-05-01,9.27,0.4842,1.151,10.7,4.11,265.22,13.85,32.93,12.03,1916,0.4206776715899218,0.05223300970873787,0.12416396979503777,8.053866203301476,20.33167202069987,23.67594704466546
1916-06-01,9.36,0.495,1.205,10.8,4.12,265.31,14.03,34.16,12.0,1916,0.4107883817427386,0.052884615384615384,0.12873931623931625,7.767634854771783,20.617565596524923,23.786561790064866
1916-07-01,9.23,0.5058,1.259,10.8,4.14,261.63,14.34,35.69,11.79,1916,0.40174741858617957,0.05479956663055255,0.13640303358613215,7.3312152501985715,20.422073187690355,23.561021473946465
1916-08-01,9.3,0.5167,1.313,10.9,4.16,261.19,14.51,36.88,11.73,1916,0.39352627570449356,0.05555913978494624,0.14118279569892472,7.083015993907084,20.670213546086828,23.628519338003844
1916-09-01,9.68,0.5275,1.368,11.1,4.17,266.97,14.55,37.73,11.94,1916,0.38559941520467833,0.05449380165289256,0.14132231404958678,7.076023391812865,21.61050452376979,24.258278051006453
1916-10-01,9.98,0.5383,1.422,11.3,4.19,270.37,14.58,38.52,12.05,1916,0.3785513361462729,0.053937875751503,0.14248496993987975,7.018284106891702,22.37838811039049,24.675638571280132
1916-11-01,10.21,0.5492,1.476,11.5,4.2,271.79,14.62,39.29,12.05,1916,0.3720867208672087,0.053790401567091084,0.144564152791381,6.917344173441735,22.99470939883822,24.914267748654286
1916-12-01,9.8,0.56,1.53,11.6,4.21,258.62,14.78,40.38,11.41,1916,0.36601307189542487,0.05714285714285714,0.15612244897959182,6.405228758169935,22.1743920968431,23.818355648850435
1917-01-01,9.57,0.5708,1.509,11.7,4.23,250.4,14.93,39.48,10.99,1917,0.37826375082836317,0.05964472309299895,0.15768025078369904,6.341948310139165,21.75956503380692,23.173006865062757
1917-02-01,9.03,0.5817,1.488,12.0,4.26,230.36,14.84,37.96,10.06,1917,0.3909274193548387,0.0644186046511628,0.1647840531561462,6.068548387096774,20.63990618934704,21.431102593272012
1917-03-01,9.31,0.5925,1.468,12.0,4.29,237.5,15.12,37.45,10.33,1917,0.4036103542234333,0.06364124597207305,0.1576799140708915,6.3419618528610355,21.390702776893637,22.210679716674562
1917-04-01,9.17,0.6033,1.447,12.6,4.32,222.79,14.66,35.16,9.64,1917,0.41693158258465784,0.06579062159214831,0.15779716466739369,6.337249481686247,21.182482321560016,20.94712140687602
1917-05-01,8.86,0.6142,1.426,12.8,4.34,211.9,14.69,34.1,9.14,1917,0.4307152875175316,0.06932279909706546,0.16094808126410837,6.213183730715287,20.582523736939823,20.035800450177362
1917-06-01,9.04,0.625,1.405,13.0,4.37,212.88,14.72,33.09,9.15,1917,0.44483985765124556,0.06913716814159293,0.1554203539823009,6.434163701067615,21.11958202654684,20.24230708082874
1917-07-01,8.79,0.6358,1.384,12.8,4.4,210.22,15.21,33.1,9.0,1917,0.4593930635838151,0.07233219567690559,0.15745164960182026,6.351156069364162,20.657201796891158,20.108494874161238
1917-08-01,8.53,0.6467,1.363,13.0,4.43,200.87,15.23,32.1,8.57,1917,0.474468085106383,0.07581477139507621,0.15978898007033998,6.258253851797505,20.170696101936315,19.332836417702037
1917-09-01,8.12,0.6575,1.343,13.3,4.46,186.9,15.13,30.91,7.95,1917,0.48957557706626953,0.08097290640394089,0.16539408866995076,6.046165301563663,19.328614862659208,18.107860239754416
1917-10-01,7.68,0.6683,1.322,13.5,4.49,174.15,15.15,29.98,7.39,1917,0.5055219364599092,0.08701822916666667,0.17213541666666668,5.809379727685325,18.411676005899743,16.99329503951932
1917-11-01,7.04,0.6792,1.301,13.5,4.51,159.64,15.4,29.5,6.75,1917,0.5220599538816295,0.09647727272727273,0.18480113636363635,5.411222136817833,17.010882292243416,15.700414323063185
1917-12-01,6.8,0.69,1.28,13.7,4.54,151.95,15.42,28.6,6.41,1917,0.5390625,0.10147058823529412,0.18823529411764706,5.3125,16.567729477982414,15.068168561727072
1918-01-01,7.21,0.68,1.256,14.0,4.57,157.66,14.87,27.46,6.64,1918,0.5414012738853503,0.09431345353675452,0.17420249653259362,5.740445859872612,17.706760879593705,15.7590171828384
1918-02-01,7.43,0.67,1.232,14.1,4.56,161.31,14.55,26.75,6.78,1918,0.5438311688311689,0.09017496635262451,0.165814266487214,6.0308441558441555,18.386215874048755,16.247677290116844
1918-03-01,7.28,0.66,1.208,14.0,4.56,159.19,14.43,26.41,6.69,1918,0.5463576158940397,0.09065934065934066,0.16593406593406593,6.026490066225166,18.153191828090087,16.156340727000178
1918-04-01,7.21,0.65,1.183,14.2,4.55,155.44,14.01,25.5,6.52,1918,0.5494505494505495,0.09015256588072122,0.16407766990291264,6.094674556213017,18.11578827349924,15.8959663301268
1918-05-01,7.44,0.64,1.159,14.5,4.55,157.08,13.51,24.47,6.58,1918,0.5522001725625539,0.08602150537634408,0.1557795698924731,6.41932700603969,18.829783164999846,16.180627464544695
1918-06-01,7.45,0.63,1.135,14.7,4.54,155.15,13.12,23.64,6.5,1918,0.5550660792951542,0.08456375838926174,0.1523489932885906,6.563876651982379,18.990072537820183,16.096347198723777
1918-07-01,7.51,0.62,1.111,15.1,4.54,152.25,12.57,22.52,6.37,1918,0.558055805580558,0.08255659121171771,0.14793608521970705,6.75967596759676,19.276835378156388,15.906580716015139
1918-08-01,7.58,0.61,1.087,15.4,4.53,150.68,12.13,21.61,6.3,1918,0.5611775528978841,0.08047493403693931,0.1434036939313984,6.973321067157314,19.58913208978653,15.849388690827286
1918-09-01,7.54,0.6,1.063,15.7,4.52,147.02,11.7,20.73,6.15,1918,0.5644402634054563,0.07957559681697612,0.1409814323607427,7.0931326434619,19.61712887047774,15.568753230965138
1918-10-01,7.86,0.59,1.038,16.0,4.52,150.39,11.29,19.86,6.29,1918,0.5684007707129094,0.07506361323155215,0.13206106870229006,7.572254335260116,20.579773125395082,16.02649832140142
1918-11-01,8.06,0.58,1.014,16.3,4.51,151.37,10.89,19.04,6.33,1918,0.5719921104536488,0.07196029776674936,0.12580645161290321,7.948717948717949,21.232164152164927,16.230231002207056
1918-12-01,7.9,0.57,0.99,16.5,4.51,146.57,10.58,18.37,6.13,1918,0.5757575757575757,0.07215189873417721,0.12531645569620253,7.97979797979798,20.938004723257762,15.811365991017682
1919-01-01,7.85,0.5667,0.985,16.5,4.5,145.64,10.51,18.27,6.1,1919,0.5753299492385787,0.07219108280254777,0.12547770700636943,7.969543147208122,20.93137877239597,15.80636239418508
1919-02-01,7.88,0.5633,0.98,16.2,4.54,148.91,10.64,18.52,6.24,1919,0.574795918367347,0.07148477157360407,0.12436548223350254,8.040816326530612,21.137292877580467,16.257448719423003
1919-03-01,8.12,0.56,0.975,16.4,4.58,151.57,10.45,18.2,6.36,1919,0.5743589743589744,0.06896551724137932,0.12007389162561577,8.328205128205127,21.906984507924932,16.6439650590698
1919-04-01,8.39,0.5567,0.97,16.7,4.62,153.8,10.2,17.78,6.46,1919,0.5739175257731959,0.06635280095351609,0.11561382598331346,8.649484536082475,22.761320931674064,16.982398731057415
1919-05-01,8.97,0.5533,0.965,16.9,4.66,162.48,10.02,17.48,6.83,1919,0.5733678756476684,0.061683389074693416,0.10758082497212931,9.295336787564768,24.460665598411392,18.03431321634355
1919-06-01,9.21,0.55,0.96,16.9,4.7,166.83,9.96,17.39,7.02,1919,0.5729166666666667,0.05971769815418024,0.10423452768729641,9.593750000000002,25.24086629702739,18.609538110116056
1919-07-01,9.51,0.5467,0.955,17.4,4.73,167.31,9.62,16.8,7.05,1919,0.5724607329842932,0.05748685594111461,0.10042060988433228,9.958115183246074,26.188654888528145,18.75348505235981
1919-08-01,8.87,0.5433,0.95,17.7,4.77,153.41,9.4,16.43,6.48,1919,0.5718947368421053,0.061251409244644874,0.10710259301014656,9.336842105263157,24.551680371210075,17.28327330086314
1919-09-01,9.01,0.54,0.945,17.8,4.81,154.96,9.29,16.25,6.56,1919,0.5714285714285715,0.059933407325194234,0.1048834628190899,9.534391534391535,25.064511552808263,17.545158086965785
1919-10-01,9.47,0.5367,0.94,18.1,4.85,160.17,9.08,15.9,6.79,1919,0.5709574468085106,0.05667370644139387,0.09926082365364307,10.074468085106384,26.469348215868,18.221440816006368
1919-11-01,9.19,0.5333,0.935,18.5,4.89,152.07,8.82,15.47,6.47,1919,0.5703743315508021,0.05803046789989119,0.10174102285092493,9.828877005347593,25.811737244221916,17.38455384124352
1919-12-01,8.92,0.53,0.93,18.9,4.93,144.48,8.58,15.06,6.16,1919,0.5698924731182796,0.0594170403587444,0.10426008968609866,9.591397849462364,25.178216848874296,16.598972589257873
1920-01-01,8.83,0.5283,0.9192,19.3,4.97,140.06,8.38,14.58,5.99,1920,0.5747389033942558,0.059830124575311436,0.10409966024915063,9.606179286335944,25.04884447156786,16.171430161437076
1920-02-01,8.1,0.5267,0.9083,19.5,4.98,127.16,8.27,14.26,5.46,1920,0.579874490807002,0.06502469135802469,0.1121358024691358,8.91775844985137,23.102878323619528,14.762146867297403
1920-03-01,8.67,0.525,0.8975,19.7,4.99,134.73,8.16,13.95,5.8,1920,0.584958217270195,0.060553633217993084,0.10351787773933102,9.66016713091922,24.853824555580516,15.719728627539759
1920-04-01,8.6,0.5233,0.8867,20.3,5.0,129.69,7.89,13.37,5.6,1920,0.5901657832412315,0.06084883720930233,0.1031046511627907,9.698883500620276,24.778575086770367,15.208918501534916
1920-05-01,8.06,0.5217,0.8758,20.6,5.01,119.78,7.75,13.01,5.19,1920,0.5956839461064171,0.06472704714640198,0.10866004962779156,9.203014386846313,23.34835669317187,14.122355553248617
1920-06-01,7.92,0.52,0.865,20.9,5.02,116.01,7.62,12.67,5.04,1920,0.6011560693641619,0.06565656565656566,0.10921717171717171,9.15606936416185,23.068741292451218,13.752943373394364
1920-07-01,7.91,0.5183,0.8542,20.8,5.03,116.42,7.63,12.57,5.08,1920,0.6067665652072114,0.06552465233881163,0.10798988621997471,9.260126434090378,23.165831954456486,13.877224334256145
1920-08-01,7.6,0.5167,0.8433,20.3,5.04,114.61,7.79,12.72,5.02,1920,0.6127119648997984,0.06798684210526316,0.11096052631578948,9.012213921498873,22.38443663030369,13.739412828255368
1920-09-01,7.87,0.515,0.8325,20.0,5.05,120.46,7.88,12.74,5.3,1920,0.6186186186186187,0.06543837357052097,0.10578144853875476,9.453453453453454,23.30649379136797,14.519945632022246
1920-10-01,7.88,0.5133,0.8217,19.9,5.06,121.22,7.9,12.64,5.35,1920,0.624680540343191,0.06513959390862945,0.1042766497461929,9.589874650115615,23.463203062413275,14.69103066118942
1920-11-01,7.48,0.5117,0.8108,19.8,5.07,115.65,7.91,12.54,5.13,1920,0.6311050814010855,0.0684090909090909,0.10839572192513368,9.22545633941786,22.399542819523607,14.09587391572041
1920-12-01,6.81,0.51,0.8,19.4,5.08,107.46,8.05,12.62,4.78,1920,0.6375,0.07488986784140969,0.11747430249632894,8.5125,20.520861021303688,13.179893212651752
1921-01-01,7.11,0.5058,0.7575,19.0,5.09,114.56,8.15,12.2,5.12,1921,0.6677227722772278,0.07113924050632911,0.10654008438818564,9.386138613861387,21.55293075695663,14.134185117456822
1921-02-01,7.06,0.5017,0.715,18.4,5.02,117.46,8.35,11.9,5.27,1921,0.7016783216783218,0.07106232294617565,0.10127478753541076,9.874125874125873,21.52913462384241,14.578968337667199
1921-03-01,6.88,0.4975,0.6725,18.3,4.96,115.09,8.32,11.25,5.19,1921,0.7397769516728625,0.07231104651162791,0.09774709302325581,10.230483271375464,21.107725700958582,14.37170831879475
1921-04-01,6.91,0.4933,0.63,18.1,4.89,116.87,8.34,10.66,5.3,1921,0.783015873015873,0.07138929088277858,0.09117221418234443,10.968253968253968,21.326958680471325,14.68143122423606
1921-05-01,7.12,0.4892,0.5875,17.7,4.83,123.14,8.46,10.16,5.61,1921,0.8326808510638298,0.06870786516853933,0.08251404494382023,12.119148936170212,22.101977066769738,15.55879289559045
1921-06-01,6.55,0.485,0.545,17.6,4.76,113.93,8.44,9.48,5.22,1921,0.8899082568807338,0.07404580152671755,0.08320610687022902,12.01834862385321,20.459125522345097,14.484130909569314
1921-07-01,6.53,0.4808,0.5025,17.7,4.7,112.94,8.32,8.69,5.2,1921,0.9568159203980101,0.07362940275650842,0.07695252679938742,12.995024875621892,20.522897605716278,14.447192325831914
1921-08-01,6.45,0.4767,0.46,17.7,4.63,111.55,8.24,7.96,5.16,1921,1.036304347826087,0.07390697674418605,0.07131782945736434,14.021739130434783,20.397392596366362,14.358842471792368
1921-09-01,6.61,0.4725,0.4175,17.5,4.56,115.63,8.27,7.3,5.38,1921,1.1317365269461077,0.07148260211800302,0.06316187594553706,15.83233532934132,21.029000229902685,14.972648163690714
1921-10-01,6.7,0.4683,0.375,17.5,4.5,117.2,8.19,6.56,5.48,1921,1.2488,0.0698955223880597,0.055970149253731345,17.866666666666667,21.44059280248115,15.26570207536658
1921-11-01,7.06,0.4642,0.3325,17.4,4.43,124.21,8.17,5.85,5.84,1921,1.3960902255639096,0.06575070821529745,0.04709631728045326,21.233082706766915,22.71750810740802,16.267824771166893
1921-12-01,7.31,0.46,0.29,17.3,4.37,129.35,8.14,5.13,6.11,1921,1.5862068965517244,0.06292749658002737,0.03967168262653899,25.20689655172414,23.646426799401443,17.030894677487975
1922-01-01,7.3,0.4642,0.3233,16.9,4.3,132.23,8.41,5.86,6.29,1922,1.435818125579957,0.06358904109589042,0.04428767123287671,22.57964738632849,23.738079616453387,17.501566391775697
1922-02-01,7.46,0.4683,0.3567,16.9,4.3,135.13,8.48,6.46,6.46,1922,1.3128679562657695,0.06277479892761394,0.04781501340482574,20.913933277263805,24.384156436334074,17.977904686196602
1922-03-01,7.74,0.4725,0.39,16.7,4.31,141.88,8.66,7.15,6.82,1922,1.2115384615384615,0.061046511627906974,0.050387596899224806,19.846153846153847,25.426938675891915,18.971236880336125
1922-04-01,8.21,0.4767,0.4233,16.7,4.31,150.5,8.74,7.76,7.27,1922,1.1261516654854713,0.05806333739342265,0.051559074299634584,19.395227970706358,27.10030390690386,20.219747705390546
1922-05-01,8.53,0.4808,0.4567,16.7,4.32,156.36,8.81,8.37,7.59,1922,1.0527698708123494,0.05636576787807738,0.05354044548651817,18.677468797897962,28.287716431009944,21.10568543295712
1922-06-01,8.45,0.485,0.49,16.7,4.33,154.9,8.89,8.98,7.56,1922,0.9897959183673469,0.05739644970414202,0.05798816568047337,17.24489795918367,28.15528702778857,21.006878824326083
1922-07-01,8.51,0.4892,0.5233,16.8,4.33,155.07,8.91,9.54,7.6,1922,0.9348366137970572,0.05748531139835488,0.06149236192714454,16.26218230460539,28.489874018602038,21.129989897129846
1922-08-01,8.83,0.4933,0.5567,16.6,4.33,162.84,9.1,10.27,8.02,1922,0.8861146039159332,0.05586636466591167,0.06304643261608153,15.86132566912161,29.697652735810536,22.29112970410839
1922-09-01,9.06,0.4975,0.59,16.6,4.34,167.08,9.17,10.88,8.27,1922,0.8432203389830509,0.054911699779249444,0.06512141280353201,15.355932203389832,30.60946260411379,22.975536388389024
1922-10-01,9.26,0.5017,0.6233,16.7,4.34,169.74,9.2,11.43,8.43,1922,0.8049093534413606,0.054179265658747304,0.0673110151187905,14.856409433659554,31.425236315440312,23.4466134425381
1922-11-01,8.8,0.5058,0.6567,16.8,4.35,160.35,9.22,11.97,8.0,1922,0.7702147099132025,0.057477272727272724,0.07462499999999998,13.400335008375212,30.00603848065113,22.254478539816258
1922-12-01,8.78,0.51,0.69,16.9,4.35,159.04,9.24,12.5,7.96,1922,0.7391304347826088,0.0580865603644647,0.0785876993166287,12.72463768115942,30.08156504341777,22.178479316034643
1923-01-01,8.9,0.5117,0.7142,16.8,4.36,162.17,9.32,13.01,8.15,1923,0.7164659759171101,0.05749438202247191,0.08024719101123595,12.461495379445536,30.638313826966225,22.723416088333284
1923-02-01,9.28,0.5133,0.7383,16.8,4.33,169.1,9.35,13.45,8.53,1923,0.695245835026412,0.0553125,0.07955818965517242,12.569416226466206,32.093260795470194,23.802501756640396
1923-03-01,9.43,0.515,0.7625,16.8,4.31,171.83,9.38,13.89,8.7,1923,0.6754098360655738,0.05461293743372217,0.08085896076352067,12.3672131147541,32.7599394969623,24.29695512691371
1923-04-01,9.1,0.5167,0.7867,16.9,4.29,164.84,9.36,14.25,8.37,1923,0.6567942036354393,0.056780219780219784,0.08645054945054945,11.567306470064828,31.762608359042233,23.41787574873765
1923-05-01,8.67,0.5183,0.8108,16.9,4.26,157.05,9.39,14.69,8.0,1923,0.6392451899358658,0.059780853517877736,0.09351787773933103,10.693142575234337,30.412028511116038,22.422122795769578
1923-06-01,8.34,0.52,0.835,17.0,4.23,150.18,9.36,15.04,7.67,1923,0.6227544910179641,0.06235011990407674,0.10011990407673861,9.988023952095809,29.405982004707848,21.55285504580352
1923-07-01,8.06,0.5217,0.8592,17.2,4.21,143.45,9.29,15.29,7.35,1923,0.6071927374301677,0.06472704714640198,0.10660049627791562,9.380819366852887,28.57151968562941,20.69774042342689
1923-08-01,8.1,0.5233,0.8833,17.1,4.18,145.01,9.37,15.81,7.44,1923,0.5924374504698291,0.06460493827160493,0.10904938271604939,9.170157364428846,28.867426336467858,21.03439369312219
1923-09-01,8.15,0.525,0.9075,17.2,4.16,145.05,9.34,16.15,7.46,1923,0.578512396694215,0.06441717791411043,0.11134969325153374,8.980716253443527,29.201035184243107,21.153773162538904
1923-10-01,8.03,0.5267,0.9317,17.3,4.13,142.09,9.32,16.49,7.32,1923,0.5653107223355157,0.06559153175591531,0.11602739726027397,8.618654073199528,28.92783531518807,20.834729943771293
1923-11-01,8.27,0.5283,0.9558,17.3,4.11,146.34,9.35,16.91,7.55,1923,0.5527306967984934,0.06388149939540508,0.11557436517533252,8.652437748482946,29.950546570566356,21.571318512673802
1923-12-01,8.55,0.53,0.98,17.3,4.08,151.29,9.38,17.34,7.81,1923,0.5408163265306123,0.06198830409356725,0.11461988304093566,8.724489795918368,31.124032163375038,22.41649946564468
1924-01-01,8.83,0.5317,0.9758,17.3,4.06,156.25,9.41,17.27,8.07,1924,0.5448862471817995,0.06021517553793884,0.11050962627406569,9.048985447837671,32.30407587795134,23.266403782616976
1924-02-01,8.87,0.5333,0.9717,17.2,4.04,157.87,9.49,17.29,8.16,1924,0.5488319440156427,0.0601240135287486,0.10954904171364149,9.12833178964701,32.61251334082151,23.62511140852535
1924-03-01,8.7,0.535,0.9675,17.1,4.03,155.75,9.58,17.32,8.06,1924,0.5529715762273902,0.06149425287356323,0.11120689655172415,8.992248062015502,32.150870407238116,23.426891536502158
1924-04-01,8.5,0.5367,0.9633,17.0,4.01,153.06,9.66,17.35,7.92,1924,0.5571473061351603,0.06314117647058823,0.11332941176470589,8.823834734765908,31.57652775101686,23.14373739868648
1924-05-01,8.47,0.5383,0.9592,17.0,3.99,152.52,9.69,17.27,7.9,1924,0.5611968306922435,0.06355371900826445,0.11324675324675325,8.830275229357799,31.63122944173848,23.183830520238914
1924-06-01,8.63,0.54,0.955,17.0,3.98,155.4,9.72,17.2,8.05,1924,0.5654450261780105,0.06257242178447277,0.11066048667439164,9.036649214659686,32.39627323686466,23.744562619490218
1924-07-01,9.03,0.5417,0.9508,17.1,3.96,161.66,9.7,17.02,8.38,1924,0.569730753050063,0.05998892580287929,0.10529346622369878,9.497265460664703,34.06676473053844,24.82291745862625
1924-08-01,9.34,0.5433,0.9467,17.0,3.94,168.19,9.78,17.05,8.72,1924,0.5738882433717123,0.05816916488222698,0.10135974304068522,9.865849794021337,35.40657952614692,25.950940052693568
1924-09-01,9.25,0.545,0.9425,17.1,3.93,165.6,9.76,16.87,8.58,1924,0.5782493368700266,0.05891891891891892,0.10189189189189189,9.814323607427056,35.23703356583569,25.675639662591383
1924-10-01,9.13,0.5467,0.9383,17.2,3.91,162.5,9.73,16.7,8.42,1924,0.5826494724501758,0.059879518072289147,0.1027710843373494,9.730363423212193,34.95291514203909,25.320542015686456
1924-11-01,9.64,0.5483,0.9342,17.2,3.89,171.57,9.76,16.63,8.89,1924,0.586919289231428,0.05687759336099585,0.09690871369294606,10.318989509740955,37.079791733654936,26.86129098845003
1924-12-01,10.16,0.55,0.93,17.3,3.88,179.78,9.73,16.46,9.31,1924,0.5913978494623656,0.054133858267716536,0.09153543307086615,10.924731182795698,39.255697250819274,28.273178482381976
1925-01-01,10.58,0.5542,0.9567,17.3,3.86,187.22,9.81,16.93,9.69,1925,0.5792829518135257,0.05238185255198488,0.09042533081285443,11.058848123758754,41.055560666436726,29.569496295017434
1925-02-01,10.67,0.5583,0.9833,17.2,3.85,189.91,9.94,17.5,9.83,1925,0.5677819587104648,0.05232427366447985,0.0921555763823805,10.851215295433745,41.584018426684764,30.12423660444722
1925-03-01,10.39,0.5625,1.01,17.3,3.83,183.85,9.95,17.87,9.52,1925,0.556930693069307,0.054138594802694895,0.09720885466794994,10.287128712871288,40.674100085337976,29.294756477648047
1925-04-01,10.28,0.5667,1.037,17.2,3.81,182.96,10.09,18.46,9.48,1925,0.5464802314368371,0.055126459143968874,0.10087548638132296,9.91321118611379,40.4269824175914,29.286058193208653
1925-05-01,10.61,0.5708,1.063,17.3,3.8,187.75,10.1,18.81,9.73,1925,0.5369708372530574,0.053798303487276156,0.10018850141376061,9.981185324553152,41.91045211043925,30.18521579746087
1925-06-01,10.8,0.575,1.09,17.5,3.79,188.92,10.06,19.07,9.8,1925,0.5275229357798165,0.053240740740740734,0.10092592592592593,9.908256880733944,42.84886176231202,30.50838957476616
1925-07-01,11.1,0.5792,1.117,17.7,3.77,191.98,10.02,19.32,9.96,1925,0.518531781557744,0.05218018018018018,0.10063063063063063,9.937332139659803,44.22921668405316,31.135369484932344
1925-08-01,11.25,0.5833,1.143,17.7,3.76,194.57,10.09,19.77,10.11,1925,0.510323709536308,0.051848888888888896,0.1016,9.84251968503937,45.01923284272208,31.69150515369024
1925-09-01,11.51,0.5875,1.17,17.7,3.74,199.07,10.16,20.24,10.36,1925,0.5021367521367522,0.05104257167680278,0.10165073848827107,9.837606837606838,46.254193768547665,32.56086182802847
1925-10-01,11.89,0.5917,1.197,17.7,3.73,205.64,10.23,20.7,10.72,1925,0.4943191311612364,0.04976450798990748,0.10067283431455004,9.933166248955722,47.97800974323345,33.77435036162084
1925-11-01,12.26,0.5958,1.223,18.0,3.71,208.51,10.13,20.8,10.89,1925,0.4871627146361406,0.048597063621533446,0.09975530179445352,10.024529844644317,49.66998445324906,34.38266701597129
1925-12-01,12.46,0.6,1.25,17.9,3.7,213.09,10.26,21.38,11.15,1925,0.48,0.04815409309791332,0.10032102728731941,9.968,50.68141280714414,35.278793495922685
1926-01-01,12.65,0.6075,1.249,17.9,3.68,216.34,10.39,21.36,11.34,1926,0.48638911128903123,0.04802371541501976,0.09873517786561266,10.128102481985588,51.65761979540375,35.95832081847658
1926-02-01,12.67,0.615,1.248,17.9,3.65,216.68,10.52,21.34,11.39,1926,0.4927884615384615,0.04853985793212313,0.09850039463299132,10.15224358974359,51.9460244909018,36.15907626573388
1926-03-01,11.81,0.6225,1.248,17.8,3.62,203.11,10.71,21.46,10.71,1926,0.498798076923077,0.05270956816257409,0.1056731583403895,9.463141025641026,48.630211759487686,34.04114823164138
1926-04-01,11.48,0.63,1.247,17.9,3.6,196.33,10.77,21.33,10.4,1926,0.5052125100240576,0.054878048780487805,0.10862369337979094,9.206094627105053,47.48497233140915,33.053785209461346
1926-05-01,11.56,0.6375,1.246,17.8,3.57,198.81,10.96,21.43,10.58,1926,0.511637239165329,0.0551470588235294,0.10778546712802768,9.2776886035313,48.033034947603554,33.62312446332248
1926-06-01,12.11,0.645,1.245,17.7,3.54,209.45,11.16,21.53,11.2,1926,0.5180722891566265,0.05326176713459951,0.10280759702725022,9.726907630522087,50.53908375407184,35.57723071049352
1926-07-01,12.62,0.6525,1.244,17.5,3.51,220.76,11.41,21.76,11.87,1926,0.5245176848874598,0.05170364500792393,0.09857369255150555,10.144694533762058,52.891801216198836,37.65896246593358
1926-08-01,13.12,0.66,1.243,17.4,3.48,230.83,11.61,21.87,12.49,1926,0.5309734513274336,0.05030487804878049,0.0947408536585366,10.555108608205952,55.215247515662405,39.53919448535366
1926-09-01,13.32,0.6675,1.242,17.5,3.45,233.01,11.68,21.73,12.69,1926,0.53743961352657,0.05011261261261261,0.09324324324324323,10.72463768115942,56.28840971966347,40.0773477204004
1926-10-01,13.02,0.675,1.242,17.6,3.42,226.46,11.74,21.6,12.43,1926,0.5434782608695653,0.051843317972350235,0.09539170506912442,10.483091787439614,55.255716016567156,39.11853531627425
1926-11-01,13.19,0.6825,1.241,17.7,3.4,228.13,11.8,21.46,12.62,1926,0.5499597099113618,0.051743745261561794,0.09408642911296437,10.628525382755841,56.21590078989652,39.57345332441304
1926-12-01,13.49,0.69,1.24,17.7,3.37,233.31,11.93,21.45,13.01,1926,0.5564516129032258,0.05114899925871015,0.09191994069681245,10.879032258064516,57.73690530804621,40.6441717592235
1927-01-01,13.4,0.6967,1.229,17.5,3.34,234.41,12.19,21.5,13.19,1927,0.5668836452400325,0.051992537313432834,0.09171641791044777,10.903173311635475,57.5978060180157,41.009637884827185
1927-02-01,13.66,0.7033,1.218,17.4,3.34,240.33,12.37,21.43,13.63,1927,0.5774220032840723,0.051486090775988286,0.08916544655929722,11.215106732348112,58.96493006172814,42.22431198673176
1927-03-01,13.87,0.71,1.208,17.3,3.34,245.43,12.56,21.38,14.03,1927,0.5877483443708609,0.05118961788031723,0.08709444844989185,11.4817880794702,60.12440821612034,43.303475512882045
1927-04-01,14.21,0.7167,1.197,17.3,3.34,251.45,12.68,21.18,14.49,1927,0.5987468671679198,0.05043631245601689,0.08423645320197044,11.871345029239766,61.85473695533698,44.5497122811271
1927-05-01,14.7,0.7233,1.186,17.4,3.34,258.62,12.73,20.87,15.0,1927,0.6098650927487353,0.049204081632653066,0.08068027210884354,12.39460370994941,64.24763598931112,46.007215196943484
1927-06-01,14.89,0.73,1.175,17.6,3.34,258.99,12.7,20.44,15.12,1927,0.6212765957446809,0.049026192075218265,0.07891202149093351,12.672340425531916,65.34148477143526,46.25880115068656
1927-07-01,15.22,0.7367,1.164,17.3,3.33,269.32,13.04,20.6,15.82,1927,0.6329037800687286,0.04840341655716163,0.07647831800262811,13.075601374570448,67.05657075519412,48.29623535316293
1927-08-01,16.03,0.7433,1.153,17.2,3.33,285.3,13.23,20.52,16.86,1927,0.6446660884648742,0.046369307548346846,0.0719276356830942,13.902862098872507,70.89576503583275,51.35821118293466
1927-09-01,16.94,0.75,1.143,17.3,3.33,299.76,13.27,20.23,17.82,1927,0.6561679790026247,0.04427390791027154,0.06747343565525384,14.820647419072618,75.19436441378258,54.157328358134734
1927-10-01,16.68,0.7567,1.132,17.4,3.33,293.46,13.31,19.92,17.54,1927,0.6684628975265019,0.045365707434052764,0.06786570743405275,14.734982332155479,74.3176886775534,53.218298903581356
1927-11-01,17.06,0.7633,1.121,17.3,3.33,301.88,13.51,19.84,18.13,1927,0.6809099018733273,0.04474208675263775,0.06570926143024619,15.218554861730597,76.29173371848039,54.94768798452402
1927-12-01,17.46,0.77,1.11,17.3,3.33,308.96,13.63,19.64,18.65,1927,0.6936936936936936,0.04410080183276059,0.06357388316151202,15.72972972972973,78.3649742528494,56.440900531242974
1928-01-01,17.53,0.7767,1.133,17.3,3.33,310.2,13.74,20.05,18.81,1928,0.6855251544571932,0.044306902452937814,0.06463205932686822,15.472197705207416,78.96714878772477,56.87460542745957
1928-02-01,17.32,0.7833,1.155,17.1,3.35,310.07,14.02,20.68,18.87,1928,0.6781818181818181,0.04522517321016166,0.06668591224018476,14.995670995670995,78.31273050249165,57.06296035444713
1928-03-01,18.25,0.79,1.177,17.1,3.38,326.72,14.14,21.07,19.94,1928,0.6711979609175871,0.04328767123287672,0.06449315068493151,15.505522514868309,82.81288655623688,60.34202143220534
1928-04-01,19.4,0.7967,1.2,17.1,3.4,347.3,14.26,21.48,21.26,1928,0.6639166666666667,0.041067010309278354,0.061855670103092786,16.166666666666668,88.32996424964095,64.36206751757463
1928-05-01,20.0,0.8033,1.222,17.2,3.42,355.96,14.3,21.75,21.83,1928,0.6573649754500819,0.040165,0.0611,16.366612111292962,91.36410611010103,66.18585826348017
1928-06-01,19.02,0.81,1.245,17.1,3.44,340.5,14.5,22.29,20.91,1928,0.6506024096385542,0.04258675078864354,0.06545741324921137,15.277108433734938,87.19306818753209,63.53366255068127
1928-07-01,19.16,0.8167,1.268,17.1,3.46,343.01,14.62,22.7,21.08,1928,0.6440851735015772,0.042625260960334026,0.0661795407098121,15.110410094637224,88.1443069703351,64.2267874181506
1928-08-01,19.78,0.8233,1.29,17.1,3.49,354.11,14.74,23.09,21.76,1928,0.6382170542635659,0.041622851365015166,0.06521739130434782,15.333333333333334,91.30967361682937,66.5332475593973
1928-09-01,21.17,0.83,1.312,17.3,3.51,374.61,14.69,23.22,23.0,1928,0.6326219512195121,0.03920642418516768,0.06197449220595182,16.135670731707318,98.04299266897569,70.61362362170156
1928-10-01,21.6,0.8367,1.335,17.2,3.53,384.44,14.89,23.76,23.58,1928,0.6267415730337079,0.03873611111111111,0.06180555555555555,16.179775280898877,100.35474485795051,72.69884424011997
1928-11-01,23.06,0.8433,1.357,17.2,3.56,410.42,15.01,24.15,25.12,1928,0.6214443625644805,0.03656981786643539,0.05884648742411102,16.9933677229182,107.4619282874796,77.84742014313929
1928-12-01,23.15,0.85,1.38,17.1,3.58,414.44,15.22,24.71,25.3,1928,0.6159420289855073,0.0367170626349892,0.059611231101511876,16.77536231884058,108.20882596988531,78.84689892308602
1929-01-01,24.86,0.86,1.399,17.1,3.6,445.05,15.4,25.05,27.08,1929,0.6147248034310221,0.03459372485921158,0.056275140788415126,17.769835596854897,116.53288144496253,84.91226332188496
1929-02-01,24.99,0.87,1.418,17.1,3.57,447.38,15.57,25.39,27.13,1929,0.613540197461213,0.034813925570228096,0.05674269707883153,17.623413258110013,117.47820717939805,85.60107961726898
1929-03-01,25.43,0.88,1.438,17.0,3.55,457.93,15.85,25.89,27.68,1929,0.611961057023644,0.03460479748328746,0.056547384978372,17.684283727399166,119.88747413335732,87.87046633539013
1929-04-01,25.28,0.89,1.457,16.9,3.52,457.92,16.12,26.39,27.57,1929,0.6108442004118051,0.035205696202531646,0.05763449367088608,17.350720658888125,119.52603594944497,88.12392946331862
1929-05-01,25.66,0.9,1.476,17.0,3.5,462.07,16.21,26.58,27.7,1929,0.6097560975609756,0.03507404520654715,0.05752143413873733,17.384823848238483,121.67337540067281,89.17942691131667
1929-06-01,26.15,0.91,1.495,17.1,3.47,468.14,16.29,26.76,27.94,1929,0.608695652173913,0.034799235181644364,0.05717017208413003,17.49163879598662,124.35246570080454,90.61004225918272
1929-07-01,28.48,0.92,1.514,17.3,3.45,503.96,16.28,26.79,29.93,1929,0.607661822985469,0.032303370786516857,0.05316011235955056,18.8110964332893,135.7930510570258,97.80239399829719
1929-08-01,30.1,0.93,1.533,17.3,3.42,532.63,16.46,27.13,31.48,1929,0.6066536203522506,0.030897009966777408,0.05093023255813953,19.634703196347033,143.8827822119914,103.62887088794295
1929-09-01,31.3,0.94,1.552,17.3,3.39,553.86,16.63,27.46,32.56,1929,0.6056701030927835,0.030031948881789134,0.049584664536741214,20.167525773195877,149.98943517796545,108.02707296632656
1929-10-01,27.99,0.95,1.572,17.3,3.37,495.29,16.81,27.82,28.96,1929,0.6043256997455471,0.033940693104680245,0.05616291532690247,17.80534351145038,134.50330552886666,96.87347901096408
1929-11-01,20.58,0.96,1.591,17.3,3.34,364.17,16.99,28.15,21.17,1929,0.6033940917661847,0.04664723032069971,0.0773080660835763,12.935260842237586,99.27567724681832,71.50144153152348
1929-12-01,21.4,0.97,1.61,17.2,3.32,380.88,17.26,28.65,22.01,1929,0.6024844720496894,0.04532710280373832,0.0752336448598131,13.291925465838508,103.6171791672331,75.06221235021654
1930-01-01,21.71,0.9708,1.557,17.1,3.29,388.66,17.38,27.87,22.31,1930,0.6235067437379577,0.044716720405343156,0.07171810225702441,13.943481053307645,105.50956456557549,76.88006868345441
1930-02-01,23.07,0.9717,1.503,17.0,3.29,415.43,17.5,27.07,23.7,1930,0.6465069860279442,0.04211963589076723,0.06514954486345903,15.34930139720559,112.51226984344456,82.46487542643055
1930-03-01,23.94,0.9725,1.45,16.9,3.3,433.65,17.62,26.27,24.59,1930,0.6706896551724139,0.04062238930659983,0.060568086883876354,16.51034482758621,117.1501699654372,86.37225548931052
1930-04-01,25.46,0.9733,1.397,17.0,3.3,458.47,17.53,25.16,25.84,1930,0.696707229778096,0.03822859387274156,0.054870384917517674,18.224767358625627,124.9848526459613,91.606544939334
1930-05-01,23.94,0.9742,1.343,16.9,3.31,433.65,17.65,24.33,24.31,1930,0.7253909158600149,0.04069340016708437,0.05609857978279031,17.82576321667908,117.92123666277847,86.94074608391834
1930-06-01,21.52,0.975,1.29,16.8,3.31,392.13,17.77,23.51,21.87,1930,0.7558139534883721,0.04530669144981413,0.05994423791821562,16.682170542635657,106.40092949231686,78.91402270680167
1930-07-01,21.06,0.9758,1.237,16.6,3.32,388.38,18.0,22.81,21.55,1930,0.7888439773645917,0.04633428300094967,0.05873694207027541,17.0250606305578,104.5282830218143,78.45918111155459
1930-08-01,20.79,0.9767,1.183,16.5,3.32,385.72,18.12,21.95,21.3,1930,0.8256128486897717,0.04697931697931698,0.056902356902356906,17.57396449704142,103.59178041648829,78.2274899387542
1930-09-01,20.78,0.9775,1.13,16.6,3.32,383.21,18.03,20.84,21.07,1930,0.8650442477876107,0.04704042348411935,0.05437921077959576,18.389380530973455,103.94750864433344,78.02325046436111
1930-10-01,17.92,0.9783,1.077,16.5,3.33,332.47,18.15,19.98,18.21,1930,0.9083565459610028,0.05459263392857142,0.06010044642857142,16.638811513463327,90.04844782073026,68.00022180886661
1930-11-01,16.62,0.9792,1.023,16.4,3.33,310.23,18.28,19.1,16.94,1930,0.9571847507331379,0.05891696750902527,0.061552346570397105,16.246334310850443,83.92558049604474,63.762971523214496
1930-12-01,15.51,0.98,0.97,16.1,3.34,294.91,18.63,18.44,16.06,1930,1.0103092783505154,0.06318504190844616,0.06254029658284978,15.989690721649485,78.73249584008009,60.9321054762359
1931-01-01,15.98,0.9667,0.94,15.9,3.34,307.67,18.61,18.1,16.71,1931,1.028404255319149,0.06049436795994994,0.0588235294117647,17.0,81.53288871812292,63.89306876904475
1931-02-01,17.2,0.9533,0.91,15.7,3.37,335.38,18.59,17.74,18.16,1931,1.0475824175824175,0.055424418604651166,0.05290697674418605,18.901098901098898,88.16857569328525,69.9732772699576
1931-03-01,17.53,0.94,0.88,15.6,3.4,344.0,18.45,17.27,18.58,1931,1.0681818181818181,0.053622361665715906,0.050199657729606384,19.920454545454547,90.26740642465066,72.09819769558638
1931-04-01,15.86,0.9267,0.85,15.5,3.42,313.24,18.3,16.79,16.87,1931,1.090235294117647,0.058430012610340476,0.053593947036569986,18.658823529411766,82.07142114840599,65.97483274252508
1931-05-01,14.33,0.9133,0.82,15.3,3.45,286.72,18.27,16.41,15.4,1931,1.113780487804878,0.0637334263782275,0.05722260990928123,17.475609756097562,74.55368414595482,60.71496107572529
1931-06-01,13.87,0.9,0.79,15.1,3.48,281.19,18.25,16.02,15.06,1931,1.139240506329114,0.06488824801730354,0.056957462148521994,17.556962025316455,72.55643794477332,59.871073959726864
1931-07-01,14.33,0.8867,0.76,15.1,3.51,290.52,17.98,15.41,15.52,1931,1.1667105263157895,0.06187718073970691,0.05303558967201675,18.855263157894736,75.35511813947078,62.180448478000386
1931-08-01,13.9,0.8733,0.73,15.1,3.54,281.8,17.7,14.8,15.01,1931,1.1963013698630136,0.0628273381294964,0.05251798561151079,19.04109589041096,73.4825022616771,60.63523034307925
1931-09-01,11.83,0.86,0.7,15.0,3.57,241.43,17.55,14.29,12.82,1931,1.2285714285714286,0.07269653423499577,0.05917159763313609,16.900000000000002,62.92415042141968,52.26899428339262
1931-10-01,10.25,0.8467,0.67,14.9,3.6,210.59,17.4,13.77,11.15,1931,1.263731343283582,0.08260487804878049,0.06536585365853659,15.298507462686567,54.9012769174207,45.91073224101088
1931-11-01,10.39,0.8333,0.64,14.7,3.62,216.37,17.35,13.33,11.42,1931,1.30203125,0.08020211742059673,0.06159769008662175,16.234375,56.02907412382109,47.491310447810264
1931-12-01,8.44,0.82,0.61,14.6,3.65,176.97,17.19,12.79,9.31,1931,1.3442622950819672,0.0971563981042654,0.07227488151658767,13.836065573770492,45.8879824729546,39.16193572691879
1932-01-01,8.3,0.7933,0.5933,14.3,3.68,177.68,16.98,12.7,9.31,1932,1.3370975897522333,0.09557831325301204,0.07148192771084337,13.989549974717681,45.49833333268268,39.64400233043539
1932-02-01,8.23,0.7667,0.5767,14.1,3.65,178.68,16.65,12.52,9.34,1932,1.3294607248135948,0.0931591737545565,0.07007290400972054,14.270851395873072,45.47700027880079,40.187476842117576
1932-03-01,8.26,0.74,0.56,14.0,3.62,180.62,16.18,12.25,9.41,1932,1.3214285714285714,0.08958837772397095,0.06779661016949154,14.749999999999998,45.99582304322084,40.936282508466554
1932-04-01,6.28,0.7133,0.5433,13.9,3.59,138.31,15.71,11.97,7.19,1932,1.3129026320633168,0.1135828025477707,0.08651273885350318,11.558991349162525,35.31358084734772,31.655195493377885
1932-05-01,5.51,0.6867,0.5267,13.7,3.56,123.12,15.34,11.77,6.39,1932,1.3037782418834252,0.12462794918330308,0.09558983666061706,10.461363204860453,31.317982256436366,28.483361964612932
1932-06-01,4.77,0.66,0.51,13.6,3.53,107.37,14.86,11.48,5.57,1932,1.2941176470588236,0.13836477987421386,0.10691823899371071,9.352941176470587,27.43719544425155,25.137312884953996
1932-07-01,5.01,0.6333,0.4933,13.6,3.5,112.77,14.26,11.1,5.84,1932,1.2838029596594362,0.1264071856287425,0.09846307385229541,10.156091627812689,29.134045057680105,26.69192657490398
1932-08-01,7.53,0.6067,0.4767,13.5,3.46,170.75,13.76,10.81,8.83,1932,1.2727082022236207,0.08057104913678619,0.06330677290836653,15.796098174952801,44.09519131981043,40.69822843295097
1932-09-01,8.26,0.58,0.46,13.4,3.43,188.7,13.25,10.51,9.76,1932,1.2608695652173911,0.07021791767554479,0.05569007263922519,17.956521739130434,48.666090263317166,45.252200349323275
1932-10-01,7.12,0.5533,0.4433,13.3,3.4,163.88,12.74,10.2,8.48,1932,1.248138957816377,0.07771067415730337,0.062261235955056185,16.061357996841867,42.23423208686988,39.56680690243599
1932-11-01,7.05,0.5267,0.4267,13.2,3.37,163.5,12.21,9.9,8.46,1932,1.2343566908835246,0.07470921985815603,0.060524822695035466,16.522146707288492,42.09251211567015,39.73278037585228
1932-12-01,6.82,0.5,0.41,13.1,3.34,159.37,11.68,9.58,8.26,1932,1.2195121951219512,0.07331378299120234,0.06011730205278592,16.634146341463417,40.98133945245589,38.97919767767943
1933-01-01,7.09,0.495,0.4125,12.9,3.31,168.25,11.75,9.79,8.73,1933,1.2,0.06981664315937941,0.058180535966149506,17.187878787878788,42.854142599476724,41.39245091391318
1933-02-01,6.25,0.49,0.415,12.7,3.29,150.65,11.81,10.0,7.83,1933,1.180722891566265,0.0784,0.0664,15.060240963855422,38.02625171071339,37.30764537917236
1933-03-01,6.23,0.485,0.4175,12.6,3.28,151.36,11.78,10.14,7.87,1933,1.1616766467065869,0.07784911717495986,0.06701444622792936,14.922155688622755,38.153005883082436,37.72908359549264
1933-04-01,6.89,0.48,0.42,12.6,3.26,167.4,11.66,10.2,8.72,1933,1.1428571428571428,0.06966618287373004,0.06095791001451379,16.404761904761905,42.44241217585006,41.97082981834062
1933-05-01,8.87,0.475,0.4225,12.6,3.25,215.5,11.54,10.26,11.25,1933,1.1242603550295858,0.05355129650507328,0.04763246899661781,20.994082840236686,54.88561574554776,54.27577557059724
1933-06-01,10.39,0.47,0.425,12.7,3.23,250.45,11.33,10.24,13.1,1933,1.1058823529411765,0.04523580365736284,0.04090471607314725,24.447058823529414,64.5359755602596,63.316398069357064
1933-07-01,11.23,0.465,0.4275,13.1,3.21,262.43,10.87,9.99,13.75,1933,1.087719298245614,0.04140694568121104,0.03806767586821015,26.269005847953217,69.99679158657287,66.57710100524413
1933-08-01,10.67,0.46,0.43,13.2,3.2,247.45,10.67,9.97,13.0,1933,1.0697674418604652,0.04311152764761012,0.04029990627928772,24.813953488372093,66.74783097976066,63.00590712180439
1933-09-01,10.58,0.455,0.4325,13.2,3.18,245.37,10.55,10.03,12.92,1933,1.0520231213872833,0.04300567107750473,0.040879017013232516,24.46242774566474,66.42462217620356,62.70081759965882
1933-10-01,9.55,0.45,0.435,13.2,3.17,221.48,10.44,10.09,11.7,1933,1.0344827586206897,0.04712041884816753,0.04554973821989528,21.95402298850575,60.19600586391856,56.82138129275949
1933-11-01,9.78,0.445,0.4375,13.2,3.15,226.81,10.32,10.15,12.01,1933,1.0171428571428571,0.04550102249488753,0.044734151329243355,22.354285714285712,61.88212435277699,58.41297495724253
1933-12-01,9.97,0.44,0.44,13.2,3.14,231.22,10.2,10.2,12.28,1933,1.0,0.04413239719157472,0.04413239719157472,22.65909090909091,63.31897497361304,59.76927486145595
1934-01-01,10.54,0.4408,0.4442,13.2,3.12,244.44,10.22,10.3,13.03,1934,0.9923457901846017,0.04182163187855788,0.042144212523719166,23.728050427735255,67.17188485164633,63.4061882766298
1934-02-01,11.32,0.4417,0.4483,13.3,3.09,260.55,10.17,10.32,13.93,1934,0.9852777158153022,0.03901943462897526,0.03960247349823321,25.25094802587553,72.37696240583684,67.80578583283662
1934-03-01,10.74,0.4425,0.4525,13.3,3.06,247.2,10.19,10.42,13.25,1934,0.9779005524861878,0.04120111731843575,0.042132216014897576,23.734806629834253,68.90394448733001,64.552116414446
1934-04-01,10.92,0.4433,0.4567,13.3,3.04,251.35,10.2,10.51,13.52,1934,0.9706590759798556,0.0405952380952381,0.04182234432234432,23.910663455222245,70.29533582445195,65.85563040396025
1934-05-01,9.81,0.4442,0.4608,13.3,3.01,225.8,10.22,10.61,12.18,1934,0.9639756944444444,0.04528032619775739,0.046972477064220176,21.2890625,63.38773546722729,59.38429954298136
1934-06-01,9.94,0.445,0.465,13.4,2.98,227.08,10.17,10.62,12.29,1934,0.9569892473118279,0.04476861167002012,0.046780684104627775,21.376344086021504,64.46692081740922,59.94461443171036
1934-07-01,9.47,0.4458,0.4692,13.4,2.96,216.35,10.18,10.72,11.74,1934,0.9501278772378516,0.04707497360084477,0.04954593453009504,20.183290707587386,61.65919400950814,57.33384756406503
1934-08-01,9.1,0.4467,0.4733,13.4,2.93,207.89,10.21,10.81,11.32,1934,0.9437988590745827,0.04908791208791209,0.052010989010989016,19.226706106063805,59.4920068156259,55.31868693452975
1934-09-01,8.88,0.4475,0.4775,13.6,2.9,199.88,10.07,10.75,10.91,1934,0.93717277486911,0.05039414414414414,0.053772522522522515,18.59685863874346,58.297100052359305,53.41043137149978
1934-10-01,8.95,0.4483,0.4817,13.5,2.87,202.95,10.17,10.92,11.11,1934,0.9306622379074112,0.05008938547486034,0.053821229050279334,18.58002906373261,59.0014686364191,54.45617031183571
1934-11-01,9.2,0.4492,0.4858,13.5,2.84,208.62,10.19,11.02,11.45,1934,0.9246603540551667,0.04882608695652174,0.052804347826086964,18.937834499794153,60.89583329469624,56.2045987297715
1934-12-01,9.26,0.45,0.49,13.4,2.82,211.55,10.28,11.19,11.64,1934,0.9183673469387755,0.04859611231101512,0.052915766738660906,18.897959183673468,61.54075547121943,57.223717400850305
1935-01-01,9.26,0.45,0.57,13.6,2.79,208.44,10.13,12.83,11.5,1935,0.7894736842105264,0.04859611231101512,0.06155507559395248,16.24561403508772,61.789975593268096,56.61052175677357
1935-02-01,8.98,0.45,0.65,13.7,2.78,200.66,10.06,14.52,11.09,1935,0.6923076923076923,0.05011135857461024,0.07238307349665925,13.815384615384616,60.171825584481105,54.72561655347698
1935-03-01,8.41,0.45,0.73,13.7,2.77,187.92,10.06,16.31,10.4,1935,0.6164383561643836,0.0535077288941736,0.08680142687277051,11.52054794520548,56.603730136403584,51.48047281018896
1935-04-01,9.04,0.446667,0.756667,13.8,2.75,200.54,9.91,16.79,11.1,1935,0.5903085505248676,0.04941006637168142,0.08370210176991151,11.947131300823214,61.09635675543442,55.16381196903717
1935-05-01,9.75,0.443333,0.783333,13.8,2.74,216.29,9.83,17.38,11.99,1935,0.5659572621094733,0.04547005128205128,0.08034184615384615,12.446813807154813,66.1464183883546,59.7235052984709
1935-06-01,10.12,0.44,0.81,13.7,2.73,226.13,9.83,18.1,12.54,1935,0.5432098765432098,0.04347826086956522,0.08003952569169961,12.493827160493826,68.9072302494457,62.67037145314551
1935-07-01,10.65,0.44,0.793333,13.7,2.72,237.98,9.83,17.73,13.2,1935,0.554622081773984,0.04131455399061033,0.0744913615023474,13.424375388393022,72.76567199595617,66.17958197588423
1935-08-01,11.37,0.44,0.776667,13.7,2.71,254.06,9.83,17.35,14.11,1935,0.5665233620071408,0.03869832893579596,0.06830844327176781,14.639478695502705,77.93556481069234,70.88154288622093
1935-09-01,11.61,0.44,0.76,13.7,2.7,259.43,9.83,16.98,14.42,1935,0.5789473684210527,0.03789836347975883,0.06546080964685616,15.276315789473683,79.83197403944857,72.60630631617002
1935-10-01,11.92,0.45,0.76,13.7,2.69,266.35,10.06,16.98,14.83,1935,0.5921052631578947,0.037751677852348994,0.06375838926174497,15.68421052631579,82.2157022335636,74.77428100950384
1935-11-01,13.04,0.46,0.76,13.8,2.67,289.27,10.2,16.86,16.13,1935,0.6052631578947368,0.035276073619631906,0.05828220858895706,17.157894736842103,90.19931593619361,81.44083163514293
1935-12-01,13.04,0.47,0.76,13.8,2.66,289.27,10.43,16.86,16.16,1935,0.6184210526315789,0.036042944785276074,0.05828220858895706,17.157894736842103,90.46447241197741,81.68024103284337
1936-01-01,13.76,0.48,0.77,13.8,2.65,305.24,10.65,17.08,17.09,1936,0.6233766233766234,0.03488372093023256,0.0559593023255814,17.87012987012987,95.73116044669824,86.4355260265116
1936-02-01,14.55,0.49,0.78,13.8,2.65,322.76,10.87,17.3,18.1,1936,0.6282051282051282,0.03367697594501718,0.05360824742268041,18.653846153846153,101.50564178178251,91.64929685514566
1936-03-01,14.86,0.5,0.79,13.7,2.66,332.05,11.17,17.65,18.66,1936,0.6329113924050632,0.033647375504710635,0.0531628532974428,18.81012658227848,103.95317186140052,94.54427163452924
1936-04-01,14.88,0.516667,0.82,13.7,2.66,332.49,11.54,18.32,18.72,1936,0.6300817073170732,0.03472224462365591,0.05510752688172042,18.146341463414636,104.38456120178543,94.93661551636836
1936-05-01,14.09,0.533333,0.85,13.7,2.66,314.84,11.92,18.99,17.75,1936,0.6274505882352941,0.03785188076650106,0.060326472675656495,16.576470588235296,99.14467778942833,90.17099892381584
1936-06-01,14.69,0.55,0.88,13.8,2.66,325.87,12.2,19.52,18.39,1936,0.625,0.03744043567052417,0.059904697072838665,16.693181818181817,103.6793288925946,93.61191579722671
1936-07-01,15.56,0.57,0.9,13.9,2.67,342.69,12.55,19.82,19.36,1936,0.6333333333333333,0.03663239074550128,0.05784061696658098,17.288888888888888,110.14311278486608,98.7326032589519
1936-08-01,15.87,0.59,0.92,14.0,2.67,347.02,12.9,20.12,19.62,1936,0.6413043478260869,0.037177063642091994,0.05797101449275363,17.25,112.67371450855435,100.27960591261339
1936-09-01,16.05,0.61,0.94,14.0,2.67,350.95,13.34,20.55,19.86,1936,0.648936170212766,0.038006230529595016,0.058566978193146414,17.074468085106385,114.30075039859074,101.72766785474577
1936-10-01,16.89,0.646667,0.966667,14.0,2.67,369.32,14.14,21.14,20.91,1936,0.6689656313911615,0.038286974541148606,0.057233096506808766,17.472407768135252,120.64485746900057,107.37392314741052
1936-11-01,17.36,0.683333,0.993333,14.0,2.67,379.6,14.94,21.72,21.5,1936,0.6879193583622008,0.0393625,0.05721964285714286,17.476515931716754,124.38698320498867,110.70441505243993
1936-12-01,17.06,0.72,1.02,14.0,2.68,373.04,15.74,22.3,21.13,1936,0.7058823529411764,0.04220398593200469,0.05978898007033998,16.72549019607843,122.64545378321665,109.15445386706284
1937-01-01,17.59,0.73,1.05,14.1,2.68,381.9,15.85,22.8,21.62,1937,0.6952380952380952,0.041500852757248435,0.059693007390562824,16.752380952380953,126.88700230209696,112.12851409107293
1937-02-01,18.11,0.74,1.08,14.1,2.67,393.19,16.07,23.45,22.24,1937,0.6851851851851851,0.040861402540033134,0.059635560463832143,16.768518518518515,131.07689431482018,115.83107114628791
1937-03-01,18.09,0.75,1.11,14.2,2.66,389.99,16.17,23.93,22.04,1937,0.6756756756756757,0.04145936981757877,0.06135986733001659,16.297297297297295,131.37847008859808,115.2799815002769
1937-04-01,17.01,0.78,1.13,14.3,2.65,364.14,16.7,24.19,20.56,1937,0.6902654867256638,0.04585537918871252,0.06643151087595531,15.053097345132747,123.98888505182923,108.03507047173372
1937-05-01,16.25,0.81,1.15,14.4,2.64,345.46,17.22,24.45,19.47,1937,0.7043478260869567,0.04984615384615385,0.07076923076923076,14.130434782608697,118.92290767904726,102.90134928339785
1937-06-01,15.64,0.84,1.17,14.4,2.63,332.49,17.86,24.87,18.71,1937,0.717948717948718,0.053708439897698204,0.0748081841432225,13.367521367521368,114.95271214576215,99.46602731501365
1937-07-01,16.57,0.816667,1.18667,14.5,2.62,349.83,17.24,25.05,19.65,1937,0.6882005949421491,0.04928587809293905,0.07161557030778515,13.963443922910331,122.30262980214079,105.09591498859822
1937-08-01,16.74,0.793333,1.20333,14.5,2.61,353.42,16.75,25.4,19.81,1937,0.659281327649107,0.047391457586618876,0.07188351254480288,13.91139587644287,124.05971030188424,106.6057924387226
1937-09-01,14.37,0.77,1.22,14.6,2.6,301.3,16.15,25.58,16.85,1937,0.6311475409836066,0.053583855254001396,0.0848990953375087,11.778688524590164,106.98564867886223,91.30419058483723
1937-10-01,12.28,0.78,1.19,14.6,2.59,257.48,16.35,24.95,14.36,1937,0.6554621848739496,0.06351791530944625,0.09690553745928339,10.319327731092438,91.90317872187349,78.43243882702355
1937-11-01,11.2,0.79,1.16,14.5,2.58,236.46,16.68,24.49,13.16,1937,0.6810344827586208,0.0705357142857143,0.10357142857142856,9.655172413793103,84.30694693012255,72.44583163788462
1937-12-01,11.02,0.8,1.13,14.4,2.57,234.27,17.01,24.02,13.01,1937,0.7079646017699116,0.07259528130671507,0.10254083484573502,9.752212389380531,83.44756808120687,72.20532627026651
1938-01-01,11.31,0.793333,1.07667,14.2,2.56,243.82,17.1,23.21,13.51,1938,0.7368395144287478,0.07014438549955791,0.09519628647214853,10.504611440831454,86.14838168819088,75.59217153766609
1938-02-01,11.04,0.786667,1.02333,14.1,2.54,239.69,17.08,22.22,13.26,1938,0.768732471441275,0.07125606884057972,0.0926929347826087,10.788308756706046,84.59535779650284,74.7558977407394
1938-03-01,10.31,0.78,0.97,14.1,2.53,223.84,16.93,21.06,12.38,1938,0.8041237113402062,0.07565470417070805,0.09408341416100872,10.628865979381445,79.50397073456396,70.25670037962178
1938-04-01,9.89,0.766667,0.903333,14.2,2.51,213.21,16.53,19.47,11.79,1938,0.8487091692653761,0.07751941354903943,0.09133801820020222,10.948343523373994,76.76644312925163,67.35985080214614
1938-05-01,9.98,0.753333,0.836667,14.1,2.49,216.68,16.36,18.17,11.99,1938,0.9003976492439645,0.07548426853707414,0.08383436873747495,11.928282100286015,77.96093299472318,68.8931365329256
1938-06-01,10.21,0.74,0.77,14.1,2.48,221.67,16.07,16.72,12.29,1938,0.961038961038961,0.07247796278158668,0.07541625857002938,13.25974025974026,80.24802984343017,70.91421644320143
1938-07-01,12.24,0.713333,0.72,14.1,2.46,265.74,15.49,15.63,14.77,1938,0.9907402777777778,0.05827883986928104,0.058823529411764705,17.0,96.68800330955895,85.44202278277338
1938-08-01,12.31,0.686667,0.67,14.1,2.44,267.26,14.91,14.55,14.9,1938,1.024876119402985,0.05578123476848091,0.054427294882209584,18.37313432835821,97.71052963203203,86.3456169656113
1938-09-01,11.75,0.66,0.62,14.1,2.43,255.11,14.33,13.46,14.28,1938,1.0645161290322582,0.05617021276595745,0.05276595744680851,18.951612903225808,93.7197351365242,82.81899998589303
1938-10-01,13.06,0.61,0.626667,14.0,2.41,285.57,13.34,13.7,16.06,1938,0.9734037375512035,0.04670750382848392,0.04798369065849923,20.840414446588063,104.60717670770342,93.10038726985606
1938-11-01,13.07,0.56,0.633333,14.0,2.39,285.79,12.25,13.85,16.15,1938,0.8842109916899956,0.04284621270084162,0.04845700076511094,20.636852966764717,105.09443576204633,93.53404782822125
1938-12-01,12.69,0.51,0.64,14.0,2.38,277.48,11.15,13.99,15.76,1938,0.796875,0.04018912529550828,0.0504334121355398,19.828125,102.41413900708467,91.14858371630537
1939-01-01,12.5,0.513333,0.663333,14.0,2.36,273.33,11.22,14.5,15.6,1939,0.7738692331001172,0.04106664,0.05306664,18.84423057499024,101.223746138405,90.08913406318047
1939-02-01,12.4,0.516667,0.686667,13.9,2.35,273.09,11.38,15.12,15.66,1939,0.7524273046469394,0.0416666935483871,0.055376370967741936,18.058243661046767,100.76036609780753,90.32188212796272
1939-03-01,12.39,0.52,0.71,13.9,2.33,272.87,11.45,15.64,15.73,1939,0.7323943661971831,0.041969330104923326,0.05730427764326069,17.450704225352116,101.02897034605296,90.56265974905179
1939-04-01,10.83,0.523333,0.726667,13.8,2.32,240.24,11.61,16.12,13.92,1939,0.7201826971639005,0.048322530009233616,0.06709759926131116,14.903662888228034,88.66195891009545,80.05275420433256
1939-05-01,11.23,0.526667,0.743333,13.8,2.31,249.12,11.68,16.49,14.5,1939,0.7085209455250877,0.046898219056099734,0.06619171861086376,15.107630093107666,92.2936696804152,83.33182059550532
1939-06-01,11.43,0.53,0.76,13.8,2.3,253.55,11.76,16.86,14.83,1939,0.6973684210526316,0.046369203849518814,0.06649168853893264,15.039473684210526,94.29806888910153,85.14158973610182
1939-07-01,11.71,0.54,0.776667,13.8,2.29,259.76,11.98,17.23,15.27,1939,0.6952786715542183,0.04611443210930828,0.06632510674637061,15.07724674796277,96.9724600233871,87.55629361531908
1939-08-01,11.54,0.55,0.793333,13.8,2.27,255.99,12.2,17.6,15.12,1939,0.69327760221748,0.04766031195840555,0.06874636048526864,14.546224599254034,95.93731420759518,86.62166195845188
1939-09-01,12.77,0.56,0.81,14.1,2.26,277.25,12.16,17.59,16.45,1939,0.6913580246913581,0.043852779953014884,0.06342991386061081,15.76543209876543,106.54390202185199,94.15156164484226
1939-10-01,12.9,0.58,0.84,14.0,2.25,282.07,12.68,18.37,16.82,1939,0.6904761904761905,0.04496124031007751,0.06511627906976744,15.357142857142858,108.01788448260851,96.13591718952158
1939-11-01,12.67,0.6,0.87,14.0,2.24,277.05,13.12,19.02,16.6,1939,0.689655172413793,0.0473559589581689,0.06866614048934491,14.563218390804598,106.49670238847358,94.7820651257415
1939-12-01,12.37,0.62,0.9,14.0,2.22,270.49,13.56,19.68,16.28,1939,0.6888888888888889,0.050121261115602264,0.07275666936135813,13.744444444444444,104.39534677701988,92.9118586315477
1940-01-01,12.3,0.623333,0.93,13.9,2.21,270.89,13.73,20.48,16.38,1940,0.6702505376344086,0.050677479674796744,0.07560975609756097,13.225806451612904,104.24062448996153,93.44159576582163
1940-02-01,12.22,0.626667,0.96,14.0,2.19,267.21,13.7,20.99,16.22,1940,0.652778125,0.05128207855973813,0.0785597381342062,12.729166666666668,104.00285769914066,92.5625433522352
1940-03-01,12.15,0.63,0.99,14.0,2.17,265.67,13.78,21.65,16.17,1940,0.6363636363636364,0.05185185185185185,0.08148148148148147,12.272727272727273,103.85155354173796,92.42788265214679
1940-04-01,12.27,0.636667,1.00667,14.0,2.15,268.3,13.92,22.01,16.37,1940,0.6324485680510992,0.0518881010594947,0.08204319478402608,12.18870136191602,105.32598917844165,93.74013036881307
1940-05-01,10.58,0.643333,1.02333,14.0,2.12,231.34,14.07,22.38,14.14,1940,0.6286662171538018,0.06080652173913044,0.09672306238185256,10.338795891843295,91.27441705818543,81.23423118178505
1940-06-01,9.67,0.65,1.04,14.1,2.1,209.95,14.11,22.58,12.84,1940,0.625,0.0672182006204757,0.10754912099276112,9.298076923076923,83.88628859468439,74.12930183615373
1940-07-01,9.99,0.656667,1.05333,14.0,2.08,218.44,14.36,23.03,13.37,1940,0.623420010822819,0.06573243243243243,0.10543843843843845,9.484207228503887,87.13214722782928,77.54761103276807
1940-08-01,10.2,0.663333,1.06667,14.0,2.06,223.04,14.5,23.32,13.65,1940,0.6218727441476745,0.06503264705882353,0.10457549019607844,9.562470117280883,89.44103792467433,79.60252375296017
1940-09-01,10.63,0.67,1.08,14.0,2.04,232.44,14.65,23.62,14.21,1940,0.6203703703703703,0.06302916274694262,0.10159924741298212,9.842592592592593,93.69630710523813,83.38971332366195
1940-10-01,10.73,0.67,1.07,14.0,2.02,234.62,14.65,23.4,14.33,1940,0.6261682242990654,0.06244175209692451,0.09972041006523766,10.028037383177569,95.06987322539175,84.61218717059866
1940-11-01,10.98,0.67,1.06,14.0,1.99,240.09,14.65,23.18,14.64,1940,0.6320754716981132,0.0610200364298725,0.0965391621129326,10.358490566037736,97.77961565112325,87.0238579294997
1940-12-01,10.53,0.67,1.05,14.1,1.97,228.62,14.55,22.8,13.91,1940,0.6380952380952382,0.06362773029439697,0.09971509971509973,10.028571428571427,94.2694639963736,83.30478875140533
1941-01-01,10.55,0.673333,1.05333,14.1,1.95,229.05,14.62,22.87,13.9,1941,0.6392422127918125,0.06382303317535544,0.09984170616113744,10.015854480552154,94.94835931321992,83.90472035763975
1941-02-01,9.89,0.676667,1.05667,14.1,1.99,214.72,14.69,22.94,13.0,1941,0.6403768442370844,0.06841931243680485,0.10684226491405459,9.359591925577522,89.51345297720687,79.10195915574451
1941-03-01,9.95,0.68,1.06,14.2,2.04,214.5,14.66,22.85,12.96,1941,0.6415094339622641,0.06834170854271358,0.10653266331658293,9.386792452830187,90.5668780347508,79.46924650091515
1941-04-01,9.64,0.683333,1.07,14.3,2.08,206.37,14.63,22.91,12.43,1941,0.6386289719626168,0.07088516597510373,0.11099585062240663,9.009345794392523,88.26098767272701,76.90432911903346
1941-05-01,9.43,0.686667,1.08,14.4,2.12,200.47,14.6,22.96,12.04,1941,0.6358027777777777,0.07281728525980913,0.11452810180275717,8.731481481481481,86.85965603851275,75.15773015554646
1941-06-01,9.76,0.69,1.09,14.7,2.16,203.25,14.37,22.7,12.16,1941,0.6330275229357797,0.0706967213114754,0.11168032786885247,8.954128440366972,90.42635714619664,76.64710272391906
1941-07-01,10.26,0.693333,1.12333,14.7,2.21,213.66,14.44,23.39,12.74,1941,0.6172122172469354,0.06757631578947368,0.10948635477582845,9.133558259816795,95.59159219834876,81.02525433955277
1941-08-01,10.21,0.696667,1.15667,14.9,2.25,209.77,14.31,23.76,12.46,1941,0.6023040279422825,0.06823379040156709,0.11328795298726739,8.8270638989513,95.66405686757106,79.99826500469366
1941-09-01,10.24,0.7,1.19,15.1,2.29,207.6,14.19,24.13,12.28,1941,0.5882352941176471,0.068359375,0.11621093749999999,8.605042016806724,96.48910626340917,79.61948768490585
1941-10-01,9.83,0.703333,1.18,15.3,2.33,196.68,14.07,23.61,11.58,1941,0.5960449152542373,0.07154964394710071,0.1200406917599186,8.330508474576272,93.17543415703233,75.88012481023678
1941-11-01,9.37,0.706667,1.17,15.4,2.38,186.26,14.05,23.26,10.91,1941,0.603988888888889,0.07541803628601922,0.1248665955176094,8.008547008547009,89.3707966619929,72.30909911743062
1941-12-01,8.76,0.71,1.16,15.5,2.42,173.01,14.02,22.91,10.09,1941,0.6120689655172414,0.08105022831050228,0.1324200913242009,7.551724137931035,84.1143146377929,67.61705550883224
1942-01-01,8.93,0.703333,1.12,15.7,2.46,174.12,13.71,21.84,10.1,1942,0.6279758928571428,0.07876069428891377,0.12541993281075028,7.973214285714285,86.31479375931052,68.50205925101969
1942-02-01,8.65,0.696667,1.08,15.8,2.46,167.6,13.5,20.93,9.68,1942,0.645062037037037,0.08053953757225434,0.12485549132947978,8.00925925925926,84.17491260783454,66.38097538567206
1942-03-01,8.18,0.69,1.04,16.0,2.46,156.51,13.2,19.9,9.0,1942,0.6634615384615384,0.0843520782396088,0.1271393643031785,7.865384615384615,80.16619754746436,62.42942634008787
1942-04-01,7.84,0.68,1.02,16.1,2.46,149.07,12.93,19.39,8.54,1942,0.6666666666666667,0.08673469387755103,0.13010204081632654,7.686274509803921,77.39762165416869,59.899028932356636
1942-05-01,7.93,0.67,1.0,16.3,2.46,148.93,12.58,18.78,8.51,1942,0.67,0.0844892812105927,0.12610340479192939,7.93,78.84553634497796,60.27088238395248
1942-06-01,8.33,0.66,0.98,16.3,2.46,156.44,12.4,18.41,8.91,1942,0.6734693877551021,0.07923169267707084,0.11764705882352941,8.5,83.37774613698123,63.73538140287032
1942-07-01,8.64,0.646667,0.966667,16.4,2.46,161.28,12.07,18.04,9.15,1942,0.6689656313911615,0.07484571759259259,0.11188275462962963,8.937927952438637,87.03115278043839,66.12244900269893
1942-08-01,8.59,0.633333,0.953333,16.5,2.47,159.37,11.75,17.69,9.01,1942,0.664335546970471,0.0737291036088475,0.11098172293364378,9.010492661011419,87.07032603281883,65.75128862841956
1942-09-01,8.68,0.62,0.94,16.5,2.47,161.04,11.5,17.44,9.08,1942,0.6595744680851064,0.07142857142857142,0.10829493087557604,9.23404255319149,88.51755597958628,66.84416651549364
1942-10-01,9.32,0.61,0.97,16.7,2.47,170.84,11.18,17.78,9.6,1942,0.6288659793814433,0.06545064377682402,0.10407725321888411,9.608247422680414,95.57108626597805,71.30633142958602
1942-11-01,9.47,0.6,1.0,16.8,2.47,172.56,10.93,18.22,9.66,1942,0.6,0.06335797254487856,0.10559662090813093,9.47,97.63051328583686,72.40929735366234
1942-12-01,9.52,0.59,1.03,16.9,2.47,172.45,10.69,18.66,9.62,1942,0.5728155339805825,0.06197478991596639,0.10819327731092437,9.242718446601941,98.66145851588793,72.74093331999785
1943-01-01,10.09,0.59,1.04333,16.9,2.47,182.77,10.69,18.9,10.15,1943,0.5654970143674579,0.05847373637264618,0.10340237859266602,9.670957415199409,105.07825330556797,77.47189563238918
1943-02-01,10.69,0.59,1.05667,16.9,2.47,193.64,10.69,19.14,10.71,1943,0.558357860069842,0.05519176800748363,0.0988465855940131,10.116687329062053,111.83873887915877,82.45625363516677
1943-03-01,11.07,0.59,1.07,17.2,2.47,197.03,10.5,19.04,10.85,1943,0.5514018691588785,0.05329719963866305,0.0966576332429991,10.345794392523365,116.32867889496535,84.27065924600397
1943-04-01,11.44,0.59,1.08,17.4,2.47,201.27,10.38,19.0,11.04,1943,0.5462962962962963,0.051573426573426576,0.09440559440559441,10.592592592592592,120.7334760557729,86.45627078476612
1943-05-01,11.89,0.59,1.09,17.5,2.47,207.99,10.32,19.07,11.36,1943,0.5412844036697247,0.049621530698065595,0.09167367535744324,10.908256880733944,126.00149413250716,89.7130638223451
1943-06-01,12.1,0.59,1.1,17.5,2.47,211.67,10.32,19.24,11.52,1943,0.5363636363636363,0.048760330578512395,0.09090909090909093,10.999999999999998,128.74795226785966,91.66854201471608
1943-07-01,12.35,0.593333,1.09333,17.4,2.48,217.28,10.44,19.24,11.77,1943,0.5426842764764527,0.04804315789473684,0.08852874493927125,11.295766145628493,131.9311833191105,94.47485885954694
1943-08-01,11.74,0.596667,1.08667,17.3,2.48,207.74,10.56,19.23,11.21,1943,0.549078377060193,0.05082342419080067,0.09256132879045996,10.803647841571038,125.94294352758814,90.70803909559238
1943-09-01,11.99,0.6,1.08,17.4,2.48,210.95,10.56,19.0,11.34,1943,0.5555555555555555,0.0500417014178482,0.09007506255212677,11.101851851851851,129.15826741223137,92.48919608944846
1943-10-01,11.88,0.603333,1.03333,17.4,2.48,209.01,10.61,18.18,11.19,1943,0.58387252862106,0.05078560606060606,0.08698063973063973,11.496811280036386,128.51193746688242,92.02636441593995
1943-11-01,11.33,0.606667,0.986667,17.4,2.48,199.33,10.67,17.36,10.63,1943,0.6148649949780423,0.05354518976169461,0.08708446601941747,11.483104228681004,123.10619045149437,88.15535247273678
1943-12-01,11.48,0.61,0.94,17.4,2.48,201.97,10.73,16.54,10.74,1943,0.648936170212766,0.053135888501742154,0.08188153310104529,12.212765957446809,125.28532847779125,89.71581568007352
1944-01-01,11.85,0.613333,0.936667,17.4,2.48,208.48,10.79,16.48,11.05,1944,0.6548036815645262,0.05175805907172996,0.07904362869198313,12.651241049380408,129.87803251969635,93.00461409169061
1944-02-01,11.77,0.616667,0.933333,17.4,2.47,207.08,10.85,16.42,10.95,1944,0.6607148788267424,0.052393118096856414,0.07929762107051827,12.610718789542425,129.56140503798395,92.7778796996138
1944-03-01,12.1,0.62,0.93,17.4,2.46,212.88,10.91,16.36,11.22,1944,0.6666666666666666,0.0512396694214876,0.07685950413223142,13.010752688172042,133.7596449623041,95.78420553047754
1944-04-01,11.89,0.623333,0.926667,17.5,2.45,207.99,10.9,16.21,10.94,1944,0.6726612688268817,0.05242497897392767,0.07793666947014298,12.830930636355886,132.00934657781113,93.99065476340154
1944-05-01,12.1,0.626667,0.923333,17.5,2.44,211.67,10.96,16.15,11.1,1944,0.6787009670400603,0.05179066115702479,0.07630851239669421,13.104697871732084,134.91759815761537,96.06132988822215
1944-06-01,12.67,0.63,0.92,17.6,2.43,220.38,10.96,16.0,11.53,1944,0.6847826086956521,0.049723756906077346,0.07261247040252565,13.771739130434781,141.85550985102262,100.42725299680352
1944-07-01,13.0,0.633333,0.913333,17.7,2.42,224.84,10.95,15.8,11.74,1944,0.6934305450476442,0.04871792307692308,0.07025638461538461,14.233581837073665,146.13804596136328,102.87457924737778
1944-08-01,12.81,0.636667,0.906667,17.7,2.42,221.55,11.01,15.68,11.54,1944,0.7022059918360324,0.0497007806401249,0.07077806401249023,14.128671276223796,144.595477386177,101.78868069106022
1944-09-01,12.6,0.64,0.9,17.7,2.41,217.92,11.07,15.57,11.33,1944,0.7111111111111111,0.050793650793650794,0.07142857142857144,14.0,142.8239353993689,100.54159520204163
1944-10-01,12.91,0.64,0.91,17.7,2.4,223.28,11.07,15.74,11.58,1944,0.7032967032967032,0.049573973663826494,0.0704879938032533,14.186813186813186,146.94240337781633,103.44081051342327
1944-11-01,12.82,0.64,0.92,17.7,2.39,221.73,11.07,15.91,11.48,1944,0.6956521739130435,0.0499219968798752,0.0717628705148206,13.934782608695652,146.5250611528858,103.14702044999758
1944-12-01,13.1,0.64,0.93,17.8,2.38,225.3,11.01,15.99,11.64,1944,0.6881720430107526,0.04885496183206107,0.07099236641221375,14.086021505376342,150.3348651350201,105.23440559451406
1945-01-01,13.49,0.643333,0.94,17.8,2.37,232.0,11.06,16.17,11.96,1945,0.6843968085106383,0.04768962194217939,0.06968124536693847,14.351063829787234,155.422533598877,108.79577351921391
1945-02-01,13.94,0.646667,0.95,17.8,2.35,239.74,11.12,16.34,12.34,1945,0.6807021052631579,0.046389311334289814,0.06814921090387374,14.673684210526316,161.22479531274962,112.85735671892473
1945-03-01,13.93,0.65,0.96,17.8,2.34,239.57,11.18,16.51,12.32,1945,0.6770833333333334,0.046661880832735106,0.06891600861450108,14.510416666666666,161.73239801045992,113.21267860732193
1945-04-01,14.28,0.65,0.973333,17.8,2.33,245.59,11.18,16.74,12.63,1945,0.6678084478796055,0.04551820728291317,0.06816057422969188,14.671237901108869,166.42492092473802,116.49744464731661
1945-05-01,14.82,0.65,0.986667,17.9,2.31,253.45,11.12,16.87,13.04,1945,0.65878356122177,0.043859649122807015,0.06657672064777327,15.020265195856354,173.3495806247461,120.66680304940428
1945-06-01,15.09,0.65,1.0,18.1,2.29,255.22,10.99,16.91,13.13,1945,0.65,0.043074884029158385,0.06626905235255136,15.09,177.14135901335533,121.9437200721772
1945-07-01,14.78,0.653333,0.996667,18.1,2.28,249.98,11.05,16.86,12.87,1945,0.6555178409639328,0.044203856562922875,0.06743349120433018,14.829426478452683,174.1381340731576,119.87630666030628
1945-08-01,14.83,0.656667,0.993333,18.1,2.27,250.82,11.11,16.8,12.92,1945,0.6610743829108667,0.04427963587322994,0.06698132164531355,14.929535211253427,175.36869942043046,120.72342512588749
1945-09-01,15.84,0.66,0.99,18.1,2.25,267.9,11.16,16.74,13.8,1945,0.6666666666666667,0.04166666666666667,0.0625,16.0,187.95932357595944,129.39078296996988
1945-10-01,16.5,0.66,0.98,18.1,2.24,279.07,11.16,16.57,14.37,1945,0.6734693877551021,0.04,0.059393939393939395,16.836734693877553,196.44359859848544,135.23133914569772
1945-11-01,17.04,0.66,0.97,18.1,2.22,288.2,11.16,16.41,14.85,1945,0.6804123711340206,0.03873239436619719,0.056924882629107984,17.56701030927835,203.52747382067326,140.10786319367895
1945-12-01,17.33,0.66,0.96,18.2,2.21,291.49,11.1,16.15,15.02,1945,0.6875000000000001,0.03808424697057127,0.055395268320830936,18.052083333333332,207.64818851950733,142.15914444797042
1946-01-01,18.02,0.666667,0.94,18.2,2.19,303.1,11.21,15.81,15.62,1946,0.7092202127659575,0.03699594894561598,0.05216426193118757,19.170212765957448,216.5747840444371,148.2704290765762
1946-02-01,18.07,0.673333,0.92,18.1,2.19,305.62,11.39,15.56,15.76,1946,0.7318836956521738,0.03726247924737133,0.0509131156613171,19.641304347826086,217.84341210576346,149.96292347170237
1946-03-01,17.53,0.68,0.9,18.3,2.2,293.25,11.38,15.06,15.13,1946,0.7555555555555555,0.0387906446092413,0.0513405590416429,19.477777777777778,212.00987515574533,144.3520789311796
1946-04-01,18.66,0.68,0.88,18.4,2.21,310.45,11.31,14.64,16.04,1946,0.7727272727272728,0.03644158628081458,0.04715969989281887,21.204545454545453,226.36156094305187,153.28614398643623
1946-05-01,18.7,0.68,0.86,18.5,2.21,309.44,11.25,14.23,16.01,1946,0.7906976744186047,0.03636363636363637,0.045989304812834225,21.744186046511626,227.534209258048,153.24736472190693
1946-06-01,18.58,0.68,0.84,18.7,2.21,304.16,11.13,13.75,15.77,1946,0.8095238095238096,0.03659849300322929,0.04520990312163617,22.119047619047617,226.76359428908134,151.09488688994406
1946-07-01,18.05,0.683333,0.856667,19.8,2.22,279.07,10.57,13.24,14.51,1946,0.797664670169389,0.037857783933518005,0.04746077562326869,21.070030712050308,220.9866961209706,139.06536533673201
1946-08-01,17.7,0.686667,0.873333,20.2,2.23,268.24,10.41,13.24,13.98,1946,0.7862602237634442,0.038794745762711864,0.049340847457627124,20.26718330808523,217.3988077475281,134.0984725016931
1946-09-01,15.09,0.69,0.89,20.4,2.23,226.44,10.35,13.36,11.84,1946,0.7752808988764044,0.04572564612326043,0.05897945659377071,16.95505617977528,186.04452304162882,113.63307632836742
1946-10-01,14.75,0.696667,0.946667,20.8,2.23,217.09,10.25,13.93,11.39,1946,0.7359155859452162,0.04723166101694915,0.06418081355932204,15.580980429232243,182.56158216957712,109.3614093188909
1946-11-01,14.69,0.703333,1.00333,21.3,2.24,211.13,10.11,14.42,11.11,1946,0.7009986744142006,0.0478783526208305,0.06830020422055821,14.641244655297857,182.53751601479314,106.78016195043769
1946-12-01,15.13,0.71,1.06,21.5,2.25,215.43,10.11,15.09,11.37,1946,0.6698113207547169,0.04692663582286847,0.07005948446794448,14.273584905660377,188.7332429452977,109.37749800457718
1947-01-01,15.21,0.713333,1.13,21.5,2.25,216.57,10.16,16.09,11.47,1947,0.6312681415929204,0.04689894806048652,0.07429322813938198,13.460176991150444,190.46922287324793,110.38355893026369
1947-02-01,15.8,0.716667,1.2,21.5,2.27,224.97,10.2,17.09,11.95,1947,0.5972225000000001,0.04535867088607595,0.07594936708860758,13.166666666666668,198.6019758871776,115.09677300252245
1947-03-01,15.16,0.72,1.27,21.9,2.28,211.91,10.06,17.75,11.29,1947,0.5669291338582677,0.047493403693931395,0.08377308707124011,11.937007874015748,191.3080323610152,108.84466133416666
1947-04-01,14.6,0.733333,1.32667,21.9,2.3,204.08,10.25,18.54,10.9,1947,0.5527621789895,0.05022828767123288,0.09086780821917809,11.004997474880716,184.9984006868392,105.2547978336994
1947-05-01,14.34,0.746667,1.38333,21.9,2.31,200.45,10.44,19.34,10.73,1947,0.5397605777363319,0.05206882845188284,0.09646652719665272,10.366290039253107,182.47825469384802,103.82096134636286
1947-06-01,14.84,0.76,1.44,22.0,2.33,206.5,10.58,20.04,11.08,1947,0.5277777777777778,0.05121293800539084,0.09703504043126684,10.305555555555555,189.6326016206296,107.40100982695658
1947-07-01,15.77,0.77,1.47667,22.2,2.34,217.46,10.62,20.36,11.7,1947,0.5214435181861893,0.04882688649334179,0.09363792010145847,10.679434132202863,202.32588897079754,113.55768362955574
1947-08-01,15.46,0.78,1.51333,22.5,2.36,210.34,10.61,20.59,11.34,1947,0.5154196374881883,0.050452781371280724,0.09788680465717982,10.215881532778706,199.171897359807,110.29697071569757
1947-09-01,15.06,0.79,1.55,23.0,2.38,200.45,10.51,20.63,10.83,1947,0.5096774193548387,0.05245683930942895,0.10292164674634795,9.716129032258065,194.85607681546446,105.56116161394293
1947-10-01,15.45,0.806667,1.57,23.0,2.39,205.64,10.74,20.9,11.13,1947,0.5138006369426752,0.05221145631067962,0.10161812297734629,9.84076433121019,200.75394501035484,108.75626760126181
1947-11-01,15.27,0.823333,1.59,23.1,2.41,202.36,10.91,21.07,10.98,1947,0.5178194968553459,0.053918336607727574,0.10412573673870335,9.60377358490566,199.28853541670492,107.49502819446508
1947-12-01,15.03,0.84,1.61,23.4,2.42,196.63,10.99,21.06,10.68,1947,0.5217391304347826,0.05588822355289421,0.10711909514304725,9.335403726708073,197.0517412982271,104.92584173401325
1948-01-01,14.83,0.843333,1.64333,23.7,2.44,191.56,10.89,21.23,10.42,1948,0.5131854222828038,0.05686668914362778,0.1108111935266352,9.024359075779058,195.34736828633297,102.70161218766705
1948-02-01,14.1,0.846667,1.67667,23.5,2.43,183.68,11.03,21.84,10.0,1948,0.5049693738183423,0.06004730496453901,0.11891276595744682,8.409526024799154,186.6572128353931,98.96803710336162
1948-03-01,14.3,0.85,1.71,23.4,2.42,187.08,11.12,22.37,10.19,1948,0.49707602339181284,0.05944055944055943,0.11958041958041957,8.362573099415206,190.2388547575246,101.2981252255879
1948-04-01,15.4,0.85,1.76,23.8,2.41,198.08,10.93,22.64,10.78,1948,0.4829545454545454,0.05519480519480519,0.11428571428571428,8.75,205.81493814530558,107.75017349960116
1948-05-01,16.15,0.85,1.81,23.9,2.4,206.86,10.89,23.18,11.24,1948,0.46961325966850825,0.052631578947368425,0.11207430340557277,8.922651933701657,216.785052543202,113.01848345976138
1948-06-01,16.82,0.85,1.86,24.1,2.39,213.65,10.8,23.63,11.58,1948,0.45698924731182794,0.050535077288941736,0.11058263971462545,9.043010752688172,226.72942363251607,117.22193437598135
1948-07-01,16.42,0.856667,1.93,24.4,2.38,206.01,10.75,24.21,11.13,1948,0.44386891191709843,0.05217216808769792,0.11753958587088914,8.50777202072539,222.292338697179,113.51485820355946
1948-08-01,15.94,0.863333,2.0,24.5,2.36,199.17,10.79,24.99,10.72,1948,0.4316665,0.05416141781681305,0.12547051442910917,7.97,216.7606021970721,110.2382491173681
1948-09-01,15.76,0.87,2.07,24.5,2.35,196.92,10.87,25.86,10.55,1948,0.4202898550724638,0.05520304568527919,0.1313451776649746,7.613526570048309,215.2912048749837,109.49095562213456
1948-10-01,16.19,0.89,2.14333,24.4,2.34,203.12,11.17,26.89,10.83,1948,0.4152417033307983,0.05497220506485485,0.13238604076590488,7.553666490927669,222.15566112179076,113.44506301547186
1948-11-01,15.29,0.91,2.21667,24.2,2.33,193.42,11.51,28.04,10.25,1948,0.4105256984575963,0.059516023544800525,0.1449751471550033,6.897733988369941,210.82375561573272,108.54809896578637
1948-12-01,15.19,0.93,2.29,24.1,2.32,192.95,11.81,29.09,10.16,1948,0.40611353711790393,0.06122448979591837,0.15075707702435814,6.633187772925764,210.4905373405607,108.82622801922766
1949-01-01,15.36,0.946667,2.32,24.0,2.31,195.92,12.08,29.59,10.25,1949,0.40804612068965523,0.061631966145833335,0.15104166666666666,6.620689655172414,213.92018895292335,111.06023143139271
1949-02-01,14.77,0.963333,2.35,23.8,2.31,189.98,12.39,30.23,9.87,1949,0.40992893617021275,0.06522227488151659,0.15910629654705485,6.285106382978723,206.80189601525407,108.26687497269184
1949-03-01,14.91,0.98,2.38,23.8,2.31,191.78,12.61,30.61,9.9,1949,0.411764705882353,0.06572769953051644,0.1596244131455399,6.264705882352941,209.8861110694162,109.88155226575319
1949-04-01,14.89,0.993333,2.38667,23.9,2.31,190.72,12.72,30.57,9.78,1949,0.4162003963681615,0.06671141705842848,0.16028676964405641,6.238818102209355,210.75418463408963,109.87435734480155
1949-05-01,14.78,1.00667,2.39333,23.8,2.31,190.11,12.95,30.78,9.69,1949,0.4206147919426071,0.06811028416779431,0.1619303112313938,6.175496066150509,210.36887885150696,110.13429539873012
1949-06-01,13.97,1.02,2.4,23.9,2.31,178.94,13.06,30.74,9.07,1949,0.42500000000000004,0.07301360057265568,0.17179670722977808,5.820833333333334,200.03389089952682,104.2854510714688
1949-07-01,14.76,1.02667,2.39667,23.7,2.31,190.65,13.26,30.96,9.61,1949,0.42837353494640484,0.06955758807588076,0.1623760162601626,6.158544981161362,212.5628568649589,111.75245555010076
1949-08-01,15.29,1.03333,2.39333,23.8,2.32,196.67,13.29,30.78,9.85,1949,0.43175408322295716,0.06758207979071289,0.15652910398953568,6.3885882849419,221.42764727777896,115.9238859277784
1949-09-01,15.49,1.04,2.39,23.9,2.32,198.41,13.32,30.61,9.88,1949,0.4351464435146443,0.0671400903808909,0.15429309231762428,6.481171548117154,225.5710644580069,117.59897335342119
1949-10-01,15.89,1.07333,2.36667,23.7,2.32,205.25,13.86,30.57,10.17,1949,0.4535190795505921,0.06754751415984896,0.1489408432976715,6.71407505059852,232.65808305298623,122.31728754600037
1949-11-01,16.11,1.10667,2.34333,23.8,2.32,207.21,14.23,30.14,10.22,1949,0.4722638296782784,0.06869459962756053,0.1454581005586592,6.874831969889004,237.18890033609483,124.17536547007317
1949-12-01,16.54,1.14,2.32,23.6,2.32,214.55,14.79,30.09,10.53,1949,0.49137931034482757,0.06892382103990326,0.14026602176541716,7.129310344827586,244.87762662447258,129.28708592122578
1950-01-01,16.88,1.15,2.33667,23.5,2.32,219.89,14.98,30.44,10.75,1950,0.49215336354727024,0.06812796208530805,0.13842831753554502,7.223955457980802,251.31787859434235,133.25194754406408
1950-02-01,17.21,1.16,2.35333,23.5,2.34,224.19,15.11,30.66,10.91,1950,0.4929185452104039,0.06740267286461359,0.13674201045903545,7.313041519888838,257.65789814221506,136.61350684476596
1950-03-01,17.35,1.17,2.37,23.6,2.36,225.06,15.18,30.74,10.91,1950,0.49367088607594933,0.06743515850144091,0.1365994236311239,7.320675105485233,261.20113090768035,137.90534284363125
1950-04-01,17.84,1.18,2.42667,23.6,2.38,231.41,15.31,31.48,11.18,1950,0.4862630683199611,0.06614349775784753,0.13602410313901345,7.3516382532441575,270.04583779000086,142.5750482569242
1950-05-01,18.44,1.19,2.48333,23.7,2.4,238.19,15.37,32.08,11.46,1950,0.4791952740876162,0.06453362255965292,0.13467082429501084,7.425513322836675,280.61657826403024,147.5309099227771
1950-06-01,18.74,1.2,2.54,23.8,2.42,241.04,15.43,32.67,11.55,1950,0.47244094488188976,0.064034151547492,0.13553895410885808,7.377952755905511,286.6910242595323,150.09118328881397
1950-07-01,17.38,1.24333,2.6,24.1,2.44,220.77,15.79,33.03,10.54,1950,0.47820384615384615,0.07153797468354431,0.14959723820483314,6.684615384615384,267.41510694005467,138.25693910676685
1950-08-01,18.43,1.28667,2.66,24.3,2.47,232.18,16.21,33.51,11.04,1950,0.4837105263157894,0.06981389039609333,0.1443298969072165,6.928571428571428,285.164989814798,146.22040218487174
1950-09-01,19.08,1.33,2.72,24.4,2.49,239.38,16.69,34.13,11.34,1950,0.4889705882352941,0.06970649895178198,0.14255765199161427,7.01470588235294,296.88139494230944,151.6041877451302
1950-10-01,19.87,1.37667,2.76,24.6,2.51,247.27,17.13,34.35,11.66,1950,0.4987934782608696,0.06928384499245092,0.13890286864620027,7.199275362318842,310.8982008443289,157.47120254147717
1950-11-01,19.83,1.42333,2.8,24.7,2.53,245.77,17.64,34.7,11.54,1950,0.5083321428571429,0.07177660110943015,0.14120020171457387,7.082142857142857,312.0673548862308,157.42345108835775
1950-12-01,19.75,1.47,2.84,25.0,2.55,241.84,18.0,34.78,11.31,1950,0.5176056338028169,0.07443037974683545,0.14379746835443039,6.954225352112676,312.6749787202342,155.83720939416474
1951-01-01,21.21,1.48667,2.83667,25.4,2.57,255.63,17.92,34.19,11.9,1951,0.5240898659343526,0.07009288071664309,0.13374210278170673,7.477076995209172,337.7285561290834,165.67314210111732
1951-02-01,22.0,1.50333,2.83333,25.7,2.58,262.05,17.91,33.75,12.14,1951,0.530587683044333,0.06833318181818182,0.12878772727272728,7.764715017311785,352.28048770477153,170.79435318293594
1951-03-01,21.63,1.52,2.83,25.8,2.59,256.65,18.04,33.58,11.84,1951,0.5371024734982333,0.07027276930189552,0.13083680073971338,7.643109540636042,348.3618076296656,168.2398497312261
1951-04-01,21.92,1.53333,2.79333,25.8,2.6,260.09,18.19,33.14,11.95,1951,0.5489254760447209,0.06995118613138686,0.12743293795620436,7.847264734206127,355.07242959818285,171.48071599974259
1951-05-01,21.93,1.54667,2.75667,25.9,2.61,259.2,18.28,32.58,11.86,1951,0.5610646178178744,0.07052758777929777,0.12570314637482902,7.955250356408275,357.30422666337273,171.89230363805504
1951-06-01,21.55,1.56,2.72,25.9,2.62,254.71,18.44,32.15,11.62,1951,0.5735294117647058,0.07238979118329467,0.12621809744779583,7.922794117647059,353.21289232178765,169.92404008994112
1951-07-01,21.93,1.54667,2.65,25.9,2.62,259.2,18.28,31.32,11.78,1951,0.5836490566037736,0.07052758777929777,0.1208390332877337,8.275471698113208,361.5719909335793,173.9454442869652
1951-08-01,22.89,1.53333,2.58,25.9,2.63,270.55,18.12,30.49,12.26,1951,0.5943139534883721,0.06698689384010485,0.1127129750982962,8.872093023255815,379.52510647838875,182.58234852203572
1951-09-01,23.48,1.52,2.51,26.1,2.64,275.4,17.83,29.44,12.44,1951,0.6055776892430279,0.06473594548551959,0.10689948892674615,9.354581673306773,391.4261367149677,186.8647380639271
1951-10-01,23.36,1.48333,2.48667,26.2,2.65,272.94,17.33,29.05,12.31,1951,0.5965126052109849,0.06349871575342467,0.10644991438356165,9.394089284062622,391.5372741757045,186.20436779501065
1951-11-01,22.71,1.44667,2.46333,26.4,2.66,263.34,16.78,28.56,11.85,1951,0.5872822561329581,0.06370189343901364,0.10846895640686922,9.219227630889893,382.71445827363743,180.6296268973304
1951-12-01,23.41,1.41,2.44,26.5,2.67,270.43,16.29,28.19,12.15,1951,0.5778688524590164,0.060230670653566847,0.10422896198205894,9.594262295081968,396.54266528541365,186.449872054953
1952-01-01,24.19,1.41333,2.42667,26.5,2.68,279.44,16.33,28.03,12.53,1952,0.5824154087700428,0.058426209177346006,0.10031707317073171,9.968392900559202,411.74544367471987,193.5980463466796
1952-02-01,23.75,1.41667,2.41333,26.3,2.69,276.45,16.49,28.09,12.36,1952,0.5870187666005063,0.05964926315789474,0.10161389473684211,9.841173813775985,406.2607952156675,192.47184442536948
1952-03-01,23.81,1.42,2.4,26.3,2.71,277.14,16.53,27.94,12.36,1952,0.5916666666666667,0.059638807223855526,0.1007979840403192,9.920833333333333,409.3065680343112,193.9148227265216
1952-04-01,23.74,1.43,2.38,26.4,2.72,275.28,16.58,27.6,12.24,1952,0.6008403361344538,0.06023588879528222,0.10025273799494525,9.974789915966387,410.13744374990654,193.57244504256954
1952-05-01,23.73,1.44,2.36,26.4,2.73,275.17,16.7,27.37,12.2,1952,0.6101694915254238,0.0606826801517067,0.09945217024863041,10.055084745762713,412.0234310123061,194.462573879293
1952-06-01,24.38,1.45,2.34,26.5,2.74,281.64,16.75,27.03,12.45,1952,0.6196581196581197,0.05947497949138638,0.09598031173092698,10.418803418803419,425.3929228740623,200.01493656644593
1952-07-01,25.08,1.45,2.34667,26.7,2.75,287.55,16.62,26.91,12.67,1952,0.6178968495783387,0.05781499202551835,0.09356738437001595,10.687484818913608,439.7151825483497,205.20041852256318
1952-08-01,25.18,1.45,2.35333,26.7,2.77,288.7,16.62,26.98,12.68,1952,0.6161481815130049,0.057585385226370134,0.0934602859412232,10.699731869308597,443.58694369186753,207.0072403895382
1952-09-01,24.78,1.45,2.36,26.7,2.78,284.11,16.62,27.06,12.43,1952,0.614406779661017,0.05851493139628732,0.09523809523809523,10.500000000000002,438.6689655962634,204.7121839449229
1952-10-01,24.26,1.43667,2.37333,26.7,2.79,278.15,16.47,27.21,12.13,1952,0.6053393333417603,0.05921970321516899,0.09782893652102226,10.221924468995041,431.60270131994474,201.41459394930754
1952-11-01,25.03,1.42333,2.38667,26.7,2.81,286.98,16.32,27.36,12.47,1952,0.5963664855216683,0.05686496204554534,0.09535237714742309,10.487415520369385,447.43149911158264,208.80136625207192
1952-12-01,26.04,1.41,2.4,26.7,2.82,298.56,16.17,27.52,12.93,1952,0.5875,0.05414746543778802,0.09216589861751152,10.85,467.606330796437,218.21628770500394
1953-01-01,26.18,1.41,2.41,26.6,2.83,301.29,16.23,27.74,13.01,1953,0.5850622406639003,0.05385790679908327,0.09205500381970971,10.863070539419086,472.2303181305416,221.20262270325372
1953-02-01,25.86,1.41,2.42,26.5,2.8,298.73,16.29,27.96,12.86,1953,0.5826446280991735,0.054524361948955914,0.09358081979891725,10.685950413223141,468.5776581068046,220.31991018908627
1953-03-01,25.99,1.41,2.43,26.6,2.77,299.11,16.23,27.97,12.83,1953,0.5802469135802468,0.05425163524432474,0.09349749903809158,10.695473251028805,473.06230506664355,221.5923428996383
1953-04-01,24.71,1.41333,2.45667,26.6,2.83,284.38,16.27,28.27,12.16,1953,0.5753031542698043,0.05719668150546337,0.09942007284500201,10.058330992766631,451.9028233567562,211.68079620395423
1953-05-01,24.84,1.41667,2.48333,26.7,3.05,284.8,16.24,28.47,12.14,1953,0.5704719066737003,0.057031803542673114,0.09997302737520129,10.002697990198644,456.4342418842462,213.00264621264824
1953-06-01,23.95,1.42,2.51,26.8,3.11,273.57,16.22,28.67,11.62,1953,0.5657370517928287,0.0592901878914405,0.10480167014613778,9.54183266932271,442.24979138144965,205.61314927659936
1953-07-01,24.29,1.42,2.52333,26.8,2.93,277.46,16.22,28.82,11.75,1953,0.5627484316359731,0.058460271716755864,0.10388349114862083,9.626168594674496,450.7131659555553,209.54798685844102
1953-08-01,24.39,1.42,2.53667,26.9,2.95,277.56,16.16,28.87,11.72,1953,0.5597890147319123,0.058220582205822054,0.10400451004510045,9.614967654444607,454.76445076001374,210.6455411327053
1953-09-01,23.27,1.42,2.55,26.9,2.87,264.82,16.16,29.02,11.14,1953,0.5568627450980392,0.061022776106574986,0.1095831542758917,9.125490196078433,436.08784594200307,201.9945933248089
1953-10-01,23.97,1.43,2.53667,27.0,2.66,271.77,16.21,28.76,11.39,1953,0.5637311908919962,0.05965790571547768,0.10582686691697957,9.449396255721084,451.423695559359,208.3236758025783
1953-11-01,24.5,1.44,2.52333,26.9,2.68,278.82,16.39,28.72,11.64,1953,0.5706744658843671,0.05877551020408163,0.1029930612244898,9.709391954282633,463.6493616294723,214.76100542391174
1953-12-01,24.83,1.45,2.51,26.9,2.59,282.57,16.5,28.56,11.75,1953,0.5776892430278885,0.05839710028191704,0.10108739428111156,9.892430278884463,472.16537031246264,218.705595319453
1954-01-01,25.46,1.45667,2.52333,26.9,2.48,289.74,16.58,28.72,12.0,1954,0.5772808154304034,0.05721406127258444,0.09910958366064415,10.089841598205545,486.44315923216766,225.31902468523458
1954-02-01,26.02,1.46333,2.53667,26.9,2.47,296.11,16.65,28.87,12.22,1954,0.5768704640335558,0.05623866256725596,0.09748923904688701,10.25754236853828,499.4618983877022,231.34926594463832
1954-03-01,26.57,1.47,2.55,26.9,2.37,302.37,16.73,29.02,12.42,1954,0.5764705882352942,0.05532555513737297,0.0959729017689123,10.419607843137255,512.3600732183661,237.32366216731756
1954-04-01,27.63,1.46333,2.57333,26.8,2.29,315.61,16.72,29.39,12.91,1954,0.568652291000377,0.052961635903003984,0.09313536011581613,10.73706054023386,535.1626997362704,248.81071786246002
1954-05-01,28.73,1.45667,2.59667,26.9,2.37,326.95,16.58,29.55,13.31,1954,0.5609761733296876,0.05070205360250609,0.09038183083884441,11.064170649331643,558.8304137847799,258.8485857159241
1954-06-01,28.96,1.45,2.62,26.9,2.38,329.57,16.5,29.82,13.36,1954,0.5534351145038168,0.05006906077348066,0.09046961325966851,11.053435114503817,565.6653234056578,262.01449552544597
1954-07-01,30.13,1.45667,2.62333,26.9,2.3,342.89,16.58,29.85,13.83,1954,0.5552751655338825,0.04834616661135081,0.08706704281447064,11.48540214155291,590.8787092814451,273.6932608790635
1954-08-01,30.73,1.46333,2.62667,26.9,2.36,349.71,16.65,29.89,14.04,1954,0.5571046229636765,0.04761893914741295,0.0854757565896518,11.69922373194958,605.0258549731019,280.24617669014316
1954-09-01,31.45,1.47,2.63,26.8,2.38,359.24,16.79,30.04,14.36,1954,0.55893536121673,0.046740858505564385,0.08362480127186009,11.958174904942966,621.6024247510751,288.99873926859686
1954-10-01,32.18,1.49333,2.67667,26.8,2.43,367.58,17.06,30.57,14.62,1954,0.5579059054720978,0.04640553138595401,0.0831780609073959,12.02240096836741,638.4519022423405,296.83248887834185
1954-11-01,33.44,1.51667,2.72333,26.8,2.48,381.97,17.32,31.11,15.12,1954,0.5569174503273566,0.04535496411483254,0.08143929425837321,12.279084796921417,665.9193047207943,309.6027812246678
1954-12-01,34.97,1.54,2.77,26.7,2.51,400.95,17.66,31.76,15.79,1954,0.555956678700361,0.04403774663997712,0.0792107520732056,12.624548736462094,698.9043980884296,326.1553857746005
1955-01-01,35.6,1.54667,2.83333,26.7,2.61,408.17,17.73,32.49,15.99,1955,0.5458841716284372,0.04344578651685393,0.0795879213483146,12.564720664377251,714.0603175017475,333.2281481674822
1955-02-01,36.79,1.55333,2.89667,26.7,2.65,421.81,17.81,33.21,16.44,1955,0.5362467937321131,0.04222152758901876,0.07873525414514813,12.700790908180773,740.5144303416242,345.5734008260913
1955-03-01,36.5,1.56,2.96,26.7,2.68,418.49,17.89,33.94,16.22,1955,0.5270270270270271,0.042739726027397264,0.08109589041095891,12.33108108108108,737.2827393533432,344.0652783648935
1955-04-01,37.76,1.56333,3.04667,26.7,2.75,432.94,17.92,34.93,16.69,1955,0.5131274473441495,0.041401747881355935,0.08068511652542373,12.393859525317804,765.3600820300869,357.16803828070726
1955-05-01,37.6,1.56667,3.13333,26.7,2.76,431.1,17.96,35.93,16.52,1955,0.5000015957463785,0.041666755319148936,0.08333324468085106,12.000012765971029,764.7576345979329,356.88689614570205
1955-06-01,39.78,1.57,3.22,26.7,2.78,456.1,18.0,36.92,17.37,1955,0.48757763975155277,0.03946706887883358,0.08094519859225742,12.354037267080745,811.7527200688492,378.81793603212964
1955-07-01,42.69,1.58667,3.29333,26.8,2.9,487.63,18.12,37.62,18.45,1955,0.4817828762984578,0.03716725228390724,0.07714523307566175,12.96256372729122,873.804121014283,406.25370700887936
1955-08-01,42.43,1.60333,3.36667,26.8,2.97,484.66,18.31,38.46,18.22,1955,0.4762361621424137,0.037787650247466414,0.0793464529813811,12.602957818853644,871.1886957139106,405.03772942519873
1955-09-01,44.34,1.62,3.44,26.9,2.97,504.6,18.44,39.15,18.84,1955,0.4709302325581396,0.036535859269282815,0.07758231844835363,12.889534883720932,913.1488808762601,422.9678459374797
1955-10-01,42.11,1.62667,3.5,26.9,2.88,479.22,18.51,39.83,17.77,1955,0.46476285714285714,0.038629066729992875,0.08311564948943244,12.031428571428572,870.0039348808662,402.98323526452026
1955-11-01,44.95,1.63333,3.56,26.9,2.89,511.54,18.59,40.51,18.84,1955,0.4588005617977528,0.03633659621802002,0.07919911012235817,12.626404494382022,931.4797193372357,431.45863579709885
1955-12-01,45.37,1.64,3.62,26.8,2.96,518.25,18.73,41.35,18.94,1955,0.4530386740331491,0.03614723385497024,0.07978840643597092,12.533149171270717,943.0037674563396,438.42637845171606
1956-01-01,44.15,1.67,3.64333,26.8,2.9,504.31,19.08,41.62,18.29,1956,0.4583718740822269,0.03782559456398641,0.08252163080407701,12.118034874688814,920.4869630758158,427.9577447733084
1956-02-01,44.43,1.7,3.66667,26.8,2.84,507.51,19.42,41.88,18.27,1956,0.4636359421491435,0.03826243529146973,0.08252689624127842,12.117261711580262,929.2262032122281,432.0208392546404
1956-03-01,47.49,1.73,3.69,26.8,2.96,542.46,19.76,42.15,19.37,1956,0.46883468834688347,0.036428721836176035,0.07770056854074542,12.869918699186993,996.1870981169732,463.1526583036375
1956-04-01,48.05,1.75333,3.66,26.9,3.18,546.82,19.95,41.65,19.37,1956,0.479051912568306,0.036489698231009365,0.07617065556711759,13.128415300546447,1010.9582446374482,468.27285234879577
1956-05-01,46.54,1.77667,3.63,27.0,3.07,527.67,20.14,41.16,18.54,1956,0.48944077134986225,0.03817511817791147,0.07799742157284056,12.820936639118457,982.262407013861,453.29591079232256
1956-06-01,46.27,1.8,3.6,27.2,3.0,520.75,20.26,40.52,18.16,1956,0.5,0.03890209639074994,0.07780419278149989,12.852777777777778,979.6886818167984,448.78385939107756
1956-07-01,48.78,1.81333,3.55333,27.4,3.11,545.0,20.26,39.7,18.86,1956,0.5103184899798218,0.037173636736367366,0.07284399343993439,13.727967849876032,1036.009665037734,471.1197235901521
1956-08-01,48.49,1.82667,3.50667,27.3,3.33,543.74,20.48,39.32,18.67,1956,0.5209130029344078,0.037671066199216334,0.0723173850278408,13.82793362363724,1033.0598798996507,471.4991246721483
1956-09-01,46.84,1.84,3.46,27.4,3.38,523.32,20.56,38.66,17.84,1956,0.5317919075144509,0.039282664389410756,0.07386848847139196,13.537572254335261,1001.1503347508283,455.26763397793144
1956-10-01,46.24,1.80667,3.44333,27.5,3.34,514.74,20.11,38.33,17.42,1956,0.5246868583609471,0.0390715830449827,0.07446647923875432,13.428861015354324,991.6033560391423,449.2864660453714
1956-11-01,45.76,1.77333,3.42667,27.5,3.49,509.4,19.74,38.15,17.12,1956,0.5175082514511172,0.03875284090909091,0.07488352272727274,13.354072612769832,984.5385216685934,446.0854538178427
1956-12-01,46.44,1.74,3.41,27.6,3.59,515.09,19.3,37.82,17.2,1956,0.5102639296187683,0.037467700258397935,0.07342807924203273,13.618768328445746,1002.3483738565419,452.5094470381345
1957-01-01,45.43,1.73667,3.40667,27.6,3.46,503.89,19.26,37.79,16.72,1957,0.5097852154743489,0.03822738278670482,0.07498723310587718,13.335603389820557,983.67844828837,444.0809226693149
1957-02-01,43.47,1.73333,3.40333,27.7,3.34,480.41,19.16,37.61,15.84,1957,0.5093041227268588,0.039874166091557396,0.0782914653784219,12.772784302433205,944.3729375154711,424.7973574528076
1957-03-01,44.03,1.73,3.4,27.8,3.41,484.85,19.05,37.44,15.9,1957,0.5088235294117647,0.0392913922325687,0.07722007722007722,12.950000000000001,959.6767794062151,430.12851335976404
1957-04-01,45.05,1.73,3.40667,27.9,3.48,494.3,18.98,37.38,16.12,1957,0.5078272917541177,0.03840177580466149,0.07561975582685905,13.224057510706935,985.0509269728456,439.9188010781956
1957-05-01,46.78,1.73,3.41333,28.0,3.6,511.45,18.91,37.32,16.6,1957,0.5068364324574536,0.03698161607524583,0.07296558358272766,13.705091508878427,1026.0309405644462,456.5837685511786
1957-06-01,47.55,1.73,3.42,28.1,3.8,518.02,18.85,37.26,16.73,1957,0.5058479532163743,0.036382754994742375,0.0719242902208202,13.903508771929824,1046.081459692977,463.8496436930425
1957-07-01,48.51,1.74,3.43667,28.3,3.93,524.74,18.82,37.18,16.87,1957,0.5063040676003224,0.035868893011750155,0.07084456813028242,14.115408229477953,1070.3726958320094,471.2665650200296
1957-08-01,45.84,1.75,3.45333,28.3,3.93,495.86,18.93,37.36,15.87,1957,0.5067572459046775,0.038176265270506105,0.07533442408376963,13.274144087011669,1014.6585944719637,446.73661085232044
1957-09-01,43.98,1.76,3.47,28.3,3.92,475.74,19.04,37.54,15.16,1957,0.5072046109510087,0.040018190086402915,0.07889949977262393,12.674351585014408,976.7158819787112,430.0310915001676
1957-10-01,41.24,1.77,3.43667,28.3,3.97,446.1,19.15,37.18,14.15,1957,0.51503344807619,0.042919495635305525,0.08333341416100873,11.999988360826032,919.1226611071456,404.67379354752774
1957-11-01,40.35,1.78,3.40333,28.4,3.72,434.94,19.19,36.68,13.74,1957,0.5230171626025099,0.04411400247831475,0.084345229244114,11.85603511854566,902.5744415176197,395.9886458207585
1957-12-01,40.33,1.79,3.37,28.4,3.21,434.72,19.29,36.33,13.67,1957,0.5311572700296736,0.044383833374659065,0.08356062484502852,11.967359050445102,905.445083070567,397.2480892626502
1958-01-01,41.12,1.78333,3.29333,28.6,3.09,440.14,19.09,35.25,13.79,1958,0.5414975116371575,0.04336892023346304,0.08009071011673152,12.485842597006677,926.5302266489728,403.6561756659511
1958-02-01,41.26,1.77667,3.21667,28.6,3.05,441.64,19.02,34.43,13.78,1958,0.5523320701222071,0.043060349006301506,0.0779609791565681,12.826929713026203,933.0333069218735,406.48933581281625
1958-03-01,42.11,1.77,3.14,28.8,2.98,447.61,18.81,33.38,13.93,1958,0.5636942675159236,0.04203277131322726,0.07456661125623368,13.410828025477706,955.6028496913274,413.43095510951184
1958-04-01,42.34,1.75667,3.07,28.9,2.88,448.49,18.61,32.52,13.91,1958,0.5722052117263844,0.04148960793575814,0.07250826641473783,13.791530944625409,964.1694627466226,415.69382373089684
1958-05-01,43.7,1.74333,3.0,28.9,2.92,462.9,18.47,31.78,14.32,1958,0.58111,0.03989313501144165,0.06864988558352403,14.566666666666668,998.4730629712881,430.4835420284516
1958-06-01,44.75,1.73,2.93,28.9,2.97,474.02,18.33,31.04,14.64,1958,0.590443686006826,0.03865921787709497,0.06547486033519553,15.273037542662115,1025.7831862327448,442.2580796006921
1958-07-01,45.98,1.73,2.91333,29.0,3.2,485.37,18.26,30.75,14.96,1958,0.5938221897279058,0.037625054371465856,0.06336080904741193,15.782626753577519,1057.282561914268,454.26692142937173
1958-08-01,47.7,1.73,2.89667,28.9,3.54,505.27,18.33,30.68,15.54,1958,0.5972375175632709,0.03626834381551362,0.06072683438155135,16.467184732813887,1100.1479579379418,474.3198462251473
1958-09-01,48.96,1.73,2.88,28.9,3.76,518.62,18.33,30.51,15.93,1958,0.6006944444444444,0.03533496732026144,0.058823529411764705,17.0,1132.5335153999515,488.28261598212447
1958-10-01,50.95,1.73667,2.88333,28.9,3.8,539.7,18.4,30.54,16.56,1958,0.6023139911144406,0.03408577036310108,0.05659136408243375,17.670540659584578,1181.9006575047188,509.5668578722767
1958-11-01,52.5,1.74333,2.88667,29.0,3.74,554.2,18.4,30.47,16.99,1958,0.6039242448911721,0.033206285714285716,0.05498419047619048,18.18704597338802,1221.2135846300973,524.7007332583108
1958-12-01,53.49,1.75,2.89,28.9,3.86,566.6,18.54,30.61,17.36,1958,0.6055363321799307,0.03271639558796036,0.0540287904281174,18.508650519031143,1247.6215142553335,537.9018708519535
1959-01-01,55.62,1.75667,2.96333,29.0,4.02,587.13,18.54,31.28,17.98,1959,0.5928026915665822,0.031583423229054296,0.053278137360661636,18.76942493748587,1300.7039339510914,558.8541730010552
1959-02-01,54.77,1.76333,3.03667,28.9,3.96,580.16,18.68,32.17,17.76,1959,0.5806788356983142,0.03219517984297973,0.05544403870732152,18.036204131499307,1284.2496121444162,553.6937774158972
1959-03-01,56.16,1.77,3.11,28.9,3.99,594.88,18.75,32.94,18.2,1959,0.5691318327974276,0.031517094017094016,0.05537749287749288,18.057877813504824,1320.2879533883324,569.2314151978762
1959-04-01,57.1,1.77667,3.20667,29.0,4.12,602.75,18.75,33.85,18.43,1959,0.5540545176148466,0.03111506129597198,0.05615884413309982,17.806634296637945,1345.8544268447038,578.253315809828
1959-05-01,57.96,1.78333,3.30333,29.0,4.31,611.83,18.83,34.87,18.69,1959,0.5398582642363918,0.030768288474810213,0.05699327122153209,17.545930924249166,1369.6144339515038,588.4619257598531
1959-06-01,57.46,1.79,3.4,29.1,4.34,604.47,18.83,35.77,18.45,1959,0.5264705882352941,0.031152105812739295,0.05917159763313609,16.900000000000002,1361.310988910081,582.884361574557
1959-07-01,59.74,1.79667,3.41,29.2,4.4,626.3,18.84,35.75,19.09,1959,0.5268826979472141,0.030074824238366254,0.057080682959491126,17.519061583577713,1418.8614810302938,605.4456867684062
1959-08-01,59.4,1.80333,3.42,29.2,4.43,622.74,18.91,35.85,18.96,1959,0.5272894736842105,0.030359090909090912,0.05757575757575758,17.36842105263158,1414.3422742097923,603.5172855018498
1959-09-01,57.05,1.81,3.43,29.3,4.68,596.06,18.91,35.84,18.12,1959,0.5276967930029154,0.03172655565293602,0.060122699386503074,16.632653061224488,1361.9658344239263,579.1841056970007
1959-10-01,57.0,1.81667,3.41667,29.4,4.53,593.51,18.92,35.58,18.02,1959,0.5317077739436352,0.03187140350877193,0.05994157894736842,16.682910553257997,1364.373048358564,578.2342919233914
1959-11-01,57.23,1.82333,3.40333,29.4,4.53,595.91,18.99,35.44,18.07,1959,0.5357488107236148,0.03185968897431417,0.05946758692993186,16.815883267270586,1373.5021202872647,582.1032795503171
1959-12-01,59.06,1.83,3.39,29.4,4.69,614.96,19.05,35.3,18.62,1959,0.5398230088495575,0.030985438537080936,0.05739925499492042,17.421828908554573,1421.0681610911724,602.2622206529256
1960-01-01,58.03,1.86667,3.39,29.3,4.72,606.3,19.5,35.42,18.34,1960,0.5506401179941003,0.03216732724452869,0.05841805962433224,17.117994100294986,1399.9542547017802,595.3389083134533
1960-02-01,55.78,1.90333,3.39,29.4,4.49,580.81,19.82,35.3,17.55,1960,0.5614542772861356,0.034122086769451415,0.0607744711366081,16.454277286135692,1349.4264928137857,571.8997993353664
1960-03-01,55.02,1.94,3.39,29.4,4.25,572.9,20.2,35.3,17.29,1960,0.5722713864306784,0.03525990548891312,0.061613958560523444,16.23008849557522,1334.8777213187839,565.7338914160562
1960-04-01,55.73,1.94333,3.34667,29.5,4.28,578.32,20.17,34.73,17.43,1960,0.5806757164584497,0.03487044679705724,0.0600514982953526,16.652373852217277,1356.0258204418215,572.748532973054
1960-05-01,55.22,1.94667,3.30333,29.5,4.35,573.03,20.2,34.28,17.26,1960,0.58930533734141,0.03525298804780876,0.05982126041289388,16.71646490057003,1347.5569042933307,569.1714924574543
1960-06-01,57.26,1.95,3.26,29.6,4.15,592.19,20.17,33.72,17.82,1960,0.598159509202454,0.034055186866922806,0.056933286762137617,17.564417177914113,1401.2986669638328,589.8709929178837
1960-07-01,55.84,1.95,3.26333,29.6,3.9,577.51,20.17,33.75,17.38,1960,0.5975491292636663,0.034921203438395415,0.058440723495702,17.111355578504167,1370.524425369229,576.9167006790741
1960-08-01,56.51,1.95,3.26667,29.6,3.8,584.43,20.17,33.78,17.58,1960,0.5969381663896262,0.034507166873119804,0.057806936825340646,17.298961939834754,1390.957118494585,585.5177600149503
1960-09-01,54.81,1.95,3.27,29.6,3.8,566.85,20.17,33.82,17.05,1960,0.5963302752293578,0.035577449370552815,0.05966064586754242,16.761467889908257,1353.1125499282177,569.5872423008647
1960-10-01,53.73,1.95,3.27,29.8,3.89,551.95,20.03,33.59,16.61,1960,0.5963302752293578,0.036292573981016193,0.06085985482970408,16.431192660550458,1330.4619247766186,556.2938115005594
1960-11-01,55.47,1.95,3.27,29.8,3.93,569.83,20.03,33.59,17.15,1960,0.5963302752293578,0.035154137371552194,0.05895078420767983,16.96330275229358,1377.5716179068534,575.9913543328656
1960-12-01,56.8,1.95,3.27,29.8,3.84,583.49,20.03,33.59,17.56,1960,0.5963302752293578,0.03433098591549296,0.057570422535211274,17.370030581039753,1414.6371603572945,591.4892287936876
1961-01-01,59.72,1.94667,3.21,29.8,3.84,613.49,20.0,32.98,18.47,1961,0.6064392523364486,0.03259661754855995,0.05375083724045546,18.60436137071651,1491.4086224488678,623.5889743527817
1961-02-01,62.17,1.94333,3.15,29.8,3.78,638.66,19.96,32.36,19.23,1961,0.6169301587301588,0.03125832395045842,0.05066752452951584,19.736507936507937,1556.6445762374635,650.8654838898925
1961-03-01,64.12,1.94,3.09,29.8,3.74,658.69,19.93,31.74,19.84,1961,0.627831715210356,0.030255770430442915,0.048190892077354955,20.750809061488674,1609.5245252861691,672.9756907740158
1961-04-01,65.83,1.94,3.07,29.8,3.78,676.25,19.93,31.54,20.38,1961,0.6319218241042346,0.0294698465745101,0.046635272672034024,21.44299674267101,1656.5066432393912,692.6198917705643
1961-05-01,66.5,1.94,3.05,29.8,3.71,683.14,19.93,31.33,20.6,1961,0.6360655737704918,0.029172932330827066,0.04586466165413534,21.803278688524593,1677.4342045077199,701.3701405424897
1961-06-01,65.62,1.94,3.03,29.8,3.88,674.1,19.93,31.13,20.33,1961,0.6402640264026402,0.029564157269125264,0.046174946662602856,21.65676567656766,1659.314551822436,693.7939367687098
1961-07-01,65.44,1.94667,3.03667,30.0,3.92,667.77,19.86,30.99,20.15,1961,0.6410541810601744,0.029747402200488996,0.04640388141809291,21.54992146002035,1658.850961959842,688.9760995339877
1961-08-01,67.79,1.95333,3.04333,29.9,4.04,694.06,20.0,31.16,20.94,1961,0.6418396953337299,0.02881442690662339,0.04489349461572503,22.274942250758215,1722.5337662199609,717.8184189665791
1961-09-01,67.26,1.96,3.05,30.0,3.98,686.34,20.0,31.12,20.71,1961,0.6426229508196721,0.029140648230746354,0.04534641688968183,22.052459016393446,1713.2026973902557,711.550186982753
1961-10-01,68.0,1.98,3.09667,30.0,3.92,693.89,20.2,31.6,20.92,1961,0.6393965130285113,0.02911764705882353,0.045539264705882355,21.959072164615538,1736.2118128126342,721.1066395881808
1961-11-01,71.08,2.0,3.14333,30.0,3.94,725.32,20.41,32.08,21.86,1961,0.6362679069649066,0.028137310073157007,0.04422242543612831,22.61296141353278,1819.0648618211194,755.5182726097049
1961-12-01,71.74,2.02,3.19,30.0,4.06,732.05,20.61,32.55,22.04,1961,0.6332288401253918,0.02815723445776415,0.04446612768330081,22.489028213166144,1840.2207465393542,764.3050167293452
1962-01-01,69.07,2.02667,3.25,30.0,4.08,704.81,20.68,33.16,21.2,1962,0.6235907692307693,0.029342261473867096,0.04705371362385986,21.25230769230769,1776.049866961351,737.6527114112812
1962-02-01,70.22,2.03333,3.31,30.1,4.04,714.16,20.68,33.66,21.45,1962,0.6142990936555891,0.028956565081173453,0.047137567644545714,21.214501510574017,1809.9634753151242,749.2406944327724
1962-03-01,70.29,2.04,3.37,30.1,3.93,714.87,20.75,34.27,21.44,1962,0.6053412462908012,0.029022620571916343,0.04794423104282259,20.857566765578635,1816.13529525309,751.7955408256977
1962-04-01,68.05,2.04667,3.40333,30.2,3.84,689.8,20.75,34.5,20.66,1962,0.6013727731368983,0.030075973548861136,0.0500121969140338,19.995122424213932,1762.6511572366735,727.2395171910249
1962-05-01,62.99,2.05333,3.43667,30.2,3.87,638.51,20.81,34.84,19.09,1962,0.5974766270837758,0.03259771392284489,0.05455897761549452,18.328789205830063,1636.0033333039903,674.986805727408
1962-06-01,55.63,2.06,3.47,30.2,3.91,563.9,20.88,35.17,16.83,1962,0.5936599423631124,0.03703037929174906,0.06237641560309186,16.03170028818444,1449.2904163422565,597.9522711133945
1962-07-01,56.97,2.06667,3.49,30.3,4.01,575.58,20.88,35.26,17.14,1962,0.5921690544412607,0.03627646129541864,0.06126031244514658,16.32378223495702,1488.6728361284156,612.173714130695
1962-08-01,58.52,2.07333,3.51,30.3,3.98,591.24,20.95,35.46,17.57,1962,0.5906923076923077,0.03542942583732057,0.0599794941900205,16.672364672364676,1533.6759229024929,630.6799339724442
1962-09-01,58.0,2.08,3.53,30.4,3.98,584.06,20.95,35.55,17.32,1962,0.5892351274787536,0.03586206896551724,0.06086206896551724,16.430594900849858,1524.5760119636682,624.8755627982667
1962-10-01,56.17,2.09667,3.57667,30.4,3.93,565.63,21.11,36.02,16.74,1962,0.5862072821926541,0.03732722093644294,0.06367580559017269,15.704551999485556,1481.029214380568,607.0271056309829
1962-11-01,60.04,2.11333,3.62333,30.4,3.92,604.6,21.28,36.49,17.85,1962,0.5832562863443296,0.035198700866089276,0.06034860093271153,16.570392429063872,1587.67603984901,650.7382715960089
1962-12-01,62.64,2.13,3.67,30.4,3.86,630.78,21.45,36.96,18.59,1962,0.5803814713896458,0.03400383141762452,0.05858876117496807,17.068119891008173,1661.0865104360955,680.8269052642682
1963-01-01,65.06,2.13667,3.68333,30.4,3.83,655.15,21.52,37.09,19.26,1963,0.5800919276850024,0.032841530894558865,0.05661435597909622,17.66336440123475,1729.9669735723942,709.058831931317
1963-02-01,65.92,2.14333,3.69667,30.4,3.92,663.81,21.58,37.23,19.47,1963,0.5798001985570798,0.03251410800970874,0.056078125,17.832265254945668,1757.5692223948786,720.3721220736904
1963-03-01,65.67,2.15,3.71,30.5,3.93,659.13,21.58,37.24,19.29,1963,0.5795148247978437,0.032739454850007614,0.056494594183036394,17.70080862533693,1755.665833406017,717.2326650570157
1963-04-01,68.76,2.16667,3.75333,30.5,3.97,690.14,21.75,37.67,20.15,1963,0.5772660544103503,0.03151061663757999,0.05458595113438045,18.319732077914814,1843.0659281277544,752.9377529335025
1963-05-01,70.14,2.18333,3.79667,30.5,3.93,703.99,21.91,38.11,20.51,1963,0.5750644643858961,0.031128172226974626,0.05412988309096094,18.474083868231897,1884.8955861463362,770.0261968322411
1963-06-01,70.11,2.2,3.84,30.6,3.99,701.39,22.01,38.42,20.38,1963,0.5729166666666667,0.031379261161032665,0.05477107402652974,18.2578125,1888.9788323552139,769.172426508038
1963-07-01,69.07,2.20333,3.88,30.7,4.02,688.74,21.97,38.69,19.97,1963,0.5678685567010309,0.03189995656580281,0.05617489503402346,17.801546391752577,1865.8976000100756,757.2991562255878
1963-08-01,70.98,2.20667,3.92,30.7,4.0,707.78,22.0,39.09,20.47,1963,0.5629260204081633,0.03108861651169343,0.055226824457593686,18.107142857142858,1922.4556343125482,780.2539805711516
1963-09-01,72.85,2.21,3.96,30.7,4.08,726.43,22.04,39.49,20.96,1963,0.5580808080808081,0.0303363074811256,0.0543582704186685,18.396464646464644,1978.0841324910748,802.8315404182017
1963-10-01,73.03,2.23333,3.98,30.8,4.11,725.86,22.2,39.56,20.89,1963,0.5611381909547739,0.030580994112008764,0.0544981514446118,18.349246231155778,1987.9722904171629,804.2251538505795
1963-11-01,72.62,2.25667,4.0,30.8,4.12,721.79,22.43,39.76,20.72,1963,0.5641675,0.031075048196089233,0.055081244836133296,18.155,1981.877733940949,801.7596287306567
1963-12-01,74.17,2.28,4.02,30.9,4.13,734.81,22.59,39.83,21.04,1963,0.5671641791044776,0.030740191452069566,0.05419981124443844,18.450248756218908,2029.3111428700252,818.2918071249358
1964-01-01,76.45,2.29667,4.07333,30.9,4.17,757.39,22.75,40.35,21.63,1964,0.5638310669648666,0.030041465009810336,0.0532809679529104,18.76842779740409,2096.891007004971,845.5424578408395
1964-02-01,77.39,2.31333,4.12667,30.9,4.15,766.71,22.92,40.88,21.83,1964,0.5605803226330189,0.029891846491794806,0.053323039152345264,18.753619746672257,2127.92305107307,858.0557027951603
1964-03-01,78.8,2.33,4.18,30.9,4.22,780.67,23.08,41.41,22.17,1964,0.5574162679425838,0.02956852791878173,0.053045685279187814,18.851674641148325,2171.9931788414024,875.8263756752064
1964-04-01,79.94,2.34667,4.23,30.9,4.23,791.97,23.25,41.91,22.42,1964,0.5547683215130024,0.029355391543657745,0.05291468601451089,18.8983451536643,2208.7673019307117,890.6550350180152
1964-05-01,80.72,2.36333,4.28,30.9,4.2,799.7,23.41,42.4,22.57,1964,0.5521799065420561,0.029278121902874134,0.05302279484638256,18.859813084112147,2235.722215939649,901.5242333530106
1964-06-01,80.24,2.38,4.33,31.0,4.17,792.38,23.5,42.76,22.3,1964,0.5496535796766744,0.029661016949152543,0.053963110667996014,18.531177829099306,2227.8823470727675,895.4649691782802
1964-07-01,83.22,2.4,4.37667,31.1,4.19,819.16,23.62,43.08,22.98,1964,0.548362110919946,0.02883922134102379,0.05259156452775775,19.014456196149126,2316.1295146506122,927.9412782169334
1964-08-01,82.0,2.42,4.42333,31.0,4.19,809.76,23.9,43.68,22.65,1964,0.5470991311975367,0.029512195121951218,0.05394304878048781,18.538069734792565,2287.7414816664304,919.5244794052815
1964-09-01,83.41,2.44,4.47,31.1,4.2,821.03,24.02,44.0,22.89,1964,0.5458612975391499,0.029253087159812972,0.05359069655916557,18.659955257270695,2332.705831519508,934.5824649753399
1964-10-01,84.85,2.46,4.49667,31.1,4.19,835.21,24.21,44.26,23.21,1964,0.5470714995763531,0.028992339422510314,0.052995521508544495,18.86951899961527,2378.6645085342197,952.9954912005267
1964-11-01,85.44,2.48,4.52333,31.2,4.15,838.32,24.33,44.38,23.23,1964,0.5482686427919254,0.02902621722846442,0.05294159644194756,18.8887390484444,2400.95134747688,958.8414676141645
1964-12-01,83.96,2.5,4.55,31.2,4.18,823.8,24.53,44.64,22.75,1964,0.5494505494505495,0.02977608384945212,0.05419247260600286,18.45274725274725,2365.169379049283,944.5516174023742
1965-01-01,86.12,2.51667,4.59333,31.2,4.19,844.99,24.69,45.07,23.27,1965,0.5478966240178694,0.029222828611240127,0.05333639108221087,18.74892507178888,2431.8857854259118,971.1954130258611
1965-02-01,86.75,2.53333,4.63667,31.2,4.21,851.17,24.86,45.49,23.37,1965,0.5463684066366595,0.02920265129682997,0.05344864553314121,18.709548016140896,2455.598154346631,980.6651603576611
1965-03-01,86.83,2.55,4.68,31.3,4.21,849.23,24.94,45.77,23.25,1965,0.5448717948717948,0.029367730047218703,0.05389842220430727,18.553418803418804,2463.838514289497,980.8123925893653
1965-04-01,87.97,2.57,4.73333,31.4,4.2,857.64,25.06,46.15,23.42,1965,0.5429581288437527,0.02921450494486757,0.05380618392633852,18.5852243557918,2502.2162822334863,992.9176712302307
1965-05-01,89.28,2.59,4.78667,31.4,4.21,870.42,25.25,46.67,23.71,1965,0.5410859741741126,0.029009856630824372,0.0536141353046595,18.651797596241227,2545.569637356493,1010.1209452694874
1965-06-01,85.04,2.61,4.84,31.6,4.21,823.83,25.28,46.89,22.39,1965,0.5392561983471075,0.03069143932267168,0.05691439322671683,17.5702479338843,2430.831773531126,958.486199310058
1965-07-01,84.91,2.62667,4.88667,31.6,4.2,822.57,25.45,47.34,22.3,1965,0.5375173686784661,0.030934754445883877,0.057551171828995405,17.375840807748425,2433.3329233451423,959.4724121797618
1965-08-01,86.49,2.64333,4.93333,31.6,4.25,837.88,25.61,47.79,22.67,1965,0.5358104971692549,0.03056226153312522,0.057039310902994564,17.531768602546354,2484.8851107753494,979.7996354512929
1965-09-01,89.38,2.66,4.98,31.6,4.29,865.88,25.77,48.24,23.37,1965,0.5341365461847389,0.029760572835086152,0.055717162676213926,17.947791164658632,2574.2443690726045,1015.0343303368562
1965-10-01,91.39,2.68,5.05,31.7,4.35,882.55,25.88,48.77,23.78,1965,0.5306930693069307,0.02932487143013459,0.0552576868366342,18.097029702970296,2638.5188751177348,1037.096062585709
1965-11-01,92.15,2.7,5.12,31.7,4.45,889.89,26.07,49.44,23.93,1965,0.52734375,0.02930005425935974,0.05556158437330439,17.998046875,2666.9086722567263,1048.2549544580068
1965-12-01,91.73,2.72,5.19,31.8,4.62,883.05,26.18,49.96,23.69,1965,0.5240847784200385,0.029652240270358662,0.05657909080998583,17.674373795761078,2661.265186732146,1042.7473027258661
1966-01-01,93.32,2.74,5.24,31.8,4.61,898.36,26.38,50.44,24.06,1966,0.5229007633587787,0.02936133733390485,0.056150878696956716,17.80916030534351,2713.970209689703,1063.3983903375379
1966-02-01,92.69,2.76,5.29,32.0,4.83,886.72,26.4,50.61,23.7,1966,0.5217391304347826,0.02977667493796526,0.057071960297766754,17.52173913043478,2702.288776261085,1052.20369225666
1966-03-01,88.88,2.78,5.34,32.1,4.87,847.62,26.51,50.93,22.61,1966,0.5205992509363295,0.031278127812781276,0.06008100810081008,16.644194756554306,2597.91728182787,1008.412751762469
1966-04-01,91.6,2.79667,5.38,32.3,4.75,868.15,26.51,50.99,23.11,1966,0.5198271375464685,0.030531331877729263,0.058733624454148474,17.02602230483271,2684.1930001393976,1035.4503028401516
1966-05-01,86.78,2.81333,5.42,32.3,4.78,822.47,26.66,51.37,21.85,1966,0.5190645756457565,0.03241910578474303,0.06245678727817469,16.01107011070111,2549.7798623206545,983.5992905422712
1966-06-01,86.06,2.83,5.46,32.4,4.81,813.13,26.74,51.59,21.56,1966,0.5183150183150184,0.032884034394608415,0.0634441087613293,15.761904761904763,2535.5132054196906,975.0769919607824
1966-07-01,85.84,2.85,5.47667,32.5,5.02,808.55,26.85,51.59,21.38,1966,0.5203892146139899,0.03320130475302889,0.06380090866728798,15.67375795875961,2535.9796895674067,972.2555979079966
1966-08-01,80.65,2.87,5.49333,32.7,5.22,755.02,26.87,51.43,19.91,1966,0.5224517733323867,0.03558586484810911,0.06811320520768754,14.681440947476304,2389.667487650089,910.5583148660584
1966-09-01,77.81,2.89,5.51,32.7,5.18,728.43,27.06,51.58,19.16,1966,0.5245009074410164,0.03714175555841152,0.070813520113096,14.121597096188749,2312.6045383944997,881.1942675350296
1966-10-01,77.13,2.88333,5.52333,32.9,5.01,717.68,26.83,51.39,18.83,1966,0.522027472557316,0.03738273045507585,0.07161065733177752,13.964401909717507,2299.5519895390194,870.8941577403097
1966-11-01,80.99,2.87667,5.53667,32.9,5.16,753.59,26.77,51.52,19.71,1966,0.5195668154323808,0.03551882948512162,0.0683623904185702,14.627926172229877,2421.797565615605,917.1914184671867
1966-12-01,81.33,2.87,5.55,32.9,4.84,756.76,26.7,51.64,19.74,1966,0.5171171171171172,0.035288331488995454,0.0682405016599041,14.654054054054054,2439.1326753727676,923.756630247559
1967-01-01,84.45,2.88,5.51667,32.9,4.58,785.79,26.8,51.33,20.43,1967,0.5220540652241297,0.03410301953818828,0.06532468916518651,15.30814785006172,2539.875982623348,961.9104785254384
1967-02-01,87.36,2.89,5.48333,32.9,4.63,812.87,26.89,51.02,21.07,1967,0.5270519921288707,0.03308150183150183,0.06276705586080586,15.931924578677556,2634.6138079077,997.7899102288737
1967-03-01,89.42,2.9,5.45,33.0,4.54,829.51,26.9,50.56,21.44,1967,0.5321100917431192,0.03243122343994632,0.060948333706106014,16.407339449541283,2704.0026273868016,1020.9658405224106
1967-04-01,90.96,2.9,5.41,33.1,4.59,841.25,26.82,50.03,21.69,1967,0.5360443622920518,0.031882145998240984,0.05947669305189095,16.813308687615525,2757.8790683149405,1038.1623320605486
1967-05-01,92.59,2.9,5.37,33.2,4.85,853.75,26.74,49.52,21.95,1967,0.5400372439478585,0.031320876984555567,0.05799762393347014,17.242085661080075,2814.6274227879267,1056.3330628896856
1967-06-01,91.43,2.9,5.33,33.3,5.02,840.52,26.66,49.0,21.55,1967,0.5440900562851783,0.03171825440227496,0.05829596412556053,17.153846153846153,2786.711166353536,1042.7153493322842
1967-07-01,93.01,2.90667,5.32,33.4,5.16,852.48,26.64,48.76,21.8,1967,0.5463665413533835,0.03125115578970003,0.05719815073647995,17.48308270676692,2842.234067385736,1060.3064814259365
1967-08-01,94.49,2.91333,5.31,33.5,5.28,863.46,26.62,48.52,22.03,1967,0.5486497175141244,0.03083215155042862,0.05619642290189438,17.794726930320152,2894.862381127465,1076.7159781745736
1967-09-01,95.81,2.92,5.3,33.6,5.3,872.92,26.6,48.29,22.22,1967,0.5509433962264151,0.030476985700866297,0.05531781651184636,18.077358490566038,2942.7407364541923,1091.2663564350964
1967-10-01,95.66,2.92,5.31,33.7,5.48,868.97,26.52,48.24,22.07,1967,0.5499058380414313,0.03052477524566172,0.055509094710432784,18.015065913371,2945.6074080132053,1089.0880802327756
1967-11-01,92.66,2.92,5.32,33.8,5.75,839.22,26.45,48.18,21.26,1967,0.5488721804511277,0.03151305849341679,0.05741420246060868,17.417293233082706,2860.722840223571,1054.574159443364
1967-12-01,95.3,2.92,5.33,33.9,5.7,860.59,26.37,48.13,21.75,1967,0.5478424015009381,0.030640083945435468,0.0559286463798531,17.879924953095685,2949.740944288373,1084.182069788588
1968-01-01,95.04,2.93,5.36667,34.1,5.53,853.21,26.3,48.18,21.51,1968,0.5459623938121778,0.030829124579124578,0.05646748737373737,17.709305770617537,2949.2250749382006,1077.6347341269789
1968-02-01,90.75,2.94,5.40333,34.2,5.56,812.31,26.32,48.37,20.42,1968,0.544108910616231,0.03239669421487603,0.059540826446280996,16.795198516470396,2823.6771675761693,1028.7432019882767
1968-03-01,89.09,2.95,5.44,34.3,5.74,795.13,26.33,48.55,19.93,1968,0.5422794117647058,0.033112582781456956,0.061061847569873165,16.376838235294116,2779.649584191924,1009.7502571146175
1968-04-01,95.67,2.96333,5.48333,34.4,5.64,851.37,26.37,48.8,21.28,1968,0.5404252525381474,0.03097449566217205,0.05731504128776,17.447427019712475,2992.6187702595344,1083.9543569021453
1968-05-01,97.87,2.97667,5.52667,34.5,5.87,868.43,26.41,49.04,21.63,1968,0.538601002050059,0.030414529477878816,0.05646950035761725,17.708674482102243,3069.1607483398498,1108.4563166467979
1968-06-01,100.5,2.99,5.57,34.7,5.72,886.62,26.38,49.14,22.0,1968,0.5368043087971275,0.02975124378109453,0.055422885572139306,18.043087971274684,3159.4153309003605,1134.4759372627807
1968-07-01,100.3,3.00333,5.6,34.9,5.5,879.79,26.34,49.12,21.75,1968,0.5363089285714286,0.02994346959122632,0.05583250249252243,17.910714285714285,3160.9609818499716,1128.5264708839727
1968-08-01,98.11,3.01667,5.63,35.0,5.42,858.12,26.39,49.24,21.14,1968,0.5358206039076376,0.03074783406380593,0.057384568341657324,17.426287744227352,3099.830501908631,1103.5396586794727
1968-09-01,101.3,3.03,5.66,35.1,5.46,883.5,26.43,49.36,21.68,1968,0.5353356890459363,0.029911154985192496,0.05587364264560711,17.897526501766784,3208.5627729082366,1138.994078360018
1968-10-01,103.8,3.04333,5.69333,35.3,5.58,900.17,26.39,49.37,22.0,1968,0.5345430530111552,0.029319171483622352,0.05484903660886319,18.231860791487584,3295.745093070427,1163.3139903585702
1968-11-01,105.4,3.05667,5.72667,35.4,5.7,911.46,26.43,49.52,22.2,1968,0.5337604576481619,0.02900066413662239,0.05433273244781784,18.40511152205383,3354.5989351554035,1180.743015029275
1968-12-01,106.5,3.07,5.76,35.5,6.03,918.38,26.47,49.67,22.28,1968,0.532986111111111,0.028826291079812206,0.05408450704225352,18.489583333333336,3397.7161140541803,1192.5505008764812
1969-01-01,102.0,3.08,5.78,35.6,6.04,877.11,26.49,49.7,21.19,1969,0.532871972318339,0.03019607843137255,0.05666666666666667,17.64705882352941,3262.3126072554483,1141.8094125394068
1969-02-01,101.5,3.09,5.8,35.8,6.19,867.93,26.42,49.6,20.9,1969,0.5327586206896552,0.03044334975369458,0.05714285714285714,17.5,3254.529966068205,1132.7218820449675
1969-03-01,99.3,3.1,5.82,36.1,6.3,842.06,26.29,49.35,20.2,1969,0.5326460481099656,0.031218529707955692,0.05861027190332327,17.061855670103093,3192.244996027934,1101.8108767453757
1969-04-01,101.3,3.11,5.82667,36.3,6.17,854.29,26.23,49.14,20.43,1969,0.5337525550614673,0.030700888450148074,0.05751895360315894,17.38557357804715,3264.8447269715034,1120.6602010486208
1969-05-01,104.6,3.12,5.83333,36.4,6.32,879.7,26.24,49.06,20.97,1969,0.5348574484899705,0.029827915869980882,0.05576797323135756,17.931438817965038,3379.554761760046,1156.8475915255544
1969-06-01,99.14,3.13,5.84,36.6,6.57,829.22,26.18,48.85,19.71,1969,0.535958904109589,0.03157151502925156,0.05890659673189429,16.976027397260275,3211.546303240426,1093.329697769828
1969-07-01,94.71,3.13667,5.85667,36.8,6.72,787.86,26.09,48.72,18.68,1969,0.5355722620533512,0.033118678069897586,0.06183792630134094,16.171305537105553,3076.490101950063,1041.6594203885268
1969-08-01,94.18,3.14333,5.87333,37.0,6.69,779.22,26.01,48.59,18.43,1969,0.5351870233751551,0.03337576980250584,0.06236281588447653,16.035196387739155,3067.7647448597186,1033.0905059716783
1969-09-01,94.51,3.15,5.89,37.1,7.16,779.84,25.99,48.6,18.4,1969,0.534804753820034,0.033329806369696326,0.06232144746587662,16.04584040747029,3087.046391126711,1036.7816181519897
1969-10-01,95.52,3.15333,5.85333,37.3,7.1,783.95,25.88,48.04,18.45,1969,0.5387241108907238,0.033012248743718595,0.06127858040201005,16.31891589915484,3128.6109507786923,1045.107036104625
1969-11-01,96.21,3.15667,5.81667,37.5,7.14,785.4,25.77,47.48,18.44,1969,0.542693671808784,0.03281020683920591,0.060458060492672286,16.540391667397323,3159.8177150181764,1049.902099443373
1969-12-01,91.11,3.16,5.78,37.7,7.65,739.82,25.66,46.93,17.33,1969,0.5467128027681661,0.034683349796948745,0.06343979804631764,15.762975778546712,3000.9583255120215,991.8286667342119
1970-01-01,90.31,3.16333,5.73,37.8,7.79,731.39,25.62,46.41,17.09,1970,0.552064572425829,0.03502746096777765,0.06344812313143616,15.760907504363,2983.281733465505,983.3780528830741
1970-02-01,87.16,3.16667,5.68,38.0,7.24,702.16,25.51,45.76,16.37,1970,0.557512323943662,0.036331688848095456,0.06516750803120698,15.345070422535212,2887.9333548076665,946.9381473921981
1970-03-01,88.65,3.17,5.63,38.2,7.07,710.42,25.4,45.12,16.53,1970,0.5630550621669627,0.03575860124083474,0.06350817822899041,15.74600355239787,2946.046193553106,960.9354861694163
1970-04-01,85.95,3.17333,5.59333,38.5,7.39,683.42,25.23,44.47,15.87,1970,0.5673418160559095,0.03692065154159395,0.06507655613728912,15.36651690495644,2865.097772574015,927.2498245784994
1970-05-01,76.06,3.17667,5.55667,38.6,7.91,603.21,25.19,44.07,13.98,1970,0.5716859198044872,0.041765316855114386,0.07305640283986327,13.688054176332226,2544.2349618948974,821.2737726738452
1970-06-01,75.59,3.18,5.52,38.8,7.84,596.4,25.09,43.55,13.8,1970,0.5760869565217392,0.04206905675353883,0.07302553247784098,13.693840579710146,2537.368354053846,814.8353013276012
1970-07-01,75.72,3.18333,5.46667,39.0,7.46,594.36,24.99,42.91,13.73,1970,0.5823161083438364,0.04204080824088748,0.072195853143159,13.851211066334717,2550.627521931227,814.8927929041819
1970-08-01,77.92,3.18667,5.41333,39.0,7.53,611.63,25.01,42.49,14.1,1970,0.5886709289845622,0.04089668891170431,0.06947292094455852,14.394097533311289,2633.6703724422923,841.4239189905376
1970-09-01,82.58,3.19,5.36,39.2,7.39,644.9,24.91,41.86,14.84,1970,0.5951492537313432,0.03862920804068782,0.06490675708403973,15.406716417910447,2800.1525396145244,890.0484858060452
1970-10-01,84.37,3.17333,5.28333,39.4,7.33,655.53,24.66,41.05,15.06,1970,0.6006306628584623,0.03761206590020149,0.06262095531587057,15.969095248640535,2869.8624806336275,907.5757997130711
1970-11-01,84.28,3.15667,5.20667,39.6,6.84,651.53,24.4,40.25,14.95,1970,0.606274259747593,0.03745455624110109,0.061778239202657806,16.186929457791642,2875.7962339687238,904.8591180618762
1970-12-01,90.05,3.14,5.13,39.8,6.39,692.63,24.15,39.46,15.87,1970,0.6120857699805069,0.03486951693503609,0.05696835091615769,17.553606237816766,3081.6557409077723,964.7595610982625
1971-01-01,93.49,3.13,5.16,39.8,6.24,719.09,24.07,39.69,16.46,1971,0.6065891472868217,0.03347951652583164,0.05519306877740935,18.118217054263564,3208.332724075571,1004.4177322105935
1971-02-01,97.11,3.12,5.19,39.9,6.11,745.06,23.94,39.82,17.03,1971,0.6011560693641618,0.032128514056224904,0.05344454742045104,18.710982658959537,3341.512792318342,1043.4899597064298
1971-03-01,99.6,3.11,5.22,40.0,5.7,762.26,23.8,39.95,17.4,1971,0.5957854406130269,0.031224899598393575,0.05240963855421687,19.080459770114942,3436.139094232413,1070.3573278533968
1971-04-01,103.0,3.10667,5.25333,40.1,5.83,786.31,23.72,40.1,17.92,1971,0.5913715681291676,0.030161844660194174,0.05100320388349515,19.606611425514863,3562.3781066384913,1106.9134964766984
1971-05-01,101.6,3.10333,5.28667,40.3,6.39,771.78,23.57,40.16,17.56,1971,0.5870103486693893,0.03054458661417323,0.052034153543307086,19.218146772921326,3522.9114246004847,1089.2177754471973
1971-06-01,99.72,3.1,5.32,40.6,6.52,751.9,23.37,40.11,17.08,1971,0.5827067669172932,0.031087043722422786,0.05334937825912556,18.74436090225564,3466.6908496105884,1063.9154676391117
1971-07-01,99.0,3.09667,5.35667,40.7,6.73,744.63,23.29,40.29,16.89,1971,0.5780960932818336,0.03127949494949495,0.05410777777777778,18.48163131199047,3450.641354936465,1056.3879921992225
1971-08-01,97.24,3.09333,5.39333,40.8,6.58,729.6,23.21,40.47,16.52,1971,0.5735473260490273,0.031811291649526945,0.055464109419991775,18.029677397822866,3398.2911463071155,1037.8114628183005
1971-09-01,99.4,3.09,5.43,40.8,6.14,745.81,23.18,40.74,16.86,1971,0.569060773480663,0.031086519114688127,0.05462776659959758,18.30570902394107,3482.7863321564637,1063.6156298693516
1971-10-01,97.29,3.08333,5.52,40.9,5.93,728.19,23.08,41.32,16.43,1971,0.558574275362319,0.03169215746736561,0.05673758865248226,17.625000000000004,3417.878266962099,1041.2411541894319
1971-11-01,92.78,3.07667,5.61,40.9,5.81,694.44,23.03,41.99,15.64,1971,0.5484260249554367,0.033160918301358054,0.06046561758999785,16.538324420677363,3268.464893532904,995.7230458048897
1971-12-01,99.17,3.07,5.7,41.1,5.93,738.65,22.87,42.46,16.6,1971,0.5385964912280702,0.03095694262377735,0.05747705959463548,17.398245614035087,3502.604682927251,1061.8602031453418
1972-01-01,103.3,3.07,5.73667,41.1,5.95,769.42,22.87,42.73,17.26,1972,0.5351536692889777,0.02971926427879961,0.05553407550822846,18.00696222721544,3657.5087907408206,1108.8213998206966
1972-02-01,105.2,3.07,5.77333,41.3,6.08,779.77,22.76,42.79,17.46,1972,0.5317555033230389,0.02918250950570342,0.05487956273764258,18.22171952755169,3733.8396655524252,1126.480441471749
1972-03-01,107.7,3.07,5.81,41.4,6.07,796.38,22.7,42.96,17.81,1972,0.5283993115318416,0.028505106778087277,0.05394614670380687,18.53700516351119,3831.651831062421,1153.197628382555
1972-04-01,108.8,3.07,5.86333,41.5,6.19,802.57,22.65,43.25,17.92,1972,0.5235932482053713,0.028216911764705883,0.05389090073529412,18.55600827516104,3879.888425995403,1164.9014406723547
1972-05-01,107.7,3.07,5.91667,41.6,6.13,792.55,22.59,43.54,17.66,1972,0.5188729471138326,0.028505106778087277,0.054936583101207054,18.202806646306115,3849.7848186460365,1153.0845875079235
1972-06-01,108.0,3.07,5.97,41.7,6.11,792.85,22.54,43.83,17.64,1972,0.5142378559463987,0.028425925925925924,0.05527777777777777,18.090452261306535,3869.6533305157127,1156.2561270557742
1972-07-01,107.2,3.07333,6.02667,41.9,6.11,783.22,22.45,44.03,17.4,1972,0.5099549170603335,0.028669123134328355,0.05621893656716418,17.787600781194257,3850.1557716821726,1144.9389239894958
1972-08-01,111.0,3.07667,6.08333,42.0,6.21,809.05,22.43,44.34,17.94,1972,0.505754249728356,0.027717747747747747,0.05480477477477477,18.246585340594706,3995.8335565286366,1185.4306217701624
1972-09-01,109.4,3.08,6.14,42.1,6.55,795.5,22.4,44.65,17.61,1972,0.501628664495114,0.028153564899451554,0.056124314442413156,17.817589576547235,3947.46558126063,1168.2997896082531
1972-10-01,109.6,3.10333,6.23333,42.3,6.48,793.18,22.46,45.11,17.53,1972,0.497860694043152,0.02831505474452555,0.05687344890510949,17.58289710315353,3963.943423571194,1167.6296703947303
1972-11-01,115.1,3.12667,6.32667,42.4,6.28,831.02,22.57,45.68,18.34,1972,0.49420469219984603,0.027164813205907905,0.05496672458731538,18.192824977436786,4172.21721501004,1226.0808136562523
1972-12-01,117.5,3.15,6.42,42.5,6.36,846.35,22.69,46.24,18.65,1972,0.49065420560747663,0.02680851063829787,0.054638297872340424,18.302180685358255,4268.658716741827,1251.4702967200747
1973-01-01,118.4,3.15667,6.54667,42.6,6.46,850.83,22.68,47.04,18.71,1973,0.4821794897253108,0.02666106418918919,0.05529282094594594,18.08553050634903,4310.891191279806,1260.8850761348917
1973-02-01,114.2,3.16333,6.67333,42.9,6.64,814.91,22.57,47.62,17.89,1973,0.47402571130155413,0.027699912434325746,0.058435464098073556,17.112895660787043,4167.54881012572,1210.434922474743
1973-03-01,112.4,3.17,6.8,43.3,6.71,794.66,22.41,48.08,17.41,1973,0.4661764705882353,0.028202846975088965,0.06049822064056939,16.529411764705884,4111.480711671852,1183.118929963771
1973-04-01,110.3,3.18667,6.94333,43.6,6.67,774.45,22.37,48.75,16.94,1973,0.4589541329592573,0.028890933816863102,0.06294950135992747,15.885749345054895,4044.3277460148743,1155.7872411776455
1973-05-01,107.2,3.20333,7.08667,43.9,6.85,747.54,22.34,49.42,16.31,1973,0.45202189462751896,0.029881809701492533,0.06610699626865671,15.12699194403013,3940.398270151048,1118.3909441020971
1973-06-01,104.8,3.22,7.23,44.2,6.9,725.84,22.3,50.07,15.81,1973,0.44536652835408025,0.03072519083969466,0.06898854961832061,14.49515905947441,3861.9925843693104,1088.6974570416653
1973-07-01,105.8,3.23667,7.38333,44.3,7.13,731.11,22.37,51.02,15.89,1973,0.4383753672123554,0.030592344045368623,0.06978572778827978,14.329577575430056,3908.7320302456633,1099.386029274514
1973-08-01,103.8,3.25333,7.53667,45.1,7.4,704.57,22.08,51.16,15.28,1973,0.43166677060293207,0.03134229287090559,0.07260761078998074,13.772660870119031,3844.807728870773,1062.2240421669585
1973-09-01,105.6,3.27,7.69,45.2,7.09,715.2,22.15,52.08,15.48,1973,0.42522756827048114,0.030965909090909093,0.0728219696969697,13.732119635890767,3921.5227860899254,1081.0215467849662
1973-10-01,109.8,3.30667,7.84667,45.6,6.79,737.12,22.2,52.68,15.91,1973,0.42141061112548384,0.030115391621129327,0.07146329690346083,13.993197114189842,4087.6119021958652,1116.922024152642
1973-11-01,102.0,3.34333,8.00333,45.9,6.73,680.28,22.3,53.38,14.65,1973,0.41774236474067666,0.03277774509803921,0.07846401960784313,12.744695020697634,3807.493436503016,1033.5810069461347
1973-12-01,94.78,3.38,8.16,46.2,6.74,628.03,22.4,54.07,13.49,1973,0.4142156862745098,0.03566153196876978,0.08609411268200043,11.615196078431373,3548.3827140295207,956.9880652988707
1974-01-01,96.11,3.4,8.22667,46.6,6.99,631.37,22.34,54.04,13.53,1974,0.4132899459927285,0.035376131515971285,0.08559639995838103,11.682734326282688,3608.7204449936226,964.9067970948613
1974-02-01,93.45,3.42,8.29333,47.2,6.96,606.09,22.18,53.79,12.96,1974,0.4123795869692874,0.036597110754414124,0.0887461744248261,11.26809134569588,3519.4818060285324,929.0835445575322
1974-03-01,97.44,3.44,8.36,47.8,7.21,624.04,22.03,53.54,13.31,1974,0.4114832535885168,0.035303776683087026,0.08579638752052544,11.655502392344498,3680.485387845247,959.3901241119619
1974-04-01,92.46,3.46,8.48667,48.0,7.51,589.68,22.07,54.13,12.55,1974,0.40769819022066367,0.03742158771360589,0.09178747566515251,10.894732562948718,3503.2096822456942,909.3748466829448
1974-05-01,89.67,3.48,8.61333,48.6,7.58,564.82,21.92,54.25,12.0,1974,0.4040249241582524,0.038808966209434595,0.09605587152893943,10.410607744043245,3408.4242302835705,873.8470351714669
1974-06-01,89.79,3.5,8.74,49.0,7.54,560.96,21.87,54.6,11.89,1974,0.40045766590389015,0.03897984185321305,0.09733823365630916,10.273455377574372,3424.0086390536862,870.676482502223
1974-07-01,79.31,3.53,8.86333,49.4,7.81,491.48,21.88,54.93,10.39,1974,0.39827017610762544,0.04450888916908334,0.11175551632833185,8.94810415498464,3035.49163993472,765.6321018944659
1974-08-01,76.03,3.56,8.98667,50.0,8.04,465.5,21.8,55.02,9.82,1974,0.3961422862973715,0.046823622254373275,0.11819900039458109,8.460308434603697,2921.212581536387,727.9661753188676
1974-09-01,68.12,3.59,9.11,50.6,8.04,412.12,21.72,55.12,8.68,1974,0.3940724478594951,0.05270111567821491,0.13373458602466234,7.4774972557628985,2628.6942976910145,647.3029831863644
1974-10-01,69.44,3.59333,9.03667,51.1,7.9,416.0,21.53,54.14,8.74,1974,0.3976387319665319,0.051747263824884794,0.13013637672811063,7.684246520012349,2691.17659633573,656.204704312
1974-11-01,71.74,3.59667,8.96333,51.5,7.68,426.44,21.38,53.28,8.95,1974,0.40126493167159977,0.050134792305547814,0.12494187343183719,8.003721831060554,2791.919155448846,675.4817995513131
1974-12-01,67.07,3.6,8.89,51.9,7.43,395.61,21.23,52.44,8.29,1974,0.40494938132733405,0.053675264648874316,0.13254808409124796,7.544431946006748,2621.8402389883345,629.4437259690684
1975-01-01,72.56,3.62333,8.74333,52.1,7.5,426.35,21.29,51.37,8.92,1975,0.41441075654241577,0.0499356394707828,0.12049793274531423,8.298897559625452,2848.177721972418,681.1572824525207
1975-02-01,80.1,3.64667,8.59667,52.5,7.39,467.06,21.26,50.13,9.76,1975,0.42419564784969066,0.045526466916354556,0.10732421972534333,9.317561334795915,3155.995399376656,749.0229081187265
1975-03-01,83.78,3.67,8.45,52.7,7.73,486.67,21.32,49.08,10.16,1975,0.43431952662721895,0.04380520410599188,0.1008593936500358,9.914792899408285,3312.963387911319,783.2926719805511
1975-04-01,84.72,3.68333,8.28667,52.9,8.23,490.27,21.32,47.95,10.23,1975,0.4444885581301053,0.04347651085930123,0.09781244098205856,10.223648341251671,3362.228131534771,791.9350192613091
1975-05-01,90.1,3.69667,8.12333,53.2,8.06,518.46,21.27,46.74,10.82,1975,0.45506830326971826,0.04102852386237514,0.09015904550499444,11.091510501235332,3587.9222257230876,840.3291528667232
1975-06-01,92.4,3.71,7.96,53.6,7.86,527.73,21.19,45.46,11.01,1975,0.46608040201005024,0.040151515151515146,0.08614718614718614,11.608040201005027,3691.779068013248,858.2008803627812
1975-07-01,92.49,3.71,7.89333,54.2,8.06,522.39,20.95,44.58,10.9,1975,0.4700170903788389,0.040112444588604176,0.08534252351605578,11.717488056371645,3707.727500314639,852.3668755335867
1975-08-01,85.71,3.71,7.82667,54.3,8.4,483.21,20.92,44.12,10.09,1975,0.4740202410475975,0.04328549760821375,0.0913157157857893,10.951017482530885,3448.325546590424,791.2732285546351
1975-09-01,84.67,3.71,7.76,54.6,8.43,474.72,20.8,43.51,9.92,1975,0.47809278350515466,0.043817172552261724,0.09164993504192748,10.911082474226804,3418.9223118029645,780.2156044883689
1975-10-01,88.57,3.7,7.82667,54.9,8.14,493.87,20.63,43.64,10.33,1975,0.4727425584571727,0.04177486733656995,0.08836705430732754,11.316434703392375,3588.885862420231,814.5267367168685
1975-11-01,90.07,3.69,7.89333,55.3,8.05,498.61,20.43,43.7,10.44,1975,0.4674833055250446,0.04096813589430443,0.08763550571777506,11.410900089062537,3662.160130621013,825.1449408234689
1975-12-01,88.7,3.68,7.96,55.5,8.0,489.25,20.3,43.91,10.25,1975,0.4623115577889447,0.04148816234498309,0.08974069898534386,11.143216080402011,3618.959895928165,812.4727982570259
1976-01-01,96.86,3.68333,8.19333,55.6,7.74,533.3,20.28,45.11,11.19,1976,0.449552257751122,0.03802735907495355,0.08458940739211232,11.821811156147746,3964.399885994213,888.424866537552
1976-02-01,100.6,3.68667,8.42667,55.8,7.79,551.91,20.23,46.23,11.59,1976,0.4375002225078234,0.03664681908548708,0.08376411530815109,11.938286416817082,4130.037971818683,922.2271170046738
1976-03-01,101.1,3.69,8.66,55.9,7.73,553.66,20.21,47.43,11.63,1976,0.42609699769053117,0.03649851632047478,0.08565776458951534,11.674364896073902,4163.177729042404,927.9641235039063
1976-04-01,101.9,3.71333,8.85667,56.1,7.56,556.05,20.26,48.33,11.69,1976,0.41926931905558185,0.036440922473012755,0.08691530912659469,11.505452952407621,4208.783261534141,934.785016732895
1976-05-01,101.2,3.73667,9.05333,56.5,7.9,548.32,20.25,49.05,11.53,1976,0.4127398426877182,0.036923616600790514,0.08945978260869565,11.178207355746448,4192.652104968608,924.6096500514842
1976-06-01,101.8,3.76,9.25,56.8,7.86,548.66,20.26,49.85,11.54,1976,0.40648648648648644,0.03693516699410609,0.09086444007858546,11.005405405405405,4230.410382716342,928.0090381803806
1976-07-01,104.2,3.79,9.35,57.1,7.83,558.64,20.32,50.13,11.76,1976,0.40534759358288774,0.03637236084452975,0.08973128598848368,11.144385026737968,4343.165918129934,947.7381320472675
1976-08-01,103.3,3.82,9.45,57.4,7.77,550.92,20.37,50.4,11.6,1976,0.4042328042328042,0.036979670861568247,0.0914811229428848,10.931216931216932,4318.817235239586,937.499351064203
1976-09-01,105.5,3.85,9.55,57.6,7.59,560.7,20.46,50.76,11.81,1976,0.4031413612565445,0.036492890995260666,0.09052132701421801,11.047120418848166,4424.104954543346,957.0199259307309
1976-10-01,101.9,3.91667,9.67,57.9,7.41,538.76,20.71,51.13,11.35,1976,0.40503309203722854,0.03843640824337585,0.09489695780176644,10.537745604963806,4286.594267370139,922.4691635825897
1976-11-01,101.2,3.98333,9.79,58.0,7.29,534.14,21.02,51.67,11.25,1976,0.4068774259448417,0.03936096837944664,0.09673913043478259,10.337078651685394,4270.877701556655,917.5023476102746
1976-12-01,104.7,4.05,9.91,58.2,6.87,550.71,21.3,52.13,11.6,1976,0.408678102926337,0.03868194842406877,0.09465138490926456,10.565085771947528,4432.5947459739145,948.9713150315289
1977-01-01,103.8,4.09667,9.96667,58.5,7.21,543.18,21.44,52.16,11.44,1977,0.41103698627525537,0.0394669556840077,0.0960180154142582,10.414712235882195,4408.7806624532805,939.0325992165449
1977-02-01,101.0,4.14333,10.0233,59.1,7.39,523.16,21.46,51.92,11.01,1977,0.41336984825356915,0.04102306930693069,0.09924059405940595,10.07652170442868,4304.35411237141,907.4831174305883
1977-03-01,100.6,4.19,10.08,59.5,7.46,517.59,21.56,51.86,10.9,1977,0.4156746031746032,0.041650099403578535,0.10019880715705766,9.98015873015873,4302.0219834811705,900.8940153642923
1977-04-01,99.05,4.24667,10.1933,60.0,7.37,505.37,21.67,52.01,10.64,1977,0.41661385419834596,0.042874003028773346,0.10291065118626957,9.717167158820008,4250.669981508039,882.7224661598362
1977-05-01,98.76,4.30333,10.3067,60.3,7.46,501.38,21.85,52.32,10.55,1977,0.41752743361114614,0.04357361279870393,0.10436107735925475,9.582116487333483,4253.411745898686,878.8973524692807
1977-06-01,99.29,4.36,10.42,60.7,7.28,500.75,21.99,52.55,10.53,1977,0.418426103646833,0.0439117735925068,0.10494511028300936,9.528790786948177,4291.682581824494,880.9615316232816
1977-07-01,100.2,4.40667,10.5167,61.0,7.33,502.85,22.11,52.78,10.57,1977,0.4190164215010412,0.04397874251497006,0.10495708582834332,9.527703557199501,4346.720777891804,887.8711621726538
1977-08-01,97.75,4.45333,10.6133,61.2,7.4,488.95,22.28,53.09,10.27,1977,0.4195989937154325,0.045558363171355504,0.1085759590792839,9.210141991651984,4256.368959179473,866.574464564971
1977-09-01,96.23,4.5,10.71,61.4,7.34,479.78,22.44,53.4,10.07,1977,0.4201680672268907,0.04676296373272368,0.11129585368388237,8.985060690943044,4206.342399726403,853.5997768825893
1977-10-01,93.74,4.55667,10.77,61.6,7.52,465.85,22.64,53.52,9.77,1977,0.42308913649025076,0.04860966503093664,0.11489225517388521,8.70380687093779,4113.892912296064,832.1283390780676
1977-11-01,94.28,4.61333,10.83,61.9,7.58,466.26,22.82,53.56,9.77,1977,0.42597691597414594,0.04893222316504031,0.11487059821807383,8.70544783010157,4154.256043019654,836.2201986433746
1977-12-01,93.82,4.67,10.89,62.1,7.69,462.49,23.02,53.68,9.68,1977,0.42883379247015607,0.049776167128544026,0.11607333191217226,8.615243342516068,4150.926829218101,832.8590707255643
1978-01-01,90.25,4.71333,10.9,62.5,7.96,442.05,23.09,53.39,9.24,1978,0.4324155963302752,0.05222526315789474,0.12077562326869806,8.279816513761467,4010.1955733813443,799.472589509305
1978-02-01,88.98,4.75667,10.91,62.9,8.03,433.06,23.15,53.1,9.05,1978,0.43599175068744267,0.053457743313104066,0.12261182288154641,8.155820348304308,3971.2168056653277,786.6671128551668
1978-03-01,88.82,4.8,10.92,63.4,8.04,428.87,23.18,52.73,8.95,1978,0.43956043956043955,0.054041882458905656,0.12294528259401037,8.133699633699633,3981.7669588609206,782.5365348171463
1978-04-01,92.71,4.83667,11.0233,63.9,8.15,444.15,23.17,52.81,9.26,1978,0.4387678825759981,0.052169884586344514,0.11890087369215836,8.410367131439767,4174.0860339961755,813.914115549176
1978-05-01,97.41,4.87333,11.1267,64.5,8.35,462.32,23.13,52.81,9.63,1978,0.43798520675492286,0.050029052458679814,0.11422543886664613,8.75461727196743,4403.841120660175,850.7265172624153
1978-06-01,97.66,4.91,11.23,65.2,8.46,458.53,23.05,52.73,9.55,1978,0.43722172751558325,0.050276469383575675,0.11499078435388083,8.696349065004451,4433.503453762976,847.2615495994891
1978-07-01,97.19,4.94667,11.3433,65.7,8.64,452.85,23.05,52.85,9.43,1978,0.43608738197878927,0.05089690297355695,0.11671262475563329,8.568053388343781,4430.741782726346,840.2898418990909
1978-08-01,103.9,4.98333,11.4567,66.0,8.41,481.92,23.11,53.14,10.02,1978,0.4349708031108434,0.04796275264677574,0.11026660250240615,9.068929098256916,4755.432891036087,897.768088216813
1978-09-01,103.9,5.02,11.57,66.5,8.42,478.3,23.11,53.26,9.94,1978,0.43388072601555744,0.04831568816169393,0.11135707410972089,8.980121002592913,4774.439861992847,894.579258352344
1978-10-01,100.6,5.03667,11.8233,67.1,8.64,458.96,22.98,53.94,9.53,1978,0.42599528050544266,0.05006630218687873,0.11752783300198807,8.50862280412406,4642.020764761765,861.9907411167154
1978-11-01,94.71,5.05333,12.0767,67.4,8.81,430.17,22.95,54.85,8.93,1978,0.41843632780478107,0.05335582303874987,0.12751240629289412,7.842374158503564,4389.603848817342,811.4905631493186
1978-12-01,96.11,5.07,12.33,67.7,9.01,434.59,22.93,55.75,9.01,1978,0.41119221411192214,0.0527520549370513,0.1282905004682135,7.794809407948094,4474.00840085116,823.4290203043643
1979-01-01,99.71,5.11333,12.6533,68.3,9.1,446.91,22.92,56.71,9.26,1979,0.40411039017489514,0.05128201785177014,0.12690101293751882,7.880157745410288,4661.259454772955,850.3556779863986
1979-02-01,98.23,5.15667,12.9767,69.1,9.1,435.18,22.85,57.49,9.0,1979,0.39737914878204783,0.05249587702331263,0.13210526315789473,7.569721115537849,4611.99207093575,831.6269349328431
1979-03-01,100.1,5.2,13.3,69.8,9.12,439.02,22.81,58.33,9.07,1979,0.39097744360902253,0.05194805194805195,0.1328671328671329,7.526315789473683,4719.966232957052,842.5613074877489
1979-04-01,102.1,5.24667,13.5267,70.6,9.18,442.71,22.75,58.65,9.13,1979,0.38787509148572824,0.05138756121449559,0.13248481880509305,7.548034627810183,4834.704006851779,853.2636250052858
1979-05-01,99.73,5.29333,13.7533,71.5,9.25,426.99,22.66,58.88,8.79,1979,0.3848770840452837,0.05307660683846385,0.13790534442996089,7.251350584950521,4743.181899862524,826.5740765354833
1979-06-01,101.7,5.34,13.98,72.3,8.91,430.61,22.61,59.19,8.85,1979,0.38197424892703863,0.052507374631268436,0.13746312684365783,7.274678111587983,4857.8548895670165,837.1904830429464
1979-07-01,102.7,5.39667,14.1967,73.1,8.95,430.09,22.6,59.45,8.83,1979,0.38013552445286586,0.052547906523855895,0.1382346640701071,7.234075524593744,4926.877508204424,839.7933481836817
1979-08-01,107.4,5.45333,14.4133,73.8,9.03,445.5,22.62,59.79,9.13,1979,0.3783540202451902,0.05077588454376164,0.1342020484171322,7.45145109031242,5173.9276733333845,873.538466256558
1979-09-01,108.6,5.51,14.63,74.6,9.33,445.65,22.61,60.04,9.11,1979,0.3766233766233766,0.050736648250460405,0.13471454880294662,7.423103212576896,5253.629483928372,877.4828869939346
1979-10-01,104.5,5.55667,14.7067,75.2,10.3,425.4,22.62,59.87,8.68,1979,0.37783255251008047,0.05317387559808613,0.14073397129186602,7.105604928365983,5077.500668587035,841.2986480132242
1979-11-01,103.7,5.60333,14.7833,75.9,10.65,418.25,22.6,59.63,8.52,1979,0.37903106884119236,0.05403404050144647,0.14255834136933462,7.014671960928886,5061.12904914659,830.8520151826945
1979-12-01,107.8,5.65,14.86,76.7,10.39,430.25,22.55,59.31,8.75,1979,0.3802153432032302,0.052411873840445274,0.137847866419295,7.2543741588156125,5284.020985383303,858.3950649005992
1980-01-01,110.9,5.7,15.0033,77.8,10.8,436.37,22.43,59.03,8.85,1980,0.3799164183879547,0.05139765554553652,0.13528674481514877,7.391707157758627,5459.052138153615,874.2903552878412
1980-02-01,115.3,5.75,15.1467,78.9,12.41,447.36,22.31,58.77,9.05,1980,0.3796206434404854,0.04986990459670425,0.13136773633998264,7.6122191632500815,5699.023997247382,899.9979595146056
1980-03-01,104.7,5.8,15.29,80.1,12.75,400.14,22.17,58.44,8.08,1980,0.37933289731850883,0.055396370582617,0.14603629417383,6.847612818835841,5198.773589278537,808.6981138877725
1980-04-01,103.0,5.84667,15.1733,81.0,11.47,389.27,22.1,57.35,7.84,1980,0.3853261979925263,0.056763786407766983,0.14731359223300972,6.78823986871676,5138.361225060559,790.419516842649
1980-05-01,107.7,5.89333,15.0567,81.8,10.18,403.06,22.06,56.35,8.1,1980,0.3914091401170243,0.05471987000928505,0.13980222841225626,7.152961804379446,5397.136205252421,822.1065662279361
1980-06-01,114.6,5.94,14.94,82.7,9.78,424.21,21.99,55.3,8.51,1980,0.3975903614457832,0.0518324607329843,0.13036649214659687,7.670682730923694,5767.524616353782,868.9644101543909
1980-07-01,119.8,5.98333,14.84,82.7,10.25,443.46,22.15,54.93,8.88,1980,0.4031893530997304,0.049944323873121865,0.12387312186978297,8.07277628032345,6054.139386773807,912.147240135449
1980-08-01,123.5,6.02667,14.74,83.3,11.1,453.86,22.15,54.17,9.07,1980,0.4088649932157395,0.04879894736842105,0.11935222672064777,8.378561736770692,6266.317810945916,937.3147649986329
1980-09-01,126.5,6.07,14.64,84.0,11.51,461.01,22.12,53.35,9.2,1980,0.4146174863387978,0.04798418972332016,0.1157312252964427,8.64071038251366,6444.018533453167,955.8627491288865
1980-10-01,130.2,6.1,14.7,84.8,11.75,470.02,22.02,53.07,9.36,1980,0.41496598639455784,0.04685099846390169,0.11290322580645162,8.857142857142858,6658.267291940242,978.3255950185782
1980-11-01,135.7,6.13,14.76,85.5,12.68,485.87,21.95,52.85,9.65,1980,0.4153116531165312,0.045173176123802505,0.10876934414148859,9.193766937669377,6965.526042419564,1015.0930349537751
1980-12-01,133.5,6.16,14.82,86.3,12.84,473.56,21.85,52.57,9.39,1980,0.4156545209176788,0.04614232209737828,0.11101123595505619,9.008097165991902,6878.820556740466,993.16459023159
1981-01-01,133.0,6.2,14.74,87.0,12.57,467.99,21.82,51.87,9.26,1981,0.4206241519674356,0.04661654135338346,0.11082706766917294,9.023066485753052,6879.507580017044,985.2720051380734
1981-02-01,128.4,6.24,14.66,87.9,13.19,447.18,21.73,51.06,8.83,1981,0.4256480218281037,0.048598130841121495,0.11417445482866043,8.758526603001364,6668.294627998977,945.2440394182851
1981-03-01,133.2,6.28,14.58,88.5,13.12,460.75,21.72,50.43,9.08,1981,0.43072702331961593,0.047147147147147156,0.10945945945945947,9.135802469135802,6944.582224735382,977.7344013582244
1981-04-01,134.4,6.31667,14.7233,89.1,13.68,461.77,21.7,50.59,9.09,1981,0.4290254222898399,0.04699903273809524,0.10954836309523809,9.128388336853831,7034.430798563915,983.7150140303748
1981-05-01,131.7,6.35333,14.8667,89.8,14.1,448.96,21.66,50.68,8.82,1981,0.4273530776836823,0.04824092634776006,0.1128830675778284,8.858724532007775,6920.665062030491,960.2615442416474
1981-06-01,132.3,6.39,15.01,90.6,13.47,447.03,21.59,50.72,8.77,1981,0.4257161892071952,0.04829931972789115,0.11345427059712773,8.81412391738841,6980.015895620198,959.9447909429102
1981-07-01,129.1,6.43333,15.0967,91.6,14.28,431.45,21.5,50.45,8.45,1981,0.4261414746269052,0.04983214562354764,0.11693803253292022,8.55153775328383,6839.281259176003,930.3214463900983
1981-08-01,129.6,6.47667,15.1833,92.3,14.94,429.84,21.48,50.36,8.4,1981,0.42656537116437143,0.049974305555555563,0.11715509259259259,8.535693821501255,6894.170905998976,930.6757257719096
1981-09-01,118.3,6.52,15.27,93.2,15.32,388.57,21.42,50.16,7.58,1981,0.426981008513425,0.05511411665257819,0.1290786136939983,7.747216764898494,6321.76973253466,845.1636359161145
1981-10-01,119.8,6.55667,15.3,93.4,15.15,392.66,21.49,50.15,7.65,1981,0.428540522875817,0.05473013355592655,0.1277128547579299,7.830065359477124,6430.962317658462,857.9206689295978
1981-11-01,122.9,6.59333,15.33,93.7,13.39,401.53,21.54,50.08,7.81,1981,0.43009328114807566,0.05364792514239219,0.12473555736371032,8.01696020874103,6626.7034806497095,881.2030455591823
1981-12-01,123.8,6.63,15.36,94.0,13.72,403.18,21.59,50.02,7.83,1981,0.431640625,0.053554119547657514,0.12407108239095314,8.059895833333334,6704.856749195335,888.7501605848286
1982-01-01,117.3,6.66,15.1767,94.3,14.59,380.79,21.62,49.27,7.39,1982,0.4388305758168772,0.05677749360613811,0.129383631713555,7.728952934432386,6382.747415464809,843.3619596679907
1982-02-01,114.5,6.69,14.9933,94.6,14.43,370.52,21.65,48.52,7.18,1982,0.44619930235505195,0.05842794759825328,0.13094585152838428,7.636744412504252,6260.588268425437,824.5975668560354
1982-03-01,110.8,6.72,14.81,94.5,13.86,358.93,21.77,47.98,6.95,1982,0.45374746792707626,0.06064981949458484,0.13366425992779785,7.481431465226198,6088.763826211228,802.8147859745175
1982-04-01,116.3,6.75,14.5967,94.9,13.87,375.16,21.77,47.09,7.26,1982,0.4624332897161687,0.058039552880481515,0.12550902837489253,7.967554310220803,6421.777443420976,843.1543408327225
1982-05-01,116.4,6.78,14.3833,95.8,13.62,371.95,21.67,45.96,7.19,1982,0.47138000319815343,0.05824742268041237,0.12356786941580755,8.092718638977148,6458.358935736251,839.9911517669487
1982-06-01,109.7,6.81,14.17,97.0,14.3,346.21,21.49,44.72,6.69,1982,0.4805928016937191,0.06207839562443026,0.1291704649042844,7.741707833450953,6117.963471210976,785.8744830029771
1982-07-01,109.4,6.82333,13.9667,97.5,13.95,343.49,21.42,43.85,6.64,1982,0.4885427481079998,0.06237047531992687,0.12766636197440584,7.832916866546858,6132.881932729198,783.7508603262135
1982-08-01,109.7,6.83667,13.7633,97.7,13.06,343.73,21.42,43.13,6.64,1982,0.49673188842792065,0.06232151321786691,0.1254630811303555,7.9704721978014,6181.575604450613,788.3565202810097
1982-09-01,122.4,6.85,13.56,97.9,12.34,382.74,21.42,42.4,7.4,1982,0.5051622418879056,0.055964052287581695,0.11078431372549019,9.026548672566372,6929.322121167382,881.9137245122123
1982-10-01,132.7,6.85667,13.2533,98.2,10.91,413.68,21.37,41.32,8.0,1982,0.5173556774539172,0.051670459683496615,0.09987415222305954,10.012600635313468,7544.742920940179,957.3064846732651
1982-11-01,138.1,6.86333,12.9467,98.0,10.55,431.39,21.44,40.44,8.35,1982,0.5301219615809435,0.04969826212889211,0.09374873280231716,10.666810847551886,7884.250050882811,1002.4260778979574
1982-12-01,139.4,6.87,12.64,97.6,10.54,437.24,21.55,39.65,8.47,1982,0.5435126582278481,0.04928263988522238,0.09067431850789096,11.028481012658228,7991.1209842013595,1020.1779453191491
1983-01-01,144.3,6.88333,12.5667,97.8,10.46,451.68,21.55,39.34,8.76,1983,0.5477436399372946,0.047701524601524596,0.08708731808731808,11.482728162524769,8304.832674201662,1058.059459310355
1983-02-01,146.8,6.89667,12.4933,97.9,10.72,459.03,21.57,39.07,8.91,1983,0.5520294878054638,0.0469800408719346,0.0851042234332425,11.750298159813662,8481.726809173573,1079.4925029857275
1983-03-01,151.9,6.91,12.42,97.9,10.51,474.98,21.61,38.84,9.23,1983,0.5563607085346216,0.04549045424621461,0.08176431863067807,12.230273752012883,8809.597694479231,1121.2215247519023
1983-04-01,157.7,6.92,12.4767,98.6,10.4,489.62,21.48,38.74,9.53,1983,0.5546338374730498,0.04388078630310717,0.07911667723525682,12.639560140101148,9179.370746709099,1159.9894473021845
1983-05-01,164.1,6.93,12.5333,99.2,10.38,506.41,21.39,38.68,9.87,1983,0.552927002465432,0.04223034734917733,0.07637599024984766,13.093119928510447,9585.467195089192,1203.981060996082
1983-06-01,166.4,6.94,12.59,99.5,10.85,511.96,21.35,38.74,10.0,1983,0.551231135822081,0.04170673076923077,0.07566105769230769,13.216838760921366,9753.548742035378,1221.3991691031238
1983-07-01,167.0,6.96,12.8267,99.9,11.38,511.74,21.33,39.31,10.01,1983,0.5426181324892606,0.04167664670658683,0.0768065868263473,13.01971668472795,9822.61684059927,1225.1231815201893
1983-08-01,162.4,6.98,13.0633,100.2,11.85,496.16,21.33,39.91,9.73,1983,0.5343213429990891,0.042980295566502465,0.08043903940886699,12.431774513331241,9586.168219645922,1192.0524552573672
1983-09-01,167.2,7.0,13.3,100.7,11.65,508.29,21.28,40.43,9.98,1983,0.5263157894736842,0.041866028708133975,0.07954545454545456,12.57142857142857,9903.83793620213,1225.4401259690023
1983-10-01,167.7,7.03,13.5433,101.0,11.54,508.29,21.31,41.05,10.0,1983,0.5190758530048069,0.04192009540846751,0.08075909361955874,12.382506479218506,9968.007540055116,1229.7165737533342
1983-11-01,165.2,7.06,13.7867,101.2,11.69,499.73,21.36,41.7,9.85,1983,0.5120877367317777,0.0427360774818402,0.08345460048426151,11.982562904828566,9854.23039177691,1213.277773533007
1983-12-01,164.4,7.09,14.03,101.3,11.83,496.82,21.43,42.4,9.82,1983,0.5053456878118318,0.043126520681265205,0.08534063260340632,11.717747683535283,9841.604410544509,1210.5270578024147
1984-01-01,166.4,7.12,14.44,101.9,11.67,499.9,21.39,43.38,9.89,1984,0.4930747922437673,0.04278846153846154,0.08677884615384615,11.523545706371191,9996.701471130391,1222.3640856750212
1984-02-01,157.3,7.15,14.85,102.4,11.84,470.25,21.38,44.39,9.32,1984,0.4814814814814815,0.045454545454545456,0.0944055944055944,10.592592592592593,9485.652149128693,1154.2111892396829
1984-03-01,157.4,7.18,15.26,102.6,12.32,469.63,21.42,45.53,9.33,1984,0.47051114023591084,0.04561626429479034,0.09695044472681066,10.314547837483618,9527.612943494674,1157.0570884594897
1984-04-01,157.6,7.22333,15.5733,103.1,12.63,467.95,21.45,46.24,9.31,1984,0.4638278335356026,0.045833312182741115,0.09881535532994924,10.11988467441069,9575.937028627393,1157.2858911415842
1984-05-01,156.6,7.26667,15.8867,103.4,13.41,463.63,21.51,47.03,9.23,1984,0.4574058803905154,0.04640274584929758,0.10144763729246488,9.85730201992862,9551.750749478422,1151.0136783220614
1984-06-01,153.1,7.31,16.2,103.7,13.56,451.96,21.58,47.82,9.01,1984,0.45123456790123456,0.047746570868713256,0.10581319399085565,9.450617283950617,9375.205352043673,1126.471154160696
1984-07-01,151.1,7.33333,16.32,104.1,13.36,444.34,21.57,47.99,8.87,1984,0.44934620098039213,0.04853295830575778,0.10800794176042357,9.258578431372548,9290.036520492611,1111.9486555748122
1984-08-01,164.4,7.35667,16.44,104.5,12.72,481.6,21.55,48.16,9.62,1984,0.4474860097323601,0.04474860097323601,0.1,10.0,10145.329225206622,1209.6727478093258
1984-09-01,166.1,7.38,16.56,105.0,12.52,484.26,21.52,48.28,9.69,1984,0.4456521739130435,0.044431065623118604,0.09969897652016857,10.030193236714977,10288.070788135157,1220.8510668587055
1984-10-01,164.8,7.43,16.5867,105.3,12.16,479.11,21.6,48.22,9.6,1984,0.4479492605521291,0.045084951456310675,0.10064745145631067,9.935671351142783,10245.642561224427,1212.3523866368128
1984-11-01,166.3,7.48,16.6133,105.3,11.57,483.47,21.75,48.3,9.69,1984,0.4502416738396346,0.0449789536981359,0.0998995790739627,10.010052187103106,10377.391494442438,1227.9420514791339
1984-12-01,164.5,7.53,16.64,105.3,11.5,478.23,21.89,48.38,9.6,1984,0.45252403846153844,0.045775075987841946,0.1011550151975684,9.885817307692307,10303.965573465524,1219.2536661479626
1985-01-01,171.6,7.57333,16.5567,105.5,11.38,497.93,21.98,48.04,10.0,1985,0.4574178429276366,0.04413362470862471,0.09648426573426573,10.364384206997771,10788.001403064032,1274.1089808737238
1985-02-01,180.9,7.61667,16.4733,106.0,11.51,522.44,22.0,47.57,10.49,1985,0.46236455355029055,0.04210431177446103,0.0910630182421227,10.981406275609624,11412.341948541796,1341.4884969701018
1985-03-01,179.4,7.66,16.39,106.4,11.86,516.16,22.04,47.16,10.37,1985,0.4673581452104942,0.04269788182831661,0.09136008918617615,10.945698596705308,11357.754647765792,1330.0528469094152
1985-04-01,180.6,7.68667,16.13,106.9,11.43,517.18,22.01,46.19,10.4,1985,0.4765449473031619,0.042561849390919164,0.08931339977851606,11.196528208307502,11474.138922909659,1337.3972963466263
1985-05-01,184.9,7.71333,15.87,107.3,10.85,527.52,22.01,45.28,10.61,1985,0.48603213610586016,0.04171622498647918,0.08583017847485126,11.650913673597984,11788.02942118241,1368.8615711829714
1985-06-01,188.9,7.74,15.61,107.6,10.16,537.43,22.02,44.41,10.81,1985,0.49583600256246,0.04097406034939121,0.08263631551085229,12.101217168481742,12084.02291910563,1399.3208696287747
1985-07-01,192.5,7.77333,15.4833,107.8,10.31,546.66,22.07,43.97,11.0,1985,0.5020460754490321,0.040380935064935064,0.08043272727272727,12.432750124327502,12355.57758978643,1428.1122149233668
1985-08-01,188.3,7.80667,15.3567,108.0,10.33,533.74,22.13,43.53,10.74,1985,0.5083559618928546,0.041458682952735,0.08155443441317047,12.261748943457905,12127.57883282573,1399.1632616389686
1985-09-01,184.1,7.84,15.23,108.3,10.37,520.39,22.16,43.05,10.47,1985,0.5147734734077478,0.04258555133079848,0.08272677892449756,12.087984241628364,11898.974669554547,1368.9863747243737
1985-10-01,186.2,7.86,15.0233,108.7,10.24,524.39,22.14,42.31,10.55,1985,0.5231873157029414,0.04221267454350162,0.08068367346938776,12.39408119387884,12076.931451684768,1384.3474322722377
1985-11-01,197.5,7.88,14.8167,109.0,9.78,554.68,22.13,41.61,11.16,1985,0.5318323243367281,0.03989873417721519,0.07502126582278482,13.329553814277132,12852.332716480105,1469.1749141957994
1985-12-01,207.3,7.9,14.61,109.3,9.26,580.61,22.13,40.92,11.69,1985,0.5407255304585901,0.038109020742884706,0.07047756874095513,14.188911704312117,13532.801370177964,1542.7145935262347
1986-01-01,208.2,7.94,14.58,109.6,9.19,581.53,22.18,40.72,11.72,1986,0.5445816186556928,0.038136407300672436,0.07002881844380404,14.2798353909465,13634.53130490313,1550.057117327491
1986-02-01,219.4,7.98,14.55,109.3,8.7,614.5,22.35,40.75,12.39,1986,0.5484536082474227,0.03637192342752963,0.0663172288058341,15.079037800687285,14411.324126685036,1642.864580224113
1986-03-01,232.3,8.02,14.52,108.8,7.78,653.62,22.57,40.85,13.19,1986,0.5523415977961432,0.03452432199741713,0.06250538097287989,15.998622589531681,15302.3433234876,1752.4558622302895
1986-04-01,238.0,8.04667,14.5833,108.6,7.3,670.89,22.68,41.11,13.55,1986,0.5517729183380992,0.03380953781512605,0.061274369747899154,16.320037302942406,15721.84579040571,1803.8139829507843
1986-05-01,238.5,8.07333,14.6467,108.9,7.71,670.44,22.69,41.17,13.56,1986,0.551204708227792,0.03385044025157233,0.06141174004192872,16.283531443943005,15799.170573181873,1807.6920600720491
1986-06-01,245.3,8.1,14.71,109.5,7.8,685.78,22.65,41.12,13.89,1986,0.5506458191706322,0.0330207908683245,0.05996738687321647,16.675730795377294,16294.19651187343,1854.1158770588397
1986-07-01,240.2,8.14333,14.7567,109.5,7.3,671.52,22.77,41.26,13.62,1986,0.5518395034120095,0.03390228975853456,0.061435054121565365,16.277351982489307,16000.263289023693,1820.6692290523765
1986-08-01,245.0,8.18667,14.8033,109.7,7.17,683.69,22.85,41.31,13.89,1986,0.5530300676200577,0.03341497959183673,0.060421632653061226,16.55036377024042,16365.205902643307,1858.800962141619
1986-09-01,238.3,8.23,14.85,110.2,7.45,661.98,22.86,41.25,13.47,1986,0.5542087542087543,0.03453629878304658,0.06231640788921527,16.04713804713805,15963.237870546189,1804.9178209347144
1986-10-01,237.4,8.24667,14.7267,110.3,7.43,658.88,22.89,40.87,13.43,1986,0.5599808511071727,0.03473744734625105,0.062033277169334454,16.120379990086036,15948.891276152812,1801.6607914856213
1986-11-01,245.1,8.26333,14.6033,110.4,7.25,679.64,22.91,40.49,13.87,1986,0.565853608430971,0.0337141166870665,0.05958098735210119,16.783877616703073,16512.35757674844,1863.6229656366447
1986-12-01,248.6,8.28,14.48,110.5,7.11,688.72,22.94,40.12,14.09,1986,0.5718232044198894,0.0333065164923572,0.0582461786001609,17.168508287292816,16794.543785764523,1893.7557970192395
1987-01-01,264.5,8.3,14.6867,111.2,7.08,728.15,22.85,40.43,14.92,1987,0.565137164917919,0.031379962192816635,0.05552627599243856,18.00949158081802,17915.305979673747,2007.4164793771122
1987-02-01,280.9,8.32,14.8933,111.6,7.25,770.53,22.82,40.85,15.82,1987,0.5586404624898444,0.02961908152367391,0.05301993592025632,18.86083003766794,19072.971151832247,2129.473302435751
1987-03-01,292.5,8.34,15.1,112.1,7.25,798.77,22.78,41.24,16.43,1987,0.552317880794702,0.028512820512820513,0.05162393162393162,19.370860927152318,19907.682408601646,2212.7539947473374
1987-04-01,289.3,8.4,14.8733,112.7,8.02,785.83,22.82,40.4,16.2,1987,0.5647704275446606,0.029035603180089874,0.051411337711717936,19.450962462936943,19737.190974640802,2182.124219556561
1987-05-01,289.1,8.46,14.6467,113.1,8.61,782.51,22.9,39.64,16.16,1987,0.577604511596469,0.02926323071601522,0.050663092355586296,19.73823455112756,19771.302953511597,2178.1647639324005
1987-06-01,301.4,8.52,14.42,113.5,8.4,812.92,22.98,38.89,16.83,1987,0.5908460471567267,0.028268082282680823,0.047843397478433976,20.90152565880721,20660.70383524946,2268.1266060546986
1987-07-01,310.1,8.56667,14.9,113.8,8.45,834.18,23.04,40.08,17.31,1987,0.5749442953020134,0.0276255079006772,0.048049016446307644,20.812080536912752,21305.75102532809,2332.7737941615815
1987-08-01,329.4,8.61333,15.38,114.4,8.76,881.45,23.05,41.16,18.33,1987,0.5600344603381013,0.02614854280510018,0.0466909532483303,21.417425227568266,22680.826612666075,2470.3068146312876
1987-09-01,318.7,8.66,15.86,115.0,9.42,848.37,23.05,42.22,17.68,1987,0.5460277427490543,0.027172889865076877,0.049764668967681204,20.094577553593947,21993.50099720902,2382.948021088908
1987-10-01,280.2,8.71,16.4067,115.3,9.52,743.95,23.13,43.56,15.53,1987,0.5308806767966746,0.03108493932905068,0.05855353319057816,17.078388707052603,19386.416554662545,2095.010843634825
1987-11-01,245.0,8.76,16.9533,115.4,8.86,649.92,23.24,44.97,13.59,1987,0.5167135601918211,0.035755102040816326,0.06919714285714285,14.451463726826047,17001.225421989948,1835.6609077815835
1987-12-01,241.0,8.81,17.5,115.4,8.99,639.31,23.37,46.42,13.39,1987,0.5034285714285714,0.03655601659751038,0.07261410788381743,13.771428571428572,16774.311107174002,1811.1604540328253
1988-01-01,250.5,8.85667,17.8633,115.7,8.67,662.79,23.43,47.26,13.9,1988,0.49580256727480365,0.035355968063872256,0.07131057884231537,14.023164812772556,17486.639304640128,1883.1765404997063
1988-02-01,258.1,8.90333,18.2267,116.0,8.21,681.13,23.5,48.1,14.3,1988,0.48847734367713297,0.034495660596667956,0.07061875242154203,14.160544695419357,18068.693495695825,1940.826904796293
1988-03-01,265.7,8.95,18.59,116.5,8.37,698.18,23.52,48.85,14.67,1988,0.4814416352877891,0.03368460669928491,0.06996612721114039,14.2926304464766,18652.684322141802,1994.956623638514
1988-04-01,262.6,9.04333,19.6167,117.1,8.72,686.5,23.64,51.28,14.43,1988,0.4610015955792768,0.034437661843107384,0.0747018278750952,13.386553293877157,18487.41699931515,1967.1495799442084
1988-05-01,256.1,9.13667,20.6433,117.5,9.09,667.23,23.8,53.78,14.03,1988,0.44259735604288075,0.035676181179226864,0.08060640374853573,12.405962225031852,18082.862952230178,1917.552956466281
1988-06-01,270.7,9.23,21.67,118.0,8.92,702.28,23.95,56.22,14.77,1988,0.4259344716197508,0.034096786110084966,0.0800517177687477,12.491924319335485,19167.509164868625,2023.9590185954496
1988-07-01,269.1,9.30667,22.0233,118.5,9.06,695.18,24.04,56.89,14.61,1988,0.422582900836841,0.03458442958008175,0.08184057971014491,12.218877279971668,19108.68018248538,2009.2333761499397
1988-08-01,263.7,9.38333,22.3767,119.0,9.26,678.37,24.14,57.56,14.24,1988,0.4193348438330943,0.0355833522942738,0.08485665529010239,11.784579495636086,18780.300306593166,1966.4079144550494
1988-09-01,268.0,9.46,22.73,119.8,8.98,684.83,24.17,58.08,14.37,1988,0.41619005719313684,0.03529850746268657,0.08481343283582089,11.790585129784425,19142.228397572835,1990.919581250063
1988-10-01,277.4,9.55,23.0733,120.2,8.8,706.49,24.32,58.76,14.81,1988,0.4138983153688463,0.03442682047584716,0.08317700072098054,12.02255420767727,19869.942590323848,2059.7294898122727
1988-11-01,271.0,9.64,23.4167,120.3,8.96,689.61,24.53,59.59,14.45,1988,0.41167201185478747,0.0355719557195572,0.08640848708487084,11.572937262722759,19468.520564609094,2016.44028458046
1988-12-01,276.5,9.75,23.75,120.5,9.11,702.44,24.77,60.34,14.7,1988,0.4105263157894737,0.0352622061482821,0.08589511754068715,11.642105263157895,19921.349253264394,2059.917109507671
1989-01-01,285.4,9.81333,24.16,121.1,9.09,721.46,24.81,61.07,15.09,1989,0.4061808774834437,0.0343844779257183,0.0846531184302733,11.812913907284766,20621.11816690754,2121.7104241095626
1989-02-01,294.0,9.89667,24.56,121.6,9.17,740.14,24.91,61.83,15.47,1989,0.4029588762214984,0.033662142857142856,0.08353741496598639,11.97068403908795,21301.584539357234,2182.711705266375
1989-03-01,292.7,10.01,24.96,122.3,9.36,732.65,25.06,62.48,15.3,1989,0.40104166666666663,0.03419883840109327,0.08527502562350531,11.72676282051282,21267.14860790858,2166.7103160632946
1989-04-01,302.3,10.0867,25.0467,123.1,9.18,751.77,25.08,62.29,15.69,1989,0.40271572702192304,0.0333665233212041,0.08285378762818392,12.06945425944336,22025.27970835165,2229.3662483026933
1989-05-01,313.9,10.1933,25.1333,123.8,8.86,776.2,25.21,62.15,16.19,1989,0.4055695034078295,0.032473080598916855,0.08006785600509717,12.489406484623984,22931.686512915756,2307.9871886181772
1989-06-01,323.7,10.37,25.22,124.1,8.28,798.5,25.58,62.21,16.64,1989,0.41118160190325137,0.03203583565029348,0.07791164658634538,12.835051546391753,23709.67204282204,2380.5198521640823
1989-07-01,331.9,10.4233,24.71,124.4,8.02,816.75,25.65,60.81,17.01,1989,0.42182517199514363,0.03140494124736366,0.07445013558300694,13.431808984216914,24373.584365985917,2441.277019294088
1989-08-01,346.6,10.5467,24.2,124.6,8.11,851.56,25.91,59.46,17.73,1989,0.43581404958677683,0.030429024812463932,0.06982111944604731,14.322314049586778,25516.888941681886,2551.688894168189
1989-09-01,347.3,10.73,23.69,125.0,8.19,850.54,26.28,58.02,17.71,1989,0.4529337273111017,0.030895479412611577,0.06821192052980132,14.660194174757281,25633.12784332436,2555.110183422573
1989-10-01,347.4,10.7967,23.4267,125.6,8.01,846.73,26.32,57.1,17.64,1989,0.46087156961928055,0.03107858376511226,0.06743436960276339,14.829233310709574,25706.50417866625,2550.183455940936
1989-11-01,340.2,10.9233,23.1633,125.9,7.87,827.2,26.56,56.32,17.24,1989,0.47157788398026185,0.03210846560846561,0.06808730158730159,14.687026459960368,25240.303701941306,2497.9681026702838
1989-12-01,348.6,11.06,22.87,126.1,7.84,846.28,26.85,55.52,17.65,1989,0.4836029733275033,0.031726907630522085,0.06560527825588067,15.242675994752952,25931.0566959113,2562.2598448140748
1990-01-01,339.97,11.14,22.49,127.4,8.21,816.91,26.77,54.04,17.05,1990,0.4953312583370387,0.0327675971409242,0.0661528958437509,15.116496220542466,25357.66246556807,2480.0351202588554
1990-02-01,330.45,11.23,22.08,128.0,8.47,790.31,26.86,52.81,16.51,1990,0.5086050724637682,0.03398396126494175,0.06681797548797094,14.966032608695652,24716.82773500359,2406.028699829256
1990-03-01,338.46,11.32,21.67,128.7,8.59,805.07,26.93,51.54,16.83,1990,0.522381172127365,0.03344560657093896,0.06402529102405012,15.618827872634977,25385.95353753363,2457.7232406967296
1990-04-01,338.18,11.4367,21.5333,128.9,8.79,803.15,27.16,51.14,16.81,1990,0.5311169212336242,0.033818380743982496,0.06367407889289728,15.704977871482773,25435.706386259917,2458.7191743428903
1990-05-01,350.25,11.5533,21.3967,129.2,8.76,829.89,27.37,50.7,17.39,1990,0.5399570961877299,0.032985867237687365,0.06108979300499643,16.36934667495455,26415.216375075943,2547.4736535096463
1990-06-01,360.39,11.66,21.26,129.9,8.48,849.31,27.48,50.1,17.82,1990,0.548447789275635,0.032353838896750746,0.058991647936957194,16.951552210724362,27252.567421439355,2614.0645886923357
1990-07-01,360.03,11.7267,21.42,130.4,8.47,845.21,27.53,50.29,17.75,1990,0.5474649859943976,0.03257145237896842,0.05949504207982669,16.80812324929972,27298.82144367299,2608.4610060442137
1990-08-01,330.75,11.7833,21.58,131.6,8.75,769.39,27.41,50.2,16.17,1990,0.5460287303058388,0.0356260015117158,0.06524565381708239,15.32669138090825,25152.799164736647,2381.488431554853
1990-09-01,315.41,11.83,21.74,132.7,8.89,727.62,27.29,50.15,15.3,1990,0.5441582336706532,0.03750673726261057,0.06892615960178813,14.50827966881325,24060.90088006875,2259.2224940893493
1990-10-01,307.12,11.9267,21.6067,133.5,8.72,704.25,27.35,49.55,14.82,1990,0.5519908176630397,0.03883400625162803,0.07035263089346183,14.214109512327195,23503.706022016788,2193.679228721567
1990-11-01,315.29,12.0133,21.4733,133.8,8.39,721.37,27.49,49.13,15.19,1990,0.5594529019759422,0.03810238193409242,0.06810650512226837,14.682885257505834,24205.01305428738,2254.069227626463
1990-12-01,328.75,12.09,21.34,133.8,8.08,752.16,27.66,48.82,15.85,1990,0.5665417057169635,0.03677566539923954,0.0649125475285171,15.405342080599812,25315.201502978416,2357.4544897392457
1991-01-01,325.49,12.1067,21.1833,134.6,8.09,740.28,27.53,48.18,15.61,1991,0.5715209622674465,0.03719530553934069,0.06508126209714583,15.365405767751012,25141.749057699457,2327.386279784066
1991-02-01,362.26,12.1133,21.0267,134.8,7.85,822.68,27.51,47.75,17.35,1991,0.5760913505210042,0.033438138353668635,0.05804311820239608,17.228571292689768,28059.895280198907,2593.6668782735787
1991-03-01,372.28,12.11,20.94,135.0,8.11,844.19,27.46,47.48,17.82,1991,0.5783190066857689,0.03252927903728377,0.056247985387342866,17.77841451766953,28914.212561062726,2668.6747297099378
1991-04-01,379.68,12.13,20.3633,135.2,8.04,859.69,27.47,46.11,18.16,1991,0.595679482205733,0.03194795617361989,0.053632796038769484,18.64530798053361,29567.335029262482,2724.918598111025
1991-05-01,377.99,12.14,19.8567,135.6,8.07,853.34,27.41,44.83,18.04,1991,0.6113805415804238,0.0321172517791476,0.05253234212545305,19.035892167379274,29514.445363296298,2712.0205695182294
1991-06-01,378.29,12.15,19.41,136.0,8.28,851.51,27.35,43.69,18.02,1991,0.6259659969088099,0.032118216183351395,0.051309841655872476,19.489438433797012,29616.86371872419,2713.427367171349
1991-07-01,380.23,12.1933,18.84,136.2,8.27,854.62,27.41,42.35,18.1,1991,0.6472027600849257,0.032068221865712856,0.04954895721010967,20.182059447983015,29848.01915537209,2730.5897112770654
1991-08-01,389.4,12.2367,18.33,136.6,7.9,872.67,27.42,41.08,18.51,1991,0.6675777414075288,0.03142449922958398,0.04707241910631741,21.243862520458265,30647.62769928506,2795.5303157620197
1991-09-01,387.2,12.28,17.82,137.2,7.65,863.94,27.4,39.76,18.36,1991,0.6891133557800224,0.03171487603305785,0.04602272727272728,21.728395061728396,30554.73445639145,2774.8687414477954
1991-10-01,386.88,12.2533,17.2033,137.4,7.53,861.97,27.3,38.33,18.35,1991,0.7122645073910239,0.0316720947063689,0.044466759718775846,22.488708561729435,30610.235911025564,2775.862732542784
1991-11-01,385.92,12.2267,16.5867,137.8,7.42,857.33,27.16,36.85,18.29,1991,0.7371387919236496,0.03168195480928689,0.04297963308457711,23.26683427083145,30615.070848214007,2768.2422552158673
1991-12-01,388.51,12.2,15.97,137.9,7.09,862.46,27.08,35.45,18.44,1991,0.7639323731997495,0.03140202311394816,0.04110576304342231,24.327489041953662,30901.36457245356,2792.102991825753
1992-01-01,416.08,12.24,16.0467,138.1,7.03,922.33,27.13,35.57,19.77,1992,0.7627736543962309,0.029417419726975584,0.03856638146510287,25.929318800750305,33175.09500044221,2993.2055300905868
1992-02-01,412.56,12.28,16.1233,138.6,7.34,911.23,27.12,35.61,19.58,1992,0.7616306835449318,0.029765367461702538,0.03908110335466357,25.587813909063282,32975.76377207001,2964.487854256799
1992-03-01,407.36,12.32,16.19,139.3,7.54,895.22,27.07,35.58,19.28,1992,0.7609635577516985,0.030243519245875882,0.03974371563236449,25.16121062384188,32641.924395119557,2919.7299207694878
1992-04-01,407.41,12.32,16.4833,139.5,7.48,894.05,27.04,36.17,19.3,1992,0.7474231494906967,0.03023980756486095,0.04045875162612601,24.716531277110775,32728.1981380793,2923.2498121897356
1992-05-01,414.81,12.32,16.7667,139.7,7.39,908.98,27.0,36.74,19.66,1992,0.7347897916703943,0.02970034473614426,0.04042019237723295,24.740109860616577,33405.13197944356,2979.4412631629693
1992-06-01,408.27,12.32,17.05,140.2,7.26,891.46,26.9,37.23,19.32,1992,0.7225806451612903,0.030176108947510227,0.04176157934700076,23.94545454545454,32961.1368307088,2929.356383100083
1992-07-01,415.05,12.3433,17.38,140.5,6.84,904.33,26.89,37.87,19.62,1992,0.7102013808975834,0.029739308517046138,0.041874472955065654,23.88089758342923,33591.39770755925,2978.995127659703
1992-08-01,417.93,12.3667,17.71,140.9,6.59,908.02,26.87,38.48,19.72,1992,0.6982891022021457,0.02959036202234824,0.04237551743114876,23.598531902879728,33907.734575425966,2998.512227181033
1992-09-01,418.48,12.4,18.04,141.3,6.42,906.64,26.86,39.08,19.71,1992,0.6873614190687362,0.029631045689160772,0.04310839227681131,23.197339246119736,34035.96933351379,3001.331761469086
1992-10-01,412.5,12.3867,18.39,141.8,6.59,890.53,26.74,39.7,19.37,1992,0.6735562805872757,0.030028363636363634,0.04458181818181818,22.430668841761825,33633.64522012777,2955.396469977377
1992-11-01,422.84,12.3833,18.74,142.0,6.87,911.57,26.7,40.4,19.83,1992,0.660795090715048,0.029286018352095357,0.04431936429855264,22.56350053361793,34560.892204402844,3032.5965976539396
1992-12-01,435.64,12.39,19.09,141.9,6.77,939.83,26.73,41.18,20.45,1992,0.6490309062336302,0.02844091451657332,0.04382058580479295,22.82032477737035,35691.448076409404,3134.0059410293247
1993-01-01,435.23,12.4133,19.34,142.6,6.6,934.33,26.65,41.52,20.32,1993,0.6418459152016546,0.02852124164235002,0.044436275072949935,22.50413650465357,35742.44873389624,3123.0779188243146
1993-02-01,441.7,12.4467,19.59,143.1,6.26,944.91,26.63,41.91,20.55,1993,0.6353598774885145,0.028179080824088747,0.04435136970794657,22.547217968351198,36358.73695287781,3165.82713090746
1993-03-01,450.16,12.48,19.84,143.6,5.98,959.65,26.6,42.3,20.86,1993,0.6290322580645161,0.027723476097387595,0.04407321841123156,22.68951612903226,37140.50536029754,3222.637164270943
1993-04-01,443.08,12.4933,19.67,144.0,5.97,941.94,26.56,41.82,20.46,1993,0.635144890696492,0.028196488218831813,0.04439378893202131,22.525673614641583,36642.174428237384,3170.565926221096
1993-05-01,445.25,12.5067,19.5,144.2,6.04,945.24,26.55,41.4,20.52,1993,0.6413692307692308,0.028089163391353172,0.043795620437956206,22.833333333333332,36907.729162502,3189.114461614251
1993-06-01,448.06,12.52,19.33,144.4,5.96,949.89,26.54,40.98,20.61,1993,0.6476978789446457,0.02794268624737758,0.04314154354327545,23.17951370926022,37227.04836962838,3212.250849623058
1993-07-01,447.29,12.52,19.69,144.4,5.81,948.25,26.54,41.74,20.56,1993,0.6358557643473844,0.027990788973596546,0.04402065773882716,22.71660741493144,37249.758259422226,3214.210442606655
1993-08-01,454.13,12.52,20.05,144.8,5.68,960.09,26.47,42.39,20.81,1993,0.6244389027431421,0.02756919824719794,0.04415035342302865,22.6498753117207,37906.272514033575,3261.824278486591
1993-09-01,459.24,12.52,20.41,145.1,5.36,968.89,26.41,43.06,20.99,1993,0.6134247917687408,0.02726243358592457,0.044442992770664574,22.500734933855952,38419.89180851538,3299.1857473060077
1993-10-01,463.9,12.54,20.9,145.7,5.33,974.69,26.35,43.91,21.11,1993,0.6,0.027031687863763743,0.045052813106272904,22.19617224880383,38897.03110303364,3326.403620753598
1993-11-01,462.89,12.56,21.39,145.8,5.72,971.9,26.37,44.91,21.04,1993,0.5871902758298271,0.027133876298904708,0.04620968264598501,21.640486208508648,38899.96577880127,3324.372932811137
1993-12-01,465.95,12.58,21.89,145.8,5.77,978.33,26.41,45.96,21.16,1993,0.5746916400182732,0.026998605000536538,0.04697928962335015,21.28597533120146,39245.07842499858,3353.8660985972724
1994-01-01,472.99,12.6233,22.1567,146.2,5.75,990.39,26.43,46.39,21.41,1994,0.56972834402235,0.02668830207826804,0.04684390790502971,21.347493083356277,39926.32593222939,3402.7498024321358
1994-02-01,471.58,12.6667,22.4333,146.7,5.97,984.07,26.43,46.81,21.26,1994,0.5646382832663942,0.026860129776496038,0.04757050765511684,21.021427966460575,39896.10128959546,3388.585017507563
1994-03-01,463.81,12.71,22.71,147.2,6.48,964.57,26.43,47.23,20.83,1994,0.5596653456627037,0.027403462624781702,0.04896401543735582,20.42316160281814,39328.05335533953,3328.9914728772455
1994-04-01,447.23,12.7533,23.54,147.4,6.97,928.83,26.49,48.89,20.06,1994,0.5417714528462192,0.028516199718265765,0.05263510945151264,18.99872557349193,38011.988239338,3213.2250574094405
1994-05-01,450.9,12.7967,24.37,147.5,7.18,935.82,26.56,50.58,20.2,1994,0.5251005334427574,0.02838035041029053,0.05404746063428699,18.502256873204757,38414.24700471473,3245.02723849997
1994-06-01,454.83,12.84,25.2,148.0,7.1,940.78,26.56,52.12,20.29,1994,0.5095238095238095,0.028230327814787945,0.05540531627201372,18.048809523809524,38839.91261486251,3269.9007512242356
1994-07-01,451.4,12.87,25.91,148.4,7.3,931.17,26.55,53.45,20.07,1994,0.4967194133539174,0.02851129818342933,0.0573992024811697,17.42184484754921,38638.38194676437,3244.1660313792727
1994-08-01,464.24,12.9,26.62,149.0,7.24,953.8,26.5,54.69,20.54,1994,0.48459804658151767,0.027787351369981044,0.05734103050146476,17.43951915852742,39829.24700842667,3330.6873672818547
1994-09-01,466.96,12.92,27.33,149.4,7.46,956.82,26.47,56.0,20.58,1994,0.4727405781192829,0.027668322768545486,0.05852749700188453,17.08598609586535,40154.83720400864,3348.9241737747498
1994-10-01,463.81,13.0133,28.42,149.5,7.74,949.73,26.65,58.19,20.4,1994,0.45789232934553126,0.028057394191587072,0.061275091093335635,16.31984517945109,39976.54706680279,3331.824591654601
1994-11-01,461.01,13.0967,29.51,149.7,7.96,942.74,26.78,60.35,20.21,1994,0.4438054896645205,0.028408711307780745,0.06401162664584283,15.622161978990171,39828.68027122196,3315.0658395419214
1994-12-01,455.19,13.17,30.6,149.7,7.81,930.84,26.93,62.58,19.91,1994,0.43039215686274507,0.028932973044223292,0.06722467541026825,14.875490196078431,39420.15501268924,3281.063002392171
1995-01-01,465.25,13.18,31.25,150.3,7.78,947.61,26.84,63.65,20.22,1995,0.42175999999999997,0.02832885545405696,0.06716818914562063,14.888,40386.41169573166,3348.0684612695704
1995-02-01,481.92,13.18,31.9,150.9,7.47,977.66,26.74,64.71,20.8,1995,0.413166144200627,0.027348937583001328,0.06619355909694555,15.107210031347963,41928.80659126523,3462.1135197293893
1995-03-01,493.15,13.17,32.55,151.4,7.2,997.14,26.63,65.82,21.15,1995,0.40460829493087563,0.026705870424820036,0.0660042583392477,15.150537634408602,43001.41678367472,3538.954115750245
1995-04-01,507.91,13.2433,33.1767,151.9,7.06,1023.6,26.69,66.86,21.64,1995,0.3991747220187662,0.026074107617491286,0.06532003701443168,15.30923810987832,44384.15016428331,3640.7275249965114
1995-05-01,523.81,13.3067,33.8033,152.2,6.63,1053.57,26.76,67.99,22.2,1995,0.39365091573899585,0.025403676905748268,0.06453351406044178,15.49582437217668,45870.025035030725,3755.1939023422005
1995-06-01,539.35,13.36,34.43,152.5,6.17,1082.69,26.82,69.11,22.72,1995,0.38803369154806855,0.02477055715212756,0.06383609900806526,15.66511762997386,47327.9679485977,3866.9277418985407
1995-07-01,557.37,13.44,34.68,152.5,6.28,1118.86,26.98,69.62,23.38,1995,0.3875432525951557,0.024113246138112922,0.06222078690995209,16.07179930795848,49006.91814188562,4004.1062298222614
1995-08-01,559.11,13.51,34.93,152.9,6.49,1119.42,27.05,69.93,23.28,1995,0.3867735470941884,0.024163402550482015,0.06247428949580583,16.006584597766963,49258.38446746072,4014.123417034405
1995-09-01,578.77,13.58,35.18,153.2,6.2,1156.51,27.14,70.3,23.95,1995,0.3860147811256396,0.023463552015481108,0.06078407657618743,16.45167708925526,51089.64588258457,4155.202269562688
1995-10-01,582.92,13.65,34.7733,153.7,6.04,1161.01,27.19,69.26,23.93,1995,0.3925425542010681,0.023416592328278325,0.05965364029369382,16.763436314643705,51555.87336443374,4179.480690441408
1995-11-01,595.53,13.72,34.3667,153.6,5.93,1186.9,27.34,68.49,24.35,1995,0.39922366709634616,0.023038302016691017,0.05770775611640052,17.328693182644827,52771.759539342056,4280.834139714857
1995-12-01,614.57,13.79,33.96,153.5,5.71,1225.65,27.5,67.73,25.03,1995,0.4060659599528857,0.022438452902029057,0.05525814797337976,18.096878680800945,54560.26727760723,4428.800848723036
1996-01-01,614.42,13.8933,33.9867,154.4,5.65,1218.21,27.55,67.39,24.76,1996,0.4087863782008845,0.02261205689918948,0.05531509390970346,18.07824825593541,54648.97125012168,4410.143664355674
1996-02-01,649.54,13.9967,34.0133,154.9,5.81,1283.68,27.66,67.22,25.98,1996,0.41150667532994445,0.021548634418203653,0.05236521230409213,19.09664748789444,57875.66159710482,4655.459932213855
1996-03-01,647.07,14.1,34.04,155.7,6.27,1272.23,27.72,66.93,25.63,1996,0.41421856639247945,0.02179053270898048,0.0526063640718933,19.00910693301998,57759.50678792424,4622.244409618087
1996-04-01,647.17,14.1567,34.33,156.3,6.51,1267.54,27.73,67.24,25.42,1996,0.4123711039906787,0.021874777879073506,0.05304634021972589,18.851441887561897,57873.3173047997,4613.573471643022
1996-05-01,661.23,14.2133,34.62,156.6,6.74,1292.6,27.78,67.68,25.81,1996,0.41055170421721554,0.021495243712475236,0.052356971099314906,19.099653379549395,59236.133010971025,4713.168692954656
1996-06-01,668.5,14.27,34.91,156.7,6.91,1305.97,27.88,68.2,25.97,1996,0.40876539673446005,0.021346297681376216,0.05222139117427075,19.14924090518476,59993.52216618202,4770.384723616005
1996-07-01,644.07,14.4,35.2733,157.0,6.87,1255.84,28.08,68.78,24.86,1996,0.4082407940283444,0.022357818249569145,0.05476625211545328,18.25942001457193,57907.80870358834,4595.740741698795
1996-08-01,662.68,14.53,35.6367,157.3,6.64,1289.67,28.28,69.35,25.41,1996,0.407725743404973,0.021926118186756806,0.053776634272952255,18.59543672674518,59688.90965599736,4728.059849419753
1996-09-01,674.88,14.66,36.0,157.8,6.83,1309.25,28.44,69.84,25.68,1996,0.4072222222222222,0.021722380275011853,0.05334281650071124,18.746666666666666,60896.85016913337,4808.45851145375
1996-10-01,701.46,14.74,36.91,158.3,6.53,1356.51,28.5,71.38,26.48,1996,0.3993497697101057,0.02101331508567844,0.05261882359649872,19.004605797886754,63405.49456436244,4990.7293889573975
1996-11-01,735.67,14.82,37.82,158.6,6.2,1419.98,28.61,73.0,27.59,1996,0.39185616076150187,0.020144901926135363,0.05140891976021858,19.451877313590693,66608.79204609586,5232.94797537424
1996-12-01,743.25,14.9,38.73,158.6,6.3,1434.61,28.76,74.76,27.72,1996,0.38471469145365356,0.02004709048099563,0.05210898082744702,19.190549961270335,67406.91688724248,5295.650595302909
1997-01-01,766.22,14.9533,39.2333,159.1,6.58,1474.3,28.77,75.49,28.33,1997,0.3811379618844196,0.019515674349403565,0.05120370128683668,19.529838173184515,69602.72422353797,5450.973876965953
1997-02-01,798.39,15.0067,39.7367,159.6,6.42,1531.39,28.78,76.22,29.27,1997,0.3776534035287279,0.018796202357243955,0.04977103921642305,20.092005627039992,72638.21295125176,5670.878028650357
1997-03-01,792.16,15.06,40.24,160.0,6.69,1515.64,28.81,76.99,28.8,1997,0.3742544731610338,0.01901131084629368,0.05079781862250051,19.685884691848905,72185.17904030389,5621.4208177636665
1997-04-01,763.93,15.0933,40.3433,160.2,6.89,1459.8,28.84,77.09,27.59,1997,0.374121601356359,0.01975743850876389,0.052810205123506086,18.93573406240937,69727.09581896957,5423.218563697634
1997-05-01,833.09,15.1267,40.4467,160.1,6.71,1592.95,28.92,77.34,29.93,1997,0.3739909559988825,0.0181573419438476,0.04855021666326567,20.59723042918211,76154.42154879251,5926.8213147904735
1997-06-01,876.29,15.16,40.55,160.3,6.49,1673.47,28.95,77.44,31.26,1997,0.37385943279901357,0.017300208834974722,0.046274635109381596,21.610110974106043,80218.6500254413,6235.33611551465
1997-07-01,925.29,15.2167,40.58,160.5,6.22,1764.84,29.02,77.4,32.77,1997,0.374980285855101,0.016445330653092543,0.04385652065838818,22.801626416954164,84819.93127454692,6584.774726983519
1997-08-01,927.24,15.2733,40.61,160.8,6.3,1765.26,29.08,77.31,32.59,1997,0.3760970204383157,0.016471787239549632,0.04379664380311462,22.832799803004185,85114.92580239313,6595.348106329716
1997-09-01,937.02,15.33,40.64,161.2,6.21,1779.45,29.11,77.18,32.67,1997,0.37721456692913385,0.01636037651277454,0.043371539561588866,23.056594488188974,86129.50252906102,6657.404475881517
1997-10-01,951.16,15.3867,40.3333,161.6,6.03,1801.83,29.15,76.41,32.9,1997,0.3814887450320207,0.01617677362378569,0.042404327347659705,23.582498828511426,87546.65649081401,6750.193934873408
1997-11-01,938.92,15.4433,40.0267,161.5,5.88,1779.75,29.27,75.87,32.34,1997,0.3858249618379732,0.016447940186597367,0.04263057555489286,23.457342224065435,86538.08110514953,6676.560313127945
1997-12-01,962.37,15.5,39.72,161.3,5.81,1826.46,29.42,75.38,33.03,1997,0.3902316213494461,0.016106071469393267,0.041273107017051655,24.228851963746223,88818.02770788815,6860.958618972637
1998-01-01,963.36,15.55,39.66,161.6,5.54,1824.94,29.46,75.13,32.86,1998,0.39208270297529,0.016141421690749044,0.041168410563029396,24.29046898638427,89028.60485931656,6864.458023187403
1998-02-01,1023.74,15.6,39.6,161.9,5.57,1935.73,29.5,74.88,34.71,1998,0.3939393939393939,0.01523824408541231,0.038681696524508175,25.852020202020203,94728.35717953164,7290.39734686204
1998-03-01,1076.83,15.64,39.54,162.2,5.65,2032.35,29.52,74.63,36.3,1998,0.39554881133029846,0.014524112441146701,0.036718887846735326,27.233940313606475,99761.1539316315,7663.52637477268
1998-04-01,1112.2,15.75,39.35,162.5,5.64,2095.23,29.67,74.13,37.28,1998,0.4002541296060991,0.014161122100341664,0.03538032727926632,28.264294790343076,103158.69491010786,7909.891314338117
1998-05-01,1108.42,15.85,39.16,162.8,5.65,2084.26,29.8,73.64,36.96,1998,0.4047497446373851,0.014299633712852528,0.035329568214214825,28.304902962206338,102929.82952646221,7877.798992013017
1998-06-01,1108.39,15.95,38.97,163.0,5.5,2081.65,29.96,73.19,36.8,1998,0.4092891968180652,0.014390241701928019,0.03515910464728119,28.442134975622277,103049.69857875926,7877.295977247488
1998-07-01,1156.58,16.0167,38.6767,163.2,5.46,2169.49,30.04,72.55,38.26,1998,0.4141175436373838,0.013848328693216207,0.033440574798111675,29.903792205643192,107653.6152496705,8219.142438792247
1998-08-01,1074.62,16.0833,38.3833,163.4,5.34,2013.28,30.13,71.91,35.42,1998,0.4190181667548127,0.014966499785970857,0.03571802125402468,27.997071643136465,100149.0739864212,7636.826572036769
1998-09-01,1020.64,16.14,38.09,163.6,4.81,1909.82,30.2,71.27,33.53,1998,0.423733263323707,0.015813607148455873,0.03731972095939803,26.795484379102124,95243.3215216896,7253.861773595676
1998-10-01,1032.47,16.1667,37.9633,164.0,4.53,1927.24,30.18,70.86,33.77,1998,0.4258507558615821,0.015658275785252838,0.03676939765804333,27.196529279593715,96472.77633538324,7329.578006944362
1998-11-01,1144.43,16.1833,37.8367,164.0,4.83,2136.23,30.21,70.63,37.37,1998,0.4277143619818853,0.014140926050522966,0.033061611457231986,30.24655955725526,107060.06950090663,8133.954060861565
1998-12-01,1190.05,16.2,37.71,163.9,4.65,2222.74,30.26,70.43,38.82,1998,0.4295942720763723,0.013612873408680308,0.03168774421242805,31.55794219040042,111453.92711782294,8472.946503282941
1999-01-01,1248.77,16.28333333,37.93333333,164.3,4.72,2326.74,30.34,70.68,40.58,1999,0.4292618628672462,0.013039497529569097,0.030376557196281143,32.920123025739905,117079.77258815414,8878.965103155208
1999-02-01,1246.58,16.36666667,38.15666667,164.5,5.0,2319.83,30.46,71.01,40.4,1999,0.4289333450311057,0.013129254977618767,0.030609079778273356,32.670044550304006,117001.66856977584,8862.254044859617
1999-03-01,1281.66,16.45,38.38,165.0,5.23,2377.89,30.52,71.21,41.36,1999,0.42860865033871803,0.012834917216734546,0.029945539378618356,33.39395518499218,120422.22385640329,9093.702480307787
1999-04-01,1334.76,16.45,39.26,166.2,5.18,2458.52,30.3,72.31,42.7,1999,0.4190015282730515,0.012324312985105937,0.029413527525547663,33.99796230259807,125540.19499173677,9411.737843544166
1999-05-01,1332.07,16.45,40.14,166.2,5.54,2453.57,30.3,73.93,42.56,1999,0.4098156452416542,0.012349200867822261,0.030133551540084232,33.18560039860488,125416.12142003854,9402.436058325395
1999-06-01,1322.55,16.45,41.02,166.2,5.9,2436.03,30.3,75.56,42.18,1999,0.4010238907849829,0.012438093077766436,0.031015840610940988,32.24158946855192,124648.8667891717,9344.915043279661
1999-07-01,1380.99,16.513333333333335,42.0,166.7,5.79,2536.05,30.33,77.13,43.83,1999,0.39317460317460323,0.011957605292821335,0.03041296461234332,32.880714285714284,130285.97131959854,9738.23156953928
1999-08-01,1327.49,16.576666666666668,42.98,167.1,5.94,2431.96,30.37,78.74,41.93,1999,0.38568326353342647,0.012487225264722648,0.03237689172799795,30.886226151698466,125368.47626688729,9348.241856884595
1999-09-01,1318.17,16.64,43.96,167.9,5.92,2403.38,30.34,80.15,41.32,1999,0.37852593266606005,0.012623561452619919,0.03334926451064733,29.98566878980892,124618.75191591261,9248.062232711562
1999-10-01,1300.01,16.656666666666666,45.36333333333334,168.2,6.11,2366.05,30.32,82.56,40.55,1999,0.3671834815195826,0.012812721953420871,0.03489460337484584,28.657726504519065,123033.01421480457,9114.098437077677
1999-11-01,1391.0,16.673333333333332,46.76666666666667,168.3,6.03,2530.14,30.33,85.07,43.21,1999,0.3565217391304347,0.01198658039779535,0.033620896237718675,29.74340698503207,131775.67821146818,9755.9414766185
1999-12-01,1428.68,16.69,48.17,168.3,6.28,2598.68,30.36,87.62,44.2,1999,0.3464812123728462,0.01168211215947588,0.033716437550746145,29.65912393605979,135476.90217912596,10029.959602803978
2000-01-01,1425.59,16.713333333333335,49.09666666666667,168.8,6.66,2585.38,30.31,89.04,43.77,2000,0.34041686468870935,0.011723800905823789,0.03443954199080147,29.036390793672343,135315.77593931995,9988.356446705726
2000-02-01,1388.87,16.736666666666668,50.02333333333333,169.8,6.52,2503.95,30.17,90.19,42.19,2000,0.334577197307923,0.012050563887668874,0.03601728983514176,27.764443259812086,131962.54640854266,9683.470719967265
2000-03-01,1442.21,16.76,50.95,171.2,6.26,2578.86,29.97,91.11,43.22,2000,0.32894995093228657,0.011621053799377345,0.03532772619798781,28.30637880274779,137163.1291278819,9982.783813863369
2000-04-01,1461.36,16.740000000000002,51.27333333333333,171.3,5.99,2611.57,29.92,91.63,43.53,2000,0.32648550253543107,0.011455082936442767,0.0350860385759384,28.50136523208945,139117.24475122907,10119.094393463598
2000-05-01,1418.48,16.72,51.59666666666667,171.5,6.44,2531.99,29.85,92.1,41.97,2000,0.3240519413398798,0.011787265241667136,0.03637461696087831,27.491698430131144,135167.99275411357,9820.368453156007
2000-06-01,1461.96,16.7,51.92,172.4,6.1,2595.98,29.65,92.19,42.78,2000,0.32164869029275805,0.011423021149689457,0.03551396755041178,28.157935285053927,139444.0053837262,10078.145632721744
2000-07-01,1473.0,16.583333333333332,52.51333333333334,172.8,6.05,2609.52,29.38,93.03,42.76,2000,0.3157928145232956,0.011258203213396696,0.03565059968318625,28.05001904278278,140629.75697309623,10140.316966925804
2000-08-01,1485.46,16.46666666666667,53.10666666666666,172.8,5.83,2631.6,29.17,94.08,42.87,2000,0.3100677880994226,0.011085230613188285,0.035750990714436374,27.971252824504145,141951.27040368505,10235.606650636086
2000-09-01,1468.05,16.35,53.7,173.7,5.8,2587.28,28.82,94.64,41.9,2000,0.30446927374301674,0.01113722284663329,0.03657913558802493,27.33798882681564,140418.69266345137,10072.636215236638
2000-10-01,1390.14,16.323333333333334,52.46666666666667,174.0,5.74,2445.75,28.72,92.31,39.37,2000,0.3111181702668361,0.011742222605876627,0.03774200200459426,26.495679796696315,133096.93940119495,9530.9647410281
2000-11-01,1378.04,16.296666666666667,51.23333333333333,174.1,5.72,2423.07,28.66,90.09,38.78,2000,0.31808718282368253,0.011825975056360242,0.037178407980416626,26.897332465842553,132068.68026341256,9451.899805181623
2000-12-01,1330.93,16.27,50.0,174.0,5.24,2341.58,28.62,87.97,37.27,2000,0.32539999999999997,0.01222453472383972,0.03756771580774346,26.6186,127683.90266460358,9143.341535637705
2001-01-01,1335.63,16.169999999999998,48.48,175.1,5.16,2335.08,28.27,84.76,36.98,2001,0.333539603960396,0.012106646301745242,0.03629747759484288,27.55012376237624,128264.87419119505,9127.243474713252
2001-02-01,1305.75,16.07,46.96,175.8,5.1,2273.75,27.98,81.77,35.83,2001,0.342206132879046,0.012307103197396132,0.035964005360903696,27.805579216354342,125524.8058168247,8896.695565856859
2001-03-01,1185.85,15.97,45.44,176.2,4.89,2060.28,27.75,78.95,32.33,2001,0.35145246478873243,0.013467133279925794,0.0383185057132015,26.097051056338028,114127.27521629044,8070.52127806458
2001-04-01,1189.84,15.876666666666663,42.556666666666665,176.9,5.14,2059.03,27.47,73.64,32.17,2001,0.37307119918539977,0.013343530782850353,0.035766713731818285,27.95895668520404,114639.35702276963,8074.654542135159
2001-05-01,1270.37,15.783333333333331,39.67333333333333,177.7,5.39,2188.49,27.19,68.35,34.07,2001,0.3978322970929255,0.012424201872945151,0.031229746714211873,32.020752814653,122525.7801210332,8591.284301114652
2001-06-01,1238.71,15.69,36.79,178.0,5.28,2130.36,26.98,63.27,33.07,2001,0.4264745854851862,0.012666402951457564,0.029700252682225863,33.66974721391683,119599.06525620341,8371.934567934239
2001-07-01,1204.45,15.706666666666669,33.96333333333333,177.5,5.24,2077.27,27.09,58.58,32.16,2001,0.4624595151634116,0.013040530255856754,0.028198209417853237,35.463244675630584,116417.45842502013,8172.177644933809
2001-08-01,1178.5,15.723333333333333,31.136666666666667,177.5,4.97,2032.51,27.12,53.7,31.4,2001,0.5049780537415695,0.013341818696082591,0.026420591146938198,37.84926667380366,114035.74434114443,8004.988025299491
2001-09-01,1044.64,15.74,28.31,178.3,4.73,1793.57,27.02,48.61,27.67,2001,0.555987283645355,0.015067391637310459,0.027100245060499305,36.900035323207355,101209.77383980964,7072.763780392755
2001-10-01,1076.59,15.740000000000002,27.10333333333333,177.7,4.57,1854.66,27.12,46.69,28.58,2001,0.580740376337474,0.014620236115884417,0.02517516727197293,39.72168244988316,104432.32492043881,7322.604212204095
2001-11-01,1129.68,15.740000000000002,25.896666666666665,177.4,4.65,1949.41,27.16,44.69,30.01,2001,0.6078002316900504,0.013933149210395865,0.022923895852512803,43.622602651563916,109709.44297796002,7705.635059218613
2001-12-01,1144.93,15.74,24.69,176.7,5.09,1983.56,27.27,42.77,30.5,2001,0.6375050627784528,0.013747565353340378,0.021564637139388432,46.37221547185095,111317.83758951961,7849.577002633924
2002-01-01,1140.21,15.736666666666668,24.69333333333333,177.1,5.04,1970.92,27.2,42.68,30.28,2002,0.6372840172786178,0.013801551176245312,0.02165682929752706,46.1748110151188,110986.45637280685,7808.533294213289
2002-02-01,1100.67,15.733333333333334,24.69666666666667,177.8,4.91,1895.08,27.09,42.52,29.09,2002,0.6370630314482386,0.014294323760376256,0.02243784846199739,44.567552976110136,107265.3365095568,7517.019645157917
2002-03-01,1153.79,15.73,24.7,178.8,5.28,1975.43,26.93,42.29,30.29,2002,0.6368421052631579,0.013633330155400898,0.021407708508480745,46.71214574898785,112569.89777671442,7844.636053120033
2002-04-01,1111.93,15.833333333333332,25.38,179.8,5.21,1893.17,26.96,43.21,29.01,2002,0.6238508011557656,0.014239505484457952,0.022825177843929022,43.81126871552404,108613.70510161965,7526.845192247947
2002-05-01,1079.25,15.936666666666667,26.06,179.8,5.16,1837.53,27.13,44.37,28.13,2002,0.6115374776157586,0.014766427302910973,0.02414639796154737,41.41404451266309,105550.395241346,7314.5602041555685
2002-06-01,1014.02,16.04,26.74,179.9,4.93,1725.51,27.29,45.5,26.39,2002,0.599850411368736,0.01581822843730893,0.02637028855446638,37.92146596858639,99300.80015883347,6877.642968199361
2002-07-01,903.59,15.96,27.84,180.1,4.65,1535.89,27.13,47.32,23.46,2002,0.5732758620689655,0.017662878075233236,0.03081043393574519,32.45653735632184,88617.52439307507,6130.8959130356225
2002-08-01,912.55,15.88,28.94,180.7,4.26,1545.97,26.9,49.03,23.59,2002,0.5487214927436075,0.017401786203495702,0.031713330776395814,31.532480995162402,89626.69262867387,6180.125014683324
2002-09-01,867.81,15.8,30.04,181.0,3.87,1467.74,26.72,50.81,22.37,2002,0.525965379494008,0.018206750325532088,0.034615872137910376,28.88848202396804,85362.49643307371,5876.335389812699
2002-10-01,854.63,15.89,29.223333333333333,181.3,3.94,1443.05,26.83,49.34,21.96,2002,0.5437435838941486,0.01859284134654763,0.034194134693766115,29.24478156724079,84195.55464932956,5786.412636131529
2002-11-01,909.93,15.98,28.406666666666663,181.3,4.05,1536.43,26.98,47.97,23.35,2002,0.5625440037549871,0.017561790467398593,0.03121851864062803,32.03226942032387,89773.99575139253,6169.7958470069
2002-12-01,899.18,16.07,27.59,180.9,4.03,1521.63,27.19,46.69,23.1,2002,0.5824574121058355,0.01787183878644988,0.03068351164394226,32.59079376585719,88844.77985934385,6119.435915132252
2003-01-01,895.84,16.119999999999997,28.5,181.7,4.05,1509.31,27.16,48.02,22.9,2003,0.5656140350877192,0.0179942846936953,0.031813716735131274,31.43298245614035,88647.08462920613,6078.93601805123
2003-02-01,837.03,16.169999999999998,29.41,183.1,3.9,1399.44,27.03,49.17,21.21,2003,0.5498129887793267,0.019318304003440735,0.03513613610025925,28.46072764365862,82960.5195468718,5645.483744150862
2003-03-01,846.63,16.22,30.32,184.2,3.81,1407.04,26.96,50.39,21.31,2003,0.5349604221635883,0.019158310005551422,0.035812574560315606,27.923153034300793,84045.55865865915,5685.166454326239
2003-04-01,890.03,16.203333333333333,31.73,183.8,3.96,1482.39,26.99,52.85,22.43,2003,0.5106628847568022,0.01820537884490785,0.03565048369156096,28.05011030570438,88488.08824762494,5998.702826797643
2003-05-01,935.96,16.186666666666667,33.13999999999999,183.5,3.57,1561.43,27.0,55.29,23.59,2003,0.48843291088312224,0.01729418636124051,0.0354074960468396,28.242607121303568,93188.76282305748,6327.694739919871
2003-06-01,988.0,16.17,34.55,183.7,3.33,1646.46,26.95,57.58,24.83,2003,0.46801736613603484,0.016366396761133606,0.03496963562753036,28.596237337192477,98504.42215043603,6681.356015211938
2003-07-01,992.54,16.310000000000002,35.89333333333333,183.9,3.98,1652.22,27.15,59.75,24.87,2003,0.45440193164933146,0.016432587099764244,0.03616311013493998,27.652488855869244,99091.41079963715,6713.8606773435495
2003-08-01,989.53,16.450000000000003,37.236666666666665,184.6,4.45,1640.97,27.28,61.75,24.64,2003,0.4417688658132666,0.016624053843744,0.03763065967344766,26.574075731805568,98926.59789134623,6677.277409134204
2003-09-01,1019.44,16.59,38.58,185.2,4.27,1685.09,27.42,63.77,25.24,2003,0.43001555209953346,0.01627364043004002,0.03784430667817625,26.424053913945052,102053.8466062643,6866.041731717351
2003-10-01,1038.73,16.85666666666667,41.96666666666667,185.0,4.29,1718.83,27.89,69.44,25.68,2003,0.40166799046862595,0.016228150401612226,0.040401901039410305,24.751310563939633,104123.32410760621,7012.846585842019
2003-11-01,1049.9,17.123333333333335,45.35333333333333,184.5,4.3,1742.02,28.41,75.25,25.95,2003,0.3775540202851684,0.01630948979267867,0.043197764866495215,23.149345876819055,105383.82671897546,7116.978216360078
2003-12-01,1080.64,17.39,48.74,184.3,4.27,1794.97,28.89,80.96,26.64,2003,0.35679113664341405,0.016092315664791235,0.04510290198400947,22.171522363561756,108612.58726703933,7342.9888081785675
2004-01-01,1132.52,17.6,49.82666666666668,185.2,4.15,1872.01,29.09,82.36,27.66,2004,0.3532245116403531,0.015540564405043622,0.043996279683066686,22.72919454107572,113972.57650347495,7667.917404067484
2004-02-01,1143.36,17.810000000000002,50.91333333333333,186.2,4.08,1879.77,29.28,83.71,27.65,2004,0.34981013486971335,0.015576896165687101,0.04452957365425879,22.456985727379863,115211.07340257555,7709.613182578365
2004-03-01,1123.98,18.02,52.0,187.4,3.83,1836.08,29.44,84.94,26.89,2004,0.3465384615384615,0.016032313742237406,0.04626416840157298,21.615000000000002,113407.7934489591,7540.347419285114
2004-04-01,1133.36,18.21333333333333,53.38333333333333,188.0,4.35,1845.49,29.66,86.93,26.9,2004,0.3411801436153606,0.01607021011270323,0.047101832898049464,21.230596315953793,114505.7363000007,7589.0503952021745
2004-05-01,1102.78,18.406666666666663,54.76666666666667,189.1,4.72,1785.25,29.8,88.66,25.9,2004,0.33609251369446125,0.01669115024453351,0.04966236843855227,20.135970785149116,111569.51907505031,7351.4342024068055
2004-06-01,1132.76,18.6,56.15,189.7,4.73,1827.99,30.02,90.61,26.4,2004,0.33125556544968837,0.01642007133020234,0.049569193827465656,20.173820124666072,114757.81540570366,7537.598207459503
2004-07-01,1105.85,18.78666666666667,56.69,189.4,4.5,1787.39,30.36,91.63,25.7,2004,0.3313929558417123,0.016988440264653137,0.05126373377944568,19.506967719174458,112188.6408244255,7380.519876833906
2004-08-01,1088.94,18.973333333333333,57.23,189.5,4.28,1759.13,30.65,92.45,25.17,2004,0.33152775350923175,0.01742367195009214,0.052555696365272644,19.027433164424256,110631.94473867417,7274.269295218365
2004-09-01,1117.66,19.16,57.77,189.9,4.13,1801.72,30.89,93.13,25.67,2004,0.3316600311580405,0.01714295939731224,0.0516883488717499,19.346719750735677,113710.41632568986,7460.9362159983975
2004-10-01,1117.21,19.25333333333333,58.03,190.9,4.1,1791.56,30.87,93.06,25.41,2004,0.3317824113964041,0.017233405835369652,0.05194189096051772,19.25228330174048,113827.07787218294,7429.467733302249
2004-11-01,1168.94,19.346666666666668,58.29,191.0,4.19,1873.53,31.01,93.42,26.47,2004,0.3319036998913479,0.01655060710273125,0.04986569028350471,20.053868588094012,119261.06428570181,7780.067335077721
2004-12-01,1199.21,19.44,58.55,190.3,4.23,1929.12,31.27,94.19,27.14,2004,0.3320239111870197,0.016210672025750286,0.04882380900759666,20.481810418445775,122513.84693837473,8021.663336059638
2005-01-01,1181.41,19.703333333333333,59.10666666666666,190.7,4.22,1896.5,31.63,94.88,26.59,2005,0.33335213173922856,0.016677811541576024,0.050030613137409245,19.98776223776224,120860.86368818261,7896.834617486919
2005-02-01,1199.63,19.96666666666667,59.66333333333333,191.8,4.17,1914.7,31.87,95.23,26.74,2005,0.33465556735013136,0.016644020795300772,0.04973477933473931,20.10665400301693,122892.7846640354,7983.545865035876
2005-03-01,1194.9,20.23,60.22,193.3,4.5,1892.35,32.04,95.37,26.34,2005,0.3359349053470608,0.0169302870533099,0.05039752280525567,19.84224510129525,122578.68537297583,7901.347230974025
2005-04-01,1164.43,20.46333333333333,61.23333333333333,194.6,4.34,1831.78,32.19,96.33,25.41,2005,0.3341861731083288,0.017573691276704766,0.05258653017642394,19.016276537833427,119625.86479421891,7659.497817759341
2005-05-01,1178.28,20.696666666666665,62.24666666666667,194.4,4.14,1855.47,32.59,98.02,25.65,2005,0.3324943772089536,0.017565151463715473,0.05282841656199432,18.929206383206598,121223.9115263376,7769.804205854767
2005-06-01,1202.25,20.93,63.26,194.5,4.0,1892.25,32.94,99.57,26.07,2005,0.330856781536516,0.017409024745269286,0.05261800790185069,19.004900411002215,123867.43830550765,7935.1582585430615
2005-07-01,1222.24,21.11,64.33,195.4,4.18,1914.85,33.07,100.78,26.29,2005,0.3281517177055806,0.01727156695902605,0.05263287079460662,18.999533654593503,126106.7026421306,8041.399769298605
2005-08-01,1224.27,21.29,65.39999999999999,196.4,4.26,1908.26,33.18,101.94,26.1,2005,0.3255351681957187,0.01738995483022536,0.0534195888161925,18.719724770642205,126497.65639433541,8025.258649049996
2005-09-01,1225.92,21.47,66.47,198.8,4.2,1887.77,33.06,102.36,25.73,2005,0.3230028584323755,0.01751337770817019,0.05422050378491255,18.44320746201294,126851.4582995009,7950.54914694055
2005-10-01,1191.96,21.72,67.58999999999999,199.2,4.46,1831.79,33.38,103.87,24.88,2005,0.3213493120284066,0.01822208798952985,0.05670492298399274,17.63515312916112,123522.59742518322,7726.363272679635
2005-11-01,1237.37,21.97,68.71,197.6,4.54,1916.97,34.04,106.45,25.93,2005,0.3197496725367487,0.017755400567332328,0.05552906567962695,18.008586814146412,128415.99741378782,8097.486476598159
2005-12-01,1262.07,22.22,69.83,196.8,4.47,1963.18,34.56,108.62,26.44,2005,0.31820134612630674,0.017605996497817078,0.05532973606852235,18.073464127165973,131169.404579566,8304.729578563985
2006-01-01,1278.73,22.406666666666663,70.77666666666666,198.3,4.42,1974.05,34.59,109.26,26.47,2006,0.3165826779070315,0.017522594032099555,0.05534918760541057,18.06711251354025,133093.35831782303,8362.800023399268
2006-02-01,1276.65,22.593333333333334,71.72333333333334,198.7,4.57,1966.87,34.81,110.5,26.25,2006,0.3150067388576474,0.017697358973354744,0.05618089008994896,17.799646790909513,133071.21188423672,8344.576245986864
2006-03-01,1293.74,22.78,72.67,199.8,4.72,1982.23,34.9,111.34,26.33,2006,0.31347185908903263,0.01760786556804304,0.05617048247715924,17.802944819045,135048.8334184859,8421.964286257931
2006-04-01,1302.17,23.0,73.27666666666666,201.5,4.99,1978.31,34.94,111.33,26.15,2006,0.31387890642769417,0.017662824362410436,0.05627273448679255,17.770595460128284,136126.97073187496,8417.578438308496
2006-05-01,1290.01,23.22,73.88333333333333,202.5,5.11,1950.16,35.1,111.69,25.65,2006,0.3142792691179788,0.017999860466197937,0.05727345782849228,17.460094743965712,135056.1474623606,8310.121468548214
2006-06-01,1253.17,23.44,74.49,202.9,5.11,1890.73,35.37,112.39,24.75,2006,0.31467311048462887,0.018704565222595497,0.059441256972318196,16.82333199087126,131401.80770749538,8069.327373264624
2006-07-01,1260.24,23.66,75.85,203.5,5.09,1895.79,35.59,114.1,24.7,2006,0.31193144363876074,0.018774201739351234,0.060186948517742644,16.614897824653923,132347.95412940724,8103.466872002036
2006-08-01,1287.15,23.88,77.21,203.9,4.88,1932.48,35.85,115.92,25.05,2006,0.30928636187022407,0.018552616245192867,0.05998523870566755,16.6707680352286,135381.05059927076,8272.917559916203
2006-09-01,1317.74,24.1,78.57,202.9,4.72,1988.15,36.36,118.54,25.64,2006,0.3067328496881762,0.018288888551611093,0.059624812178426696,16.771541300750926,138807.7799070626,8524.124877486445
2006-10-01,1363.38,24.36,79.55,201.8,4.73,2068.23,36.95,120.68,26.54,2006,0.3062225015713388,0.017867359063503938,0.058347636022238844,17.138654934003775,143826.94860974426,8880.4944483519
2006-11-01,1388.64,24.62,80.53,201.5,4.6,2109.68,37.4,122.34,26.93,2006,0.3057245746926611,0.017729577140223527,0.05799199216499596,17.243760089407676,146705.85062353348,9071.736470318745
2006-12-01,1416.42,24.88,81.51,201.8,4.56,2148.69,37.74,123.65,27.28,2006,0.3052386210280947,0.01756541138927719,0.05754649044774855,17.377254324622747,149857.4810200733,9252.845458424743
2007-01-01,1424.16,25.08333333333333,82.05666666666667,202.42,4.76,2153.85,37.94,124.1,27.21,2007,0.3056830645488889,0.017612721417069238,0.05761758978391941,17.35581102490149,150895.733384304,9288.414375893824
2007-02-01,1444.8,25.286666666666665,82.60333333333334,203.5,4.72,2173.44,38.04,124.26,27.32,2007,0.30612162543884425,0.017501845699520117,0.05717284976005907,17.490819579516565,153304.10178062654,9386.58038420937
2007-03-01,1406.95,25.49,83.15,205.35,4.56,2097.4,38.0,123.96,26.23,2007,0.3065544197233914,0.01811720388073492,0.05909947048580262,16.92062537582682,149511.5253393428,9071.894841627522
2007-04-01,1463.64,25.71666666666667,83.74000000000001,206.69,4.69,2167.83,38.09,124.03,26.98,2007,0.3071013454342807,0.017570349721698415,0.0572135224508759,17.478385478863146,155761.49567936602,9389.850675721616
2007-05-01,1511.14,25.94333333333333,84.33000000000001,207.95,4.75,2224.59,38.19,124.14,27.55,2007,0.30764061820625316,0.017168054140141435,0.05580555077623516,17.919364401755008,161044.54108904817,9649.50700634547
2007-06-01,1514.19,26.17,84.92,208.35,5.1,2224.77,38.45,124.77,27.42,2007,0.3081723975506359,0.017283167898348294,0.05608279013862197,17.83078191238813,161599.9861181237,9664.198833846034
2007-07-01,1520.71,26.440000000000005,82.81333333333333,208.3,5.0,2234.92,38.86,121.71,27.41,2007,0.31927225889550803,0.017386615462514222,0.05445701898016935,18.363105780067624,162528.57139862532,9722.064328501543
2007-08-01,1454.62,26.71,80.70666666666666,207.92,4.67,2141.72,39.33,118.83,26.15,2007,0.33095159425078474,0.018362183938073175,0.055482989830104544,18.023542045266808,155700.57088258115,9330.651756430172
2007-09-01,1497.12,26.98,78.6,208.49,4.52,2198.23,39.61,115.41,26.73,2007,0.3432569974554708,0.018021267500267182,0.05250080153895479,19.04732824427481,160487.96400463308,9591.251530038508
2007-10-01,1539.66,27.230000000000004,74.46000000000001,208.94,4.53,2255.87,39.9,109.1,27.32,2007,0.36569970453935,0.017685722821921726,0.04836132652663575,20.67767929089444,165289.17461422185,9856.91162866471
2007-11-01,1463.39,27.480000000000004,70.32000000000001,210.18,4.15,2131.46,40.03,102.42,25.73,2007,0.3907849829351536,0.01877831610165438,0.04805280888894963,20.810437997724687,157344.86440129738,9327.80003064119
2007-12-01,1479.22,27.73,66.18,210.04,4.1,2155.96,40.42,96.46,25.96,2007,0.4190087639770323,0.0187463663282,0.04473979529752167,22.35146569960713,159293.14130830884,9449.593128459
2008-01-01,1378.76,27.92,64.25,211.08,3.74,1999.6,40.49,93.18,24.02,2008,0.4345525291828794,0.020250079781832953,0.04659984333749166,21.45929961089494,148723.72697161377,8779.124682898937
2008-02-01,1354.87,28.11,62.32,211.69,3.74,1959.27,40.65,90.12,23.5,2008,0.45105905006418484,0.020747377977222908,0.045997032925668146,21.74053273427471,146397.73891041052,8616.920151276467
2008-03-01,1316.94,28.3,60.39,213.53,3.51,1888.05,40.57,86.58,22.61,2008,0.4686206325550588,0.021489209834920347,0.04585630324843956,21.807252856433184,142552.4035398774,8318.282902200499
2008-04-01,1370.47,28.436666666666667,57.383333333333326,214.82,3.68,1952.95,40.52,81.77,23.36,2008,0.49555620098751096,0.020749572531078148,0.041871280169090405,23.88271855939588,148602.04607978393,8619.22304326463
2008-05-01,1403.22,28.57333333333333,54.376666666666665,216.63,3.88,1982.92,40.38,76.84,23.7,2008,0.5254704836633359,0.02036268962339001,0.03875134808986949,25.805553852755473,152410.12840188938,8766.238285960126
2008-06-01,1341.25,28.71,51.37,218.81,4.1,1876.44,40.17,71.87,22.42,2008,0.5588865096359743,0.021405405405405406,0.038300093196644916,26.109597041074558,145937.90721997814,8310.343786668469
2008-07-01,1257.33,28.756666666666668,49.56333333333333,219.96,4.01,1749.85,40.02,68.98,20.91,2008,0.5802004169749143,0.02287121651966204,0.03941951065617884,25.36814849687269,137067.11301242787,7764.394563260826
2008-08-01,1281.47,28.80333333333333,47.75666666666667,219.09,3.89,1790.59,40.25,66.73,21.4,2008,0.6031269630767082,0.022476790977028982,0.03726709690173525,26.833321700286174,139959.96231593218,7959.747731327377
2008-09-01,1216.95,28.85,45.95,218.78,3.69,1702.79,40.37,64.29,20.36,2008,0.6278563656147987,0.023706808003615597,0.03775833025185916,26.48422198041349,133175.35246841458,7584.627899060453
2008-10-01,968.8,28.696666666666665,35.593333333333334,216.57,3.81,1369.41,40.56,50.31,16.39,2008,0.8062371230567521,0.029620836774015964,0.03673960913845307,27.218580258475367,106282.47439469674,6114.787971362246
2008-11-01,883.04,28.543333333333333,25.236666666666668,212.43,3.53,1272.56,41.13,36.37,15.26,2008,1.13102628450667,0.03232394153530229,0.028579301805882713,34.990357944789324,97136.49764434775,5697.5039337597
2008-12-01,877.56,28.39,14.88,210.23,2.42,1277.88,41.34,21.67,15.38,2008,1.9079301075268817,0.03235106431469074,0.016956105565431426,58.9758064516129,96795.33749928097,5736.906746140137
2009-01-01,865.58,28.013333333333332,12.206666666666669,211.14,2.52,1254.97,40.62,17.7,15.17,2009,2.294920808301474,0.0323636559686376,0.014102297496091255,70.91043145821955,95734.8897723172,5649.600864654128
2009-02-01,805.23,27.63666666666667,9.533333333333331,212.19,2.87,1161.69,39.87,13.75,14.12,2009,2.8989510489510497,0.03432145680944161,0.011839267455675187,84.46468531468534,89318.25258547039,5244.853325863429
2009-03-01,757.13,27.26,6.86,212.71,2.82,1089.65,39.23,9.87,13.32,2009,3.9737609329446064,0.0360043849801223,0.00906053121656783,110.36880466472303,84238.3337405048,4934.4630642973525
2009-04-01,848.15,26.703333333333333,7.076666666666666,213.24,2.93,1217.6,38.34,10.16,14.98,2009,3.7734338200659447,0.03148421073316434,0.008343649904694531,119.85162505887895,94617.97072738233,5528.699658896942
2009-05-01,902.41,26.14666666666667,7.293333333333333,213.86,3.29,1291.77,37.43,10.44,16.0,2009,3.585009140767825,0.028974265208349496,0.008082061738382036,123.73080438756855,100919.35887724477,5879.805534510754
2009-06-01,926.12,25.59,7.51,215.69,3.72,1314.42,36.32,10.66,16.38,2009,3.4074567243675102,0.027631408456787458,0.008109100332570294,123.31824234354195,103814.5950434119,5997.171191250927
2009-07-01,935.82,25.026666666666664,9.186666666666667,215.35,3.56,1330.29,35.58,13.06,16.69,2009,2.724238026124818,0.026743034629166572,0.009816702642246017,101.86719883889695,105140.97412587548,6083.383039741855
2009-08-01,1009.73,24.46333333333333,10.863333333333332,215.83,3.59,1432.15,34.7,15.41,18.09,2009,2.251917766185947,0.02422759879703815,0.010758651652752053,92.94845044492178,113679.20449106129,6562.771106697974
2009-09-01,1044.55,23.9,12.54,215.97,3.4,1480.61,33.88,17.77,18.83,2009,1.9059011164274322,0.02288066631563831,0.012005169690297256,83.29744816586923,117828.88568282196,6797.925247061914
2009-10-01,1067.66,23.40333333333333,25.35,216.18,3.39,1511.91,33.14,35.9,19.36,2009,0.9232084155161076,0.021920211802758674,0.02374351385272465,42.11676528599605,120660.44129252467,6954.524463432591
2009-11-01,1088.07,22.906666666666663,38.16,216.33,3.4,1539.72,32.42,54.0,19.81,2009,0.6002795248078266,0.021052567083612878,0.035071272987951145,28.513364779874216,123187.46392528237,7095.251701146481
2009-12-01,1110.38,22.41,50.97,215.95,3.59,1574.07,31.77,72.25,20.32,2009,0.4396703943496174,0.02018227994020065,0.04590320430843495,21.784971551893275,125929.44146469659,7265.945082890112
2010-01-01,1123.58,22.24,54.28999999999999,216.69,3.73,1587.35,31.42,76.7,20.53,2010,0.409651869589243,0.019793873155449546,0.048318766798981824,20.695892429545037,127638.26354296647,7339.391590499618
2010-02-01,1089.16,22.07,57.61,216.74,3.69,1538.34,31.17,81.37,19.92,2010,0.38309321298385696,0.020263322193249843,0.052893973337250724,18.90574553028988,123938.70251240708,7125.017224806645
2010-03-01,1152.05,21.9,60.93,217.63,3.73,1620.51,30.81,85.71,21.0,2010,0.3594288527818808,0.01900959159758691,0.052888329499587695,18.907763006729034,131304.42373920206,7517.590037175288
2010-04-01,1197.32,21.946666666666665,62.986666666666665,218.01,3.85,1681.27,30.82,88.45,21.8,2010,0.34843353090601187,0.01832982549917037,0.05260637646298957,19.009102455546145,136672.05694609214,7811.264756425431
2010-05-01,1125.06,21.99333333333333,65.04333333333332,218.18,3.42,1578.58,30.86,91.26,20.48,2010,0.3381335519909804,0.019548587038320915,0.057813212924940294,17.297083995285195,128632.46449916539,7346.046877163813
2010-06-01,1083.36,22.04,67.1,217.97,3.2,1521.56,30.95,94.24,19.74,2010,0.3284649776453055,0.02034411460640969,0.061936936936936936,16.145454545454545,124074.29067094257,7092.561644996764
2010-07-01,1079.8,22.14333333333333,68.68666666666667,218.01,3.01,1516.24,31.09,96.45,19.67,2010,0.32238183053479563,0.020506883990862503,0.06361054516268445,15.72066388430554,123876.92196532033,7079.9800361813295
2010-08-01,1087.28,22.246666666666663,70.27333333333333,218.31,2.7,1524.64,31.2,98.54,19.77,2010,0.31657338013471203,0.020460844186103545,0.06463223211438943,15.472156341903046,124946.73740112579,7131.310283624331
2010-09-01,1122.08,22.35,71.86,218.44,2.65,1572.52,31.32,100.71,20.38,2010,0.3110214305594211,0.019918365891915018,0.06404177955226009,15.614806568327301,129158.88498935517,7367.33064899911
2010-10-01,1171.58,22.476666666666667,73.69,218.71,2.54,1639.85,31.46,103.14,21.24,2010,0.3050165106074999,0.019184918372340487,0.06289796684818792,15.89876509702809,135071.05099379845,7695.0541602246285
2010-11-01,1198.89,22.60333333333333,75.52,218.8,2.76,1677.37,31.62,105.66,21.7,2010,0.2993026129943503,0.018853550645458156,0.06299160056385489,15.875132415254239,138435.55532564034,7883.487291396155
2010-12-01,1241.53,22.73,77.35,219.18,3.29,1734.05,31.75,108.03,22.4,2010,0.2938590820943762,0.018308055383277087,0.062302159432313355,16.050808015513898,143576.6865630929,8162.0837420208845
2011-01-01,1282.62,22.96333333333333,78.67,220.22,3.39,1782.94,31.92,109.36,22.98,2011,0.2918944112537604,0.01790345802601966,0.06133539162027725,16.30380068641159,148547.5887762297,8404.790464770786
2011-02-01,1321.12,23.196666666666665,79.99000000000001,221.31,3.58,1827.45,32.09,110.65,23.49,2011,0.2899945826561653,0.017558334342578016,0.06054711154172219,16.516064508063504,153228.12118980178,8626.91423805942
2011-03-01,1304.49,23.43,81.31,223.47,3.41,1787.02,32.1,111.39,22.9,2011,0.28815643832246957,0.017961042246395144,0.0623308726015531,16.043414094207353,151523.5181375029,8448.485416356943
2011-04-01,1331.51,23.73333333333333,82.16333333333334,224.91,3.46,1812.37,32.3,111.84,23.14,2011,0.2888555316645705,0.017824374832583555,0.06170688416409441,16.205647287922428,154888.82958430494,8580.831517586768
2011-05-01,1338.31,24.036666666666665,83.01666666666667,225.96,3.17,1813.09,32.56,112.47,23.06,2011,0.28954025296125274,0.017960462573444618,0.062030969406689535,16.120979722947197,155909.91070750426,8597.262734180842
2011-06-01,1287.29,24.34,83.87,225.72,3.0,1745.84,33.01,113.75,22.1,2011,0.2902110408966257,0.018907938382182726,0.06515237436785806,15.348634791939906,150199.55404014912,8291.185731615533
2011-07-01,1325.19,24.62,84.90666666666667,225.92,3.0,1795.65,33.36,115.05,22.61,2011,0.28996545226130654,0.01857846799326889,0.06407131555978136,15.607608354271358,154858.34721047833,8540.788802419265
2011-08-01,1185.31,24.9,85.94333333333334,226.54,2.3,1601.69,33.65,116.13,20.05,2011,0.2897257883101268,0.02100716268317993,0.07250705160112826,13.791762013729976,138752.07724256814,7631.547993477528
2011-09-01,1173.88,25.18,86.98,226.89,1.98,1583.84,33.97,117.36,19.7,2011,0.28949183720395494,0.021450233413977577,0.07409615974375575,13.495976086456658,137656.98339994115,7559.636886435132
2011-10-01,1207.22,25.596666666666664,86.97,226.42,2.15,1632.2,34.61,117.59,20.16,2011,0.2943160476792763,0.021202984266883138,0.07204155000745514,13.880878463838105,141812.7182820315,7804.021154465652
2011-11-01,1226.42,26.013333333333332,86.96000000000001,226.23,2.01,1659.55,35.2,117.67,20.35,2011,0.29914136767862615,0.021210786951723987,0.07090556253159604,14.103265869365226,144318.72265372425,7948.59781755472
2011-12-01,1243.32,26.43,86.95,225.67,1.98,1686.58,35.85,117.95,20.52,2011,0.30396779758481884,0.021257600617700996,0.06993372583084001,14.299252443933295,146562.51950368914,8092.209833012659
2012-01-01,1300.58,26.736666666666668,87.48,226.66,1.97,1756.53,36.11,118.15,21.21,2012,0.3056317634506935,0.020557494861267026,0.0672622983591936,14.867169638774575,153571.95699040862,8442.189111887812
2012-02-01,1352.49,27.043333333333337,88.01,227.66,1.97,1818.63,36.36,118.34,21.8,2012,0.30727568836874597,0.01999521869539393,0.06507256985264216,15.367458243381433,159964.55655315923,8754.97836533587
2012-03-01,1389.24,27.35,88.54,229.39,2.17,1853.96,36.5,118.16,22.05,2012,0.3088999322340185,0.019687023120555123,0.06373268837637845,15.69053535125367,164577.6741032785,8939.525782845156
2012-04-01,1386.43,27.67333333333333,88.33333333333334,230.09,2.05,1844.64,36.82,117.53,21.78,2012,0.3132830188679244,0.01996013742730129,0.06371279713604967,15.69543396226415,164514.78841373854,8908.923741297676
2012-05-01,1341.27,27.996666666666663,88.12666666666667,229.81,1.8,1786.65,37.29,117.39,20.94,2012,0.31768666313639454,0.020873251967662487,0.0657038975498346,15.219797261517513,159429.7149060523,8644.072267218187
2012-06-01,1323.48,28.32,87.92,229.48,1.62,1765.54,37.78,117.29,20.55,2012,0.3221110100090992,0.021398132196935354,0.06643092453229366,15.053230209281164,157592.42916485443,8556.744236509005
2012-07-01,1359.78,28.74333333333333,87.44666666666667,229.1,1.53,1816.93,38.41,116.85,21.0,2012,0.3286955858809178,0.021138223340050104,0.06430942260267593,15.549820843180603,162195.84086092332,8821.301515177236
2012-08-01,1403.45,29.166666666666664,86.97333333333333,230.38,1.68,1864.9,38.76,115.57,21.41,2012,0.3353518319791507,0.02078212025128552,0.06197109503960478,16.13655526598191,167690.55064019546,9069.468968559924
2012-09-01,1443.42,29.59,86.5,231.41,1.72,1909.5,39.14,114.43,21.78,2012,0.34208092485549135,0.02049992379210486,0.05992711754028626,16.68693641618497,172756.7607000917,9301.885131684641
2012-10-01,1437.82,30.14333333333333,86.50333333333333,231.32,1.75,1902.83,39.89,114.48,21.58,2012,0.34846441370274744,0.020964608458175108,0.06016283911291631,16.621556009402337,172381.64570873257,9285.298744297112
2012-11-01,1394.51,30.696666666666665,86.50666666666667,230.22,1.65,1854.3,40.82,115.03,20.9,2012,0.3548474106041923,0.02201251096561994,0.06203373705937331,16.12026048088779,167490.32693560174,9064.935599068707
2012-12-01,1422.29,31.25,86.51,229.6,1.72,1896.34,41.67,115.34,21.24,2012,0.3612299156166917,0.021971609165500706,0.06082444508503892,16.44075829383886,171134.1379112064,9287.157484205714
2013-01-01,1480.4,31.536666666666665,86.90666666666667,230.28,1.91,1968.0,41.92,115.53,21.9,2013,0.3628797177048174,0.021302801044762676,0.058704854543816985,17.034366370052165,178439.4459507042,9655.009104332874
2013-02-01,1512.31,31.82333333333333,87.30333333333334,232.17,1.98,1994.09,41.96,115.12,22.05,2013,0.36451452789126026,0.02104286378674566,0.05772846396131305,17.3224771868199,182602.47722437882,9799.831443406816
2013-03-01,1550.83,32.11,87.7,232.77,1.96,2039.55,42.23,115.34,22.42,2013,0.3661345496009122,0.020705041816317715,0.056550363353816996,17.68335233751425,187573.745712784,10040.679089149327
2013-04-01,1570.7,32.49666666666667,88.78333333333333,232.53,1.76,2067.83,42.78,116.88,22.6,2013,0.36602215130467436,0.020689289276543368,0.05652469175102396,17.69138351792754,190300.67671653652,10197.163513903777
2013-05-01,1639.84,32.88333333333334,89.86666666666667,232.94,1.93,2155.02,43.21,118.1,23.41,2013,0.36591246290801194,0.020052769375874073,0.054802094513285854,18.24747774480712,199005.54307738802,10644.840159458467
2013-06-01,1618.77,33.27,90.95,233.5,2.3,2122.23,43.62,119.24,22.93,2013,0.365805387575591,0.0205526418206416,0.05618463401224387,17.79846069268829,196781.10878788968,10500.610773006876
2013-07-01,1668.68,33.64666666666667,92.09,233.6,2.58,2186.8,44.09,120.68,23.49,2013,0.3653672132334311,0.020163642320077346,0.055187333700889324,18.12009990226952,203185.30503795485,10837.709335500504
2013-08-01,1670.09,34.02333333333333,93.23,233.88,2.74,2186.02,44.53,122.03,23.36,2013,0.36493975472844936,0.020372155592413184,0.0558233388619775,17.913654403089133,203698.40539229775,10852.069998238541
2013-09-01,1687.17,34.4,94.37,234.15,2.81,2205.81,44.97,123.38,23.44,2013,0.3645226237151637,0.020389172401121404,0.055933901148076365,17.878245205043974,206127.44234616132,10968.814570289005
2013-10-01,1720.03,34.596666666666664,96.31333333333332,233.55,2.62,2254.58,45.35,126.25,23.83,2013,0.3592095244687479,0.02011399025985981,0.055995147371460566,17.858690385547174,210492.29379773635,11229.860760949667
2013-11-01,1783.54,34.79333333333334,98.25666666666666,233.07,2.72,2342.61,45.7,129.06,24.64,2013,0.3541065915798759,0.019508019631369826,0.05509081190590997,18.15184720290396,218617.28380147435,11687.352967633631
2013-12-01,1807.78,34.99,100.2,233.05,2.9,2374.66,45.96,131.62,24.86,2013,0.34920159680638724,0.019355231278142253,0.05542709843011871,18.041716566866267,221943.89920024612,11866.213190452978
2014-01-01,1822.36,35.403333333333336,100.41666666666666,233.92,2.86,2384.94,46.33,131.42,24.86,2014,0.35256431535269717,0.019427189651514156,0.05510254102738573,18.147983402489626,224091.8892597432,11936.495127293096
2014-02-01,1817.04,35.81666666666666,100.63333333333333,234.78,2.71,2369.21,46.7,131.21,24.59,2014,0.35591255382577014,0.0197115455172515,0.055383113928880665,18.05604504802915,223800.48935533434,11877.306829233607
2014-03-01,1863.52,36.23,100.85,236.29,2.72,2414.27,46.94,130.66,24.96,2014,0.3592464055528012,0.01944170172576629,0.054118013222289,18.478135845314824,229892.94138674755,12122.671503994561
2014-04-01,1864.26,36.61333333333333,101.60666666666668,237.07,2.71,2407.29,47.28,131.2,24.79,2014,0.36034380946132133,0.01963960677873973,0.05450241203837806,18.347811823371167,230356.69057224758,12107.159760957546
2014-05-01,1889.77,36.99666666666667,102.36333333333334,237.9,2.56,2431.74,47.61,131.72,24.94,2014,0.36142498941678336,0.019577338335705758,0.05416708558889883,18.461395682047606,233885.83513074362,12249.758325889306
2014-06-01,1947.09,37.38,103.12,238.34,2.6,2500.84,48.01,132.45,25.56,2014,0.36249030256012416,0.019197879913101092,0.05296108551736181,18.88178820791311,241361.56979319453,12617.962405065051
2014-07-01,1973.1,37.75,104.06666666666666,238.25,2.54,2535.24,48.5,133.72,25.82,2014,0.36274823830877645,0.01913232983629821,0.052742722957106414,18.959961563100578,244971.90918183437,12811.542448712094
2014-08-01,1961.53,38.120000000000005,105.01333333333334,237.85,2.42,2524.59,49.06,135.16,25.62,2014,0.3630015236160488,0.019433809322314727,0.05353644009183308,18.678866175723716,243925.9996021885,12778.297057150594
2014-09-01,1993.23,38.49,105.96,238.03,2.53,2563.46,49.5,136.27,25.92,2014,0.36325028312570784,0.019310365587513735,0.05315994641862705,18.811155152887885,248263.08635562027,12995.664647275675
2014-10-01,1937.27,38.806666666666665,104.74333333333334,237.43,2.3,2497.76,50.03,135.05,25.16,2014,0.3704929510231359,0.02003162525960071,0.05406749360354176,18.495401457531106,241692.59601432754,12683.695178951783
2014-11-01,2044.57,39.123333333333335,103.52666666666669,236.15,2.33,2650.42,50.72,134.2,26.61,2014,0.377905853564299,0.01913523789028174,0.050634933832867886,19.74921115332603,255482.7350001761,13480.054533568471
2014-12-01,2054.27,39.44,102.31,234.81,2.21,2678.18,51.42,133.38,26.79,2014,0.3854950640211123,0.01919903420679852,0.049803579860485725,20.078877920046917,257102.2086367005,13642.917761651073
2015-01-01,2028.18,39.89666666666667,101.29,233.71,1.88,2656.67,52.26,132.68,26.49,2015,0.3938855431599039,0.019671166595995753,0.049941326706702566,20.023496890117485,254248.25693401348,13554.975317264167
2015-02-01,2082.2,40.35333333333333,100.27,234.72,1.98,2715.63,52.63,130.77,27.0,2015,0.4024467271699744,0.01938014279768194,0.04815579675343387,20.76593198364416,261436.8672493529,13878.252240656686
2015-03-01,2079.99,40.81,99.25,236.12,2.04,2696.7,52.91,128.68,26.73,2015,0.41118387909319903,0.019620286635993446,0.04771657556045943,20.957078085642316,261581.60772138098,13803.603388990374
2015-04-01,2094.86,41.120000000000005,97.80333333333334,236.6,1.94,2710.47,53.2,126.54,26.79,2015,0.42043556797655157,0.01962899668712945,0.046687288569801005,21.41910636992604,263879.3658633638,13896.605657893124
2015-05-01,2111.94,41.43,96.35666666666668,237.81,2.2,2718.71,53.33,124.04,26.81,2015,0.42996506036600124,0.019617034574845874,0.04562471787392951,21.91794375064863,266462.4913208986,13961.240662118482
2015-06-01,2099.29,41.74,94.91,238.64,2.36,2692.99,53.54,121.75,26.5,2015,0.4397850595300812,0.0198829127943257,0.045210523557964837,22.118744073332632,265302.0470071757,13852.093134886898
2015-07-01,2094.14,41.99666666666667,93.49333333333334,238.65,2.32,2686.21,53.87,119.93,26.38,2015,0.4491942384483742,0.020054373951439098,0.04464521633383314,22.39881631488876,265090.7867293768,13840.482726369308
2015-08-01,2039.87,42.25333333333333,92.07666666666668,238.32,2.17,2620.3,54.28,118.28,25.69,2015,0.4588929515259022,0.02071373829378016,0.04513849738790545,22.154038301415483,258663.93232681532,13523.634595468777
2015-09-01,1944.41,42.51,90.66,237.94,2.17,2501.58,54.69,116.64,24.5,2015,0.4688947716743878,0.02186267299592164,0.046625968802875936,21.447275534965808,247005.7018838174,12934.735838750801
2015-10-01,2024.81,42.803333333333335,89.28333333333333,237.84,2.07,2606.19,55.09,114.92,25.49,2015,0.4794101176031361,0.021139432012550974,0.04409467225731468,22.67847675938025,257669.23279056154,13498.817022243511
2015-11-01,2080.62,43.09666666666666,87.90666666666667,237.34,2.26,2683.68,55.59,113.39,26.23,2015,0.49025481571363555,0.02071337710233808,0.042250226695247896,23.66851205824359,265225.30556798156,13923.937420481378
2015-12-01,2054.08,43.39,86.53,236.53,2.24,2658.54,56.16,111.99,25.97,2015,0.5014445856928234,0.021123812120267954,0.04212591525159683,23.738356639315843,262299.9504361914,13817.517365386822
2016-01-01,1918.6,43.553333333333335,86.5,236.92,2.09,2479.09,56.28,111.77,24.21,2016,0.5035067437379577,0.022700580284235033,0.04508495778171584,22.18034682080925,245461.28573911227,12909.19981558897
2016-02-01,1904.42,43.71666666666667,86.47,237.11,1.78,2458.74,56.44,111.64,24.0,2016,0.5055703326780001,0.022955370489002775,0.045404900179582236,22.024054585405345,244111.47184777036,12827.923492148027
2016-03-01,2021.95,43.88,86.44,238.13,1.89,2599.29,56.41,111.12,25.37,2016,0.5076353540027765,0.021701822498083535,0.0427508098617671,23.391369736233226,259643.61966178106,13585.686393926815
2016-04-01,2075.54,44.07333333333334,86.6,239.26,1.81,2655.59,56.39,110.8,25.92,2016,0.5089299461123943,0.02123463452081547,0.04172408144386521,23.966974595842956,266994.80626229284,13904.352110792313
2016-05-01,2065.55,44.266666666666666,86.75999999999999,240.23,1.81,2632.16,56.41,110.56,25.69,2016,0.5102197633317965,0.021430934456520858,0.0420033405146329,23.80763024435224,266182.1668897257,13806.060023502405
2016-06-01,2083.89,44.46,86.92,241.02,1.64,2646.84,56.47,110.4,25.84,2016,0.5115048320294524,0.021335099261477336,0.04171045496643297,23.9748044178555,269020.9736862774,13907.565065683413
2016-07-01,2148.9,44.65,87.64333333333333,240.63,1.5,2733.84,56.8,111.5,26.69,2016,0.5094511847259727,0.02077807250221043,0.04078520793584314,24.51869318830107,277891.7759871918,14389.442416990443
2016-08-01,2170.95,44.84,88.36666666666667,240.85,1.56,2759.35,56.99,112.32,26.95,2016,0.5074311580535646,0.020654552154586704,0.04070414641823473,24.567521689928324,281224.41251921747,14548.707411208014
2016-09-01,2157.69,45.03,89.09,241.43,1.63,2735.92,57.1,112.96,26.73,2016,0.5054439331013582,0.020869541036942284,0.041289527225875824,24.21921652261758,279990.76189534715,14450.08861042963
2016-10-01,2143.02,45.25333333333333,90.91,241.73,1.76,2713.94,57.31,115.13,26.53,2016,0.49778168884977814,0.021116617359302915,0.042421442637026255,23.5729842701573,278574.062025119,14359.131315240076
2016-11-01,2164.99,45.47666666666667,92.73,241.35,2.14,2746.03,57.68,117.62,26.85,2016,0.4904202163988641,0.02100548578361409,0.04283160661250168,23.347244688881695,281920.1837987199,14554.487218280714
2016-12-01,2246.63,45.7,94.55,241.43,2.49,2848.65,57.95,119.89,27.87,2016,0.48334214701216294,0.02034157827501636,0.04208525658430627,23.761290322580646,293044.6522677486,15123.788954380763
2017-01-01,2275.12,45.92666666666667,96.46333333333334,242.84,2.43,2868.06,57.9,121.6,28.06,2017,0.4761049103286223,0.02018648100613008,0.04239922875862959,23.585334669477174,297257.5639890799,15252.138228067599
2017-02-01,2329.91,46.153333333333336,98.37666666666668,243.6,2.42,2927.92,58.0,123.63,28.66,2017,0.46914918849320636,0.01980906272488351,0.04222337629636625,23.683563175549754,304916.242513986,15596.290565370551
2017-03-01,2366.82,46.38,100.29,243.8,2.48,2971.89,58.24,125.93,29.09,2017,0.46245886927909063,0.0195959135041955,0.042373311024919515,23.599760693987438,310250.0108824993,15856.091614421415
2017-04-01,2359.31,46.66,101.53333333333332,244.52,2.3,2953.7,58.42,127.11,28.9,2017,0.459553512803677,0.019776968689998346,0.04303518118998068,23.23680236375575,309772.21312446665,15785.055519102138
2017-05-01,2395.35,46.94,102.77666666666669,244.73,2.3,2996.26,58.72,128.56,29.31,2017,0.4567184510102811,0.019596301166844094,0.04290674292552933,23.306360068757495,315014.7154590637,16038.423383401847
2017-06-01,2433.99,47.22,104.02,244.96,2.19,3041.83,59.01,130.0,29.75,2017,0.4539511632378389,0.019400244043730665,0.04273641222848081,23.399250144203037,320610.72488036286,16308.007968685995
2017-07-01,2454.1,47.53666666666667,105.04,244.79,2.32,3069.08,59.45,131.36,30.0,2017,0.45255775577557755,0.01937030547519118,0.042801841815736937,23.36348057882711,323777.98722727,16480.54953573179
2017-08-01,2456.22,47.85333333333334,106.06,245.52,2.21,3062.56,59.67,132.24,29.91,2017,0.45119114966371243,0.019482511067141113,0.04318017115730676,23.158778050160283,324580.32611076726,16472.266468475726
2017-09-01,2492.84,48.17,107.08,246.82,2.2,3091.85,59.74,132.81,30.17,2017,0.4498505790063504,0.019323342051635883,0.042955023186405865,23.280164363093018,329946.4927219604,16656.402638828407
2017-10-01,2557.0,48.42333333333333,108.01333333333334,246.66,2.36,3173.43,60.1,134.05,30.92,2017,0.4483088507591655,0.018937557032981358,0.0422422109242602,23.673003332921862,338969.8665389358,17123.021718459175
2017-11-01,2593.61,48.67666666666666,108.94666666666666,246.67,2.35,3218.79,60.41,135.21,31.3,2017,0.4467935381226288,0.01876792064599792,0.042005801437635826,23.80623546689512,344358.0262510091,17394.498751723248
2017-12-01,2664.34,48.93,109.88,246.52,2.4,3308.51,60.76,136.45,32.09,2017,0.4453039679650528,0.018364773264673426,0.04124098275745588,24.247724790680746,354287.5427427785,17906.955957224647
2018-01-01,2789.8,49.28666666666666,111.73333333333332,247.87,2.58,3445.54,60.87,138.0,33.31,2018,0.441109785202864,0.017666738356393527,0.04005066074031591,24.968377088305495,371512.64260542474,18675.303694935217
2018-02-01,2705.16,49.64333333333333,113.58666666666666,248.99,2.86,3325.92,61.04,139.65,32.04,2018,0.43705247094729427,0.018351348287470367,0.041988890367544496,23.81582345345698,360788.23759840714,18054.626452773817
2018-03-01,2702.77,50.0,115.44,249.55,2.84,3315.48,61.33,141.61,31.81,2018,0.4331254331254331,0.018499539361469898,0.042711736477761705,23.41276853776854,361021.22825599986,18025.74435612005
2018-04-01,2653.63,50.33,117.78666666666666,250.55,2.87,3242.32,61.5,143.92,30.97,2018,0.42729793977812996,0.018966472341660292,0.04438699693124763,22.529120443740098,355013.9364632219,17655.053475680485
2018-05-01,2701.49,50.66,120.13333333333333,251.59,2.98,3287.12,61.64,146.18,31.24,2018,0.4216981132075472,0.018752614298035528,0.04446928670227664,22.48743063263041,361977.9648385591,17926.96626212666
2018-06-01,2754.35,50.99,122.48,251.99,2.91,3346.11,61.94,148.79,31.63,2018,0.4163128674069236,0.01851253471781001,0.04446784177755188,22.48816133246244,369626.44975969265,18276.69972620251
2018-07-01,2793.64,51.44,125.11666666666667,252.01,2.89,3393.61,62.49,151.99,31.89,2018,0.41113627281204207,0.01841325296029553,0.04478625258324862,22.32828027174637,375469.29021224787,18564.133788518746
2018-08-01,2857.82,51.89,127.75333333333332,252.15,2.89,3469.65,63.0,155.1,32.39,2018,0.4061733549026771,0.018157196744371582,0.044703072038593514,22.36982727130408,384671.3100632423,19008.544609906796
2018-09-01,2901.5,52.34,130.39,252.44,3.0,3518.59,63.47,158.12,32.62,2018,0.40141115116189896,0.018038945373082888,0.04493882474582112,22.252473349183223,391132.8176739948,19305.636619465917
2018-10-01,2785.46,52.81,131.05666666666667,252.88,3.15,3371.91,63.93,158.65,31.04,2018,0.4029554645573162,0.018959166529047267,0.04705027775184949,21.253859653584964,376078.16966785927,18530.267296984843
2018-11-01,2723.23,53.28,131.72333333333333,252.04,3.12,3307.66,64.71,159.99,30.2,2018,0.4044841460637194,0.01956500185441553,0.04837025639895761,20.673861882227904,368270.37951706996,18206.034473824362
2018-12-01,2567.31,53.75,132.39,251.23,2.83,3128.27,65.49,161.32,28.29,2018,0.4059974318301987,0.020936310768859233,0.05156759409654463,19.39202356673465,347785.29486052395,17248.7552201653
2019-01-01,2607.39,54.14666666666667,133.05666666666664,251.71,2.71,3171.06,65.85,161.82,28.38,2019,0.4069444096500239,0.020766615913486924,0.051030596369038256,19.596086880276577,353821.5830056665,17514.66737217673
2019-02-01,2754.86,54.54333333333334,133.7233333333333,252.78,2.68,3336.31,66.06,161.95,29.54,2019,0.40788194530996846,0.019798949250899624,0.04854088169029762,20.60119151481916,374445.4982831608,18457.12045497343
2019-03-01,2803.98,54.94,134.39,254.2,2.57,3376.75,66.16,161.84,29.58,2019,0.40881017932881913,0.019593577700268903,0.047928301913708365,20.864498846640377,381739.7788193784,18711.55642836135
2019-04-01,2903.8,55.31909158059271,134.68333333333334,255.55,2.53,3478.54,66.27,161.34,30.13,2019,0.4107345000415249,0.019050585984087303,0.04638175264595817,21.560202945180052,395952.7891389165,19305.700460461358
2019-05-01,2854.71,55.69818316118541,134.97666666666666,256.09,2.4,3412.47,66.58,161.35,29.24,2019,0.4126504568284796,0.01951097770392979,0.04728209403640533,21.149655496011658,389887.6296805634,18969.892872895547
2019-06-01,2890.17,56.07727474177812,135.27,256.14,2.06,3454.17,67.02,161.67,29.28,2019,0.414558104101265,0.019402759955911977,0.04680347522810077,21.36593479707252,395364.5729541914,19232.617236703467
2019-07-01,2996.1136363636365,56.45818316118542,134.48000000000002,256.57,1.63,3574.81,67.36,160.45,29.99,2019,0.4198258712164293,0.01884380568078464,0.04488481290156188,22.279250716564814,410496.53446390067,19935.24893565188
2019-08-01,2897.498181818182,56.83909158059271,133.69,256.56,1.63,3457.32,67.82,159.52,28.71,2019,0.42515589483575966,0.019616609921365383,0.04613980462141634,21.67326039208753,397629.8735257229,19311.148363464716
2019-09-01,2982.156,57.22,132.9,256.76,1.7,3555.55,68.22,158.45,29.23,2019,0.43054928517682467,0.019187460347480145,0.04456507305452834,22.439097065462754,409897.65951641864,19891.434949270046
2019-10-01,2977.68,57.56,135.09,257.35,1.71,3542.12,68.47,160.7,28.84,2019,0.4260863128284847,0.01933048547862766,0.04536753445635529,22.042194092827003,409937.84076419106,19847.777330179993
2019-11-01,3104.9045,57.900000000000006,137.28,257.21,1.81,3695.44,68.91,163.39,29.84,2019,0.4217657342657343,0.018647916546225496,0.044213920267112884,22.617311334498837,428113.2229404164,20739.048862165506
2019-12-01,3176.7495238095235,58.24,139.47,256.97,1.86,3784.39,69.38,166.15,30.33,2019,0.4175808417580842,0.018333204920153487,0.043903366933616184,22.77729636344392,438684.707826993,21271.01007714649
2020-01-01,3278.2028571428577,58.686867862126704,131.75666666666666,257.97,1.76,3890.16,69.64,156.35,30.99,2020,0.44541858371842064,0.01790214651733776,0.04019173687790028,24.88073613334828,453364.84192544856,21897.607979187847
2020-02-01,3277.3142105263164,59.13373572425341,124.04333333333332,258.68,1.5,3878.47,69.98,146.8,30.73,2020,0.4767183703887358,0.018043352552014506,0.03784908170688118,26.420720263292264,453918.2952942139,21864.164061256786
2020-03-01,2652.3936363636367,59.58060358638012,116.33,258.12,0.87,3145.77,70.66,137.97,24.82,2020,0.5121688608818028,0.022462956768386607,0.043858497624615564,22.80059861053586,368047.35344043234,17766.42656077711
2020-04-01,2761.975238095238,59.61373572425342,110.63,256.39,0.66,3297.79,71.18,132.09,25.93,2020,0.5388568717730581,0.021583732866977217,0.04005466757055164,24.96587940066201,383941.8992375914,18658.74669254023
2020-05-01,2919.615,59.64686786212671,104.93,256.39,0.67,3485.94,71.22,125.28,27.33,2020,0.5684443711248137,0.020429703184196107,0.03593967012773945,27.824406747355376,406545.9615874345,19757.255280546957
2020-06-01,3104.6609090909087,59.68,99.23,257.8,0.73,3686.71,70.87,117.83,28.84,2020,0.6014310188451073,0.01922271119053552,0.03196162251067091,31.287523018148832,433005.07799607347,20928.018897715574
2020-07-01,3207.6190909090906,59.403333333333336,98.89333333333336,259.1,0.62,3789.8,70.18,116.84,29.6,2020,0.600680868275583,0.01851944749352938,0.030830759678919795,32.435139789427225,448058.21761578834,21546.913900010506
2020-08-01,3391.71,59.126666666666665,98.55666666666669,259.92,0.65,3994.7,69.64,116.08,31.16,2020,0.5999255927216152,0.0174327011055387,0.02905810540012757,34.41380593228937,474464.55042644363,22744.799547220253
2020-09-01,3365.5166666666664,58.85,98.22,260.28,0.68,3958.34,69.22,115.52,30.84,2020,0.5991651394827937,0.01748617101881336,0.029184226295120613,34.26508518292269,471489.6451875959,22570.927382193968
2020-10-01,3418.701363636364,58.65961537867005,96.85666666666668,260.39,0.79,4019.23,68.96,113.87,31.28,2020,0.6056332248202159,0.017158449697482696,0.028331420725103442,35.296500295657125,479627.56290362566,22950.802387876556
2020-11-01,3548.992500000001,58.469230757340114,95.49333333333334,260.23,0.87,4174.95,68.78,112.34,32.47,2020,0.6122859964815007,0.016474881464905913,0.0269071668461777,37.164819533649826,498592.59591940296,23872.972928393196
2020-12-01,3695.31,58.27884613601017,94.13,260.47,0.93,4342.99,68.49,110.63,33.77,2020,0.6191314791884647,0.01577103034278861,0.025472829072527067,39.25751620099862,519833.0416559031,24867.046873085394
2021-01-01,3793.748421052632,58.06369311230766,105.48666666666664,261.58,1.08,4439.8,67.95,123.45,34.51,2021,0.55043632477066,0.01530509845884747,0.02780539323095067,35.964245917834475,534363.9334220925,25453.68380778069
2021-02-01,3883.4321052631576,57.84854008860516,116.84333333333332,263.01,1.26,4520.01,67.33,136.0,35.1,2021,0.4950949141751505,0.01489624088192604,0.03008764674293579,33.23623175131793,547677.7634232964,25946.02841053296
2021-03-01,3910.5082608695648,57.63338706490265,128.2,264.88,1.61,4519.51,66.61,148.17,35.04,2021,0.4495584014422984,0.014738080888770948,0.03278346226316183,30.503184562165096,552176.1567153266,25974.45980320511
2021-04-01,4141.176190476191,57.71060542140715,138.38666666666666,267.05,1.64,4747.08,66.15,158.63,36.72,2021,0.4170243189715326,0.01393580054722836,0.03341723710884991,29.924676200569834,585425.3673092681,27314.73535545209
2021-05-01,4167.849500000001,57.787823777911655,148.57333333333332,269.19,1.62,4739.66,65.72,168.96,36.55,2021,0.3889515196395382,0.013865141670281434,0.03564748039326595,28.052473525980446,589875.9554696454,27303.593763333643
2021-06-01,4238.489545454546,57.86504213441615,158.76,271.7,1.52,4775.62,65.2,178.88,36.7,2021,0.3644812429731428,0.013652279075802359,0.03745673978841304,26.69746501294121,600555.204233477,27541.103587593392
2021-07-01,4363.7128571428575,58.32818900579217,164.31666666666666,273.0,1.32,4893.18,65.41,184.25,37.44,2021,0.35497427125951214,0.013366642333103139,0.037655242690338944,26.556726993465002,618981.4478369969,28250.948132047553
2021-08-01,4454.206363636363,58.79133587716819,169.8733333333333,273.57,1.28,4984.36,65.79,190.09,37.97,2021,0.346089257940239,0.013199059737585131,0.03813773306961258,26.22075093385089,632507.1943380818,28808.12823574405
2021-09-01,4445.543333333333,59.254482748544206,175.43,274.31,1.37,4961.19,66.13,195.78,37.62,2021,0.33776710225471246,0.013328963032312707,0.03946199302222526,25.340838701096352,631972.7331520707,28706.136324139847
2021-10-01,4460.707142857143,59.63536092649366,182.91,276.59,1.58,4937.09,66.0,202.44,37.25,2021,0.32603663510192804,0.013369037467968905,0.04100470937503503,24.387442692346742,634830.3626133967,28598.23680596885
2021-11-01,4667.386666666667,60.01623910444312,190.39,277.95,1.56,5140.59,66.1,209.69,38.58,2021,0.3152278959212308,0.012858638760971833,0.040791563587332234,24.514872980023465,664951.4385381808,29808.580407216166
2021-12-01,4674.772727272726,60.397117282392585,197.87,278.8,1.47,5132.95,66.32,217.26,38.3,2021,0.30523635357756396,0.012919797561501651,0.042327191404540825,23.625474944522797,666716.2438258954,29796.57244645142
2022-01-01,4573.8155,60.921402962953294,197.88333333333333,281.15,1.76,4980.19,66.33,215.46,36.94,2022,0.3078652554347846,0.01331960219273237,0.043264389071516626,23.113697464836182,653035.540580109,28941.215847868254
2022-02-01,4435.980526315789,61.44568864351402,197.89666666666665,283.72,1.93,4786.39,66.3,213.53,35.29,2022,0.31049380304627344,0.013851658788625579,0.04461170771437665,22.415640450314754,634080.7278114305,27846.630017377778
2022-03-01,4391.265217391306,61.969974324074734,197.91,287.5,2.13,4675.72,65.98,210.73,34.27,2022,0.3131219964836276,0.014112100102413967,0.04506901546647444,22.18819270067862,628421.0271965276,27235.22086563038
2022-04-01,4391.295999999999,62.65331621604982,196.02666666666664,289.11,2.75,4649.79,66.34,207.57,33.89,2022,0.3196162914027844,0.014267613983673573,0.04463982083345479,22.401523602230988,629164.4607751507,27115.593307939464
2022-05-01,4040.36,63.336658108024906,194.1433333333333,292.3,2.9,4231.55,66.33,203.33,30.67,2022,0.32623658521036825,0.015675993750068038,0.04805099875588643,20.81122194941882,579632.0396978231,24708.228582397795
2022-06-01,3898.946666666668,64.02,192.26,296.31,3.14,4028.12,66.14,198.63,29.05,2022,0.33298658067200665,0.01641981937001788,0.04931075401561445,20.279551995561576,560102.0054566745,23552.600276704008
2022-07-01,3911.729499999999,64.4527684478357,190.5833333333333,296.28,2.9,4041.8,66.6,196.92,29.0,2022,0.3381868042737335,0.016476795864293712,0.04872098986735492,20.525034543069523,562704.7173304443,23664.44166983035
2022-08-01,4158.5630434782615,64.8855368956714,188.90666666666664,296.17,2.9,4298.36,67.07,195.26,30.7,2022,0.343479338451112,0.015602874410532085,0.045425947542847234,22.013850103110506,598984.50671299,25199.53727130991
2022-09-01,3850.520476190475,65.31830534350709,187.23,296.81,3.52,3971.42,67.37,193.11,28.23,2022,0.34886666316032205,0.01696350032350171,0.04862459533918297,20.565723848691317,555393.9834058486,23315.282615939064
2022-10-01,3726.050952380952,65.85220356233806,182.4033333333333,298.01,3.98,3827.52,67.65,187.37,27.08,2022,0.36102522009286053,0.017673457610733533,0.04895352631095324,20.427537612877792,538225.7826650753,22503.584617988785
2022-11-01,3917.488571428571,66.38610178116903,177.57666666666665,297.71,3.89,4028.24,68.26,182.6,28.38,2022,0.37384473437483734,0.01694608690510113,0.04532921115884983,22.060829527688913,566671.5222738144,23716.795430223134
2022-12-01,3912.380952380953,66.92,172.75,296.8,3.62,4035.38,69.02,178.18,28.32,2022,0.38738060781476125,0.01710467380720545,0.04415469814995131,22.647646612914347,566732.9350507892,23792.090197886904
2023-01-01,3960.6565,67.35,173.55666666666667,299.17,3.53,4052.77,68.92,177.59,28.33,2023,0.3880576948931184,0.017004756660922247,0.04382017644465423,22.820537960704478,574533.7662665105,23928.5046217225
2023-02-01,4079.684736842105,67.78,174.36333333333332,300.84,3.75,4151.39,68.97,177.43,28.92,2023,0.38872851708119066,0.01661402887039388,0.042739413601919615,23.397606932891694,592614.1809573901,24544.517666297972
2023-03-01,3968.559130434783,68.21,175.17,301.67,3.66,4027.13,69.22,177.76,27.95,2023,0.38939316092938286,0.01718759825874816,0.04413944563824828,22.655472571985975,577292.5735724174,23844.152440455866
2023-04-01,4121.467368421053,68.37666666666667,177.17,303.36,3.46,4159.03,69.0,178.78,28.76,2023,0.38593817613967757,0.016590369534543223,0.04298711700533841,23.262783588762506,600362.4622705609,24658.874867784773
2023-05-01,4146.173181818183,68.54333333333332,179.17,304.13,3.57,4173.45,68.99,180.35,28.76,2023,0.3825603244590798,0.0165317101644258,0.04321334207304631,23.141001182219032,604791.3076295813,24777.890024215252
2023-06-01,4345.372857142857,68.71,181.17,305.11,3.75,4359.88,68.94,181.77,29.94,2023,0.37925705138819893,0.01581222193328141,0.04169262476571959,23.985057444073842,634681.2232298544,25918.94084574083
